source_row,target_row,kind
0,329,maximum_spanning_forest
1,135,maximum_spanning_forest
1,215,maximum_spanning_forest
1,707,maximum_spanning_forest
2,59,maximum_spanning_forest
2,796,maximum_spanning_forest
2,821,maximum_spanning_forest
2,855,maximum_spanning_forest
3,38,maximum_spanning_forest
3,911,maximum_spanning_forest
4,274,maximum_spanning_forest
4,1318,maximum_spanning_forest
4,1336,maximum_spanning_forest
5,17,maximum_spanning_forest
6,1470,maximum_spanning_forest
7,84,maximum_spanning_forest
7,336,maximum_spanning_forest
8,116,maximum_spanning_forest
8,659,maximum_spanning_forest
8,836,maximum_spanning_forest
9,179,maximum_spanning_forest
10,284,maximum_spanning_forest
10,477,maximum_spanning_forest
10,762,maximum_spanning_forest
10,1012,maximum_spanning_forest
11,272,maximum_spanning_forest
12,743,maximum_spanning_forest
12,1340,maximum_spanning_forest
13,694,maximum_spanning_forest
14,943,maximum_spanning_forest
14,3219,maximum_spanning_forest
15,38,maximum_spanning_forest
16,929,maximum_spanning_forest
17,47,maximum_spanning_forest
17,694,maximum_spanning_forest
18,412,maximum_spanning_forest
18,416,maximum_spanning_forest
19,147,maximum_spanning_forest
19,1254,maximum_spanning_forest
20,460,maximum_spanning_forest
20,885,maximum_spanning_forest
21,276,maximum_spanning_forest
21,869,maximum_spanning_forest
22,357,maximum_spanning_forest
22,548,maximum_spanning_forest
23,165,maximum_spanning_forest
23,258,maximum_spanning_forest
23,680,maximum_spanning_forest
24,286,maximum_spanning_forest
25,213,maximum_spanning_forest
26,108,maximum_spanning_forest
27,45,maximum_spanning_forest
27,469,maximum_spanning_forest
27,866,maximum_spanning_forest
28,173,maximum_spanning_forest
29,354,maximum_spanning_forest
29,868,maximum_spanning_forest
30,891,maximum_spanning_forest
30,926,maximum_spanning_forest
31,184,maximum_spanning_forest
31,774,maximum_spanning_forest
31,1014,maximum_spanning_forest
31,1017,maximum_spanning_forest
32,388,maximum_spanning_forest
32,909,maximum_spanning_forest
32,982,maximum_spanning_forest
33,2680,maximum_spanning_forest
34,79,maximum_spanning_forest
34,388,maximum_spanning_forest
35,143,maximum_spanning_forest
35,281,maximum_spanning_forest
35,445,maximum_spanning_forest
36,44,maximum_spanning_forest
37,216,maximum_spanning_forest
39,279,maximum_spanning_forest
39,819,maximum_spanning_forest
39,849,maximum_spanning_forest
40,165,maximum_spanning_forest
41,132,maximum_spanning_forest
42,484,maximum_spanning_forest
43,926,maximum_spanning_forest
44,118,maximum_spanning_forest
44,181,maximum_spanning_forest
44,466,maximum_spanning_forest
45,140,maximum_spanning_forest
45,240,maximum_spanning_forest
46,554,maximum_spanning_forest
48,110,maximum_spanning_forest
48,648,maximum_spanning_forest
48,693,maximum_spanning_forest
49,282,maximum_spanning_forest
50,172,maximum_spanning_forest
50,823,maximum_spanning_forest
50,1318,maximum_spanning_forest
51,979,maximum_spanning_forest
51,1425,maximum_spanning_forest
51,1503,maximum_spanning_forest
52,170,maximum_spanning_forest
52,663,maximum_spanning_forest
52,1009,maximum_spanning_forest
52,1010,maximum_spanning_forest
53,89,maximum_spanning_forest
53,134,maximum_spanning_forest
53,137,maximum_spanning_forest
53,769,maximum_spanning_forest
54,69,maximum_spanning_forest
54,177,maximum_spanning_forest
54,263,maximum_spanning_forest
55,142,maximum_spanning_forest
55,981,maximum_spanning_forest
56,814,maximum_spanning_forest
56,815,maximum_spanning_forest
56,1331,maximum_spanning_forest
57,1010,maximum_spanning_forest
58,75,maximum_spanning_forest
58,710,maximum_spanning_forest
59,208,maximum_spanning_forest
59,1328,maximum_spanning_forest
60,73,maximum_spanning_forest
61,318,maximum_spanning_forest
61,492,maximum_spanning_forest
61,684,maximum_spanning_forest
61,879,maximum_spanning_forest
62,1313,maximum_spanning_forest
63,191,maximum_spanning_forest
64,562,maximum_spanning_forest
64,683,maximum_spanning_forest
65,131,maximum_spanning_forest
65,266,maximum_spanning_forest
65,485,maximum_spanning_forest
66,854,maximum_spanning_forest
66,866,maximum_spanning_forest
66,946,maximum_spanning_forest
67,187,maximum_spanning_forest
68,913,maximum_spanning_forest
68,975,maximum_spanning_forest
69,392,maximum_spanning_forest
70,311,maximum_spanning_forest
70,753,maximum_spanning_forest
70,1253,maximum_spanning_forest
71,243,maximum_spanning_forest
71,465,maximum_spanning_forest
72,83,maximum_spanning_forest
72,179,maximum_spanning_forest
72,203,maximum_spanning_forest
72,277,maximum_spanning_forest
72,696,maximum_spanning_forest
73,814,maximum_spanning_forest
73,947,maximum_spanning_forest
74,396,maximum_spanning_forest
74,844,maximum_spanning_forest
76,198,maximum_spanning_forest
76,482,maximum_spanning_forest
77,266,maximum_spanning_forest
77,976,maximum_spanning_forest
78,81,maximum_spanning_forest
78,271,maximum_spanning_forest
79,340,maximum_spanning_forest
80,1425,maximum_spanning_forest
80,1514,maximum_spanning_forest
81,1019,maximum_spanning_forest
82,783,maximum_spanning_forest
82,2739,maximum_spanning_forest
83,707,maximum_spanning_forest
83,856,maximum_spanning_forest
84,391,maximum_spanning_forest
85,88,maximum_spanning_forest
85,300,maximum_spanning_forest
85,526,maximum_spanning_forest
85,809,maximum_spanning_forest
85,1255,maximum_spanning_forest
86,678,maximum_spanning_forest
86,878,maximum_spanning_forest
87,678,maximum_spanning_forest
89,270,maximum_spanning_forest
89,548,maximum_spanning_forest
89,554,maximum_spanning_forest
89,761,maximum_spanning_forest
90,117,maximum_spanning_forest
90,550,maximum_spanning_forest
91,561,maximum_spanning_forest
92,875,maximum_spanning_forest
92,2690,maximum_spanning_forest
92,2698,maximum_spanning_forest
93,216,maximum_spanning_forest
93,237,maximum_spanning_forest
93,286,maximum_spanning_forest
93,843,maximum_spanning_forest
94,1370,maximum_spanning_forest
94,1371,maximum_spanning_forest
94,1525,maximum_spanning_forest
95,487,maximum_spanning_forest
96,279,maximum_spanning_forest
96,736,maximum_spanning_forest
96,908,maximum_spanning_forest
96,928,maximum_spanning_forest
97,274,maximum_spanning_forest
98,478,maximum_spanning_forest
99,178,maximum_spanning_forest
99,356,maximum_spanning_forest
100,481,maximum_spanning_forest
100,845,maximum_spanning_forest
100,3285,maximum_spanning_forest
101,693,maximum_spanning_forest
102,692,maximum_spanning_forest
102,783,maximum_spanning_forest
103,552,maximum_spanning_forest
103,742,maximum_spanning_forest
104,179,maximum_spanning_forest
104,880,maximum_spanning_forest
105,108,maximum_spanning_forest
105,264,maximum_spanning_forest
105,771,maximum_spanning_forest
105,978,maximum_spanning_forest
106,2568,maximum_spanning_forest
107,110,maximum_spanning_forest
108,182,maximum_spanning_forest
108,694,maximum_spanning_forest
108,765,maximum_spanning_forest
109,773,maximum_spanning_forest
110,202,maximum_spanning_forest
110,866,maximum_spanning_forest
111,187,maximum_spanning_forest
111,444,maximum_spanning_forest
112,355,maximum_spanning_forest
112,565,maximum_spanning_forest
112,761,maximum_spanning_forest
113,695,maximum_spanning_forest
114,417,maximum_spanning_forest
114,1536,maximum_spanning_forest
115,311,maximum_spanning_forest
115,464,maximum_spanning_forest
115,1261,maximum_spanning_forest
117,778,maximum_spanning_forest
117,877,maximum_spanning_forest
119,1320,maximum_spanning_forest
119,3928,maximum_spanning_forest
120,471,maximum_spanning_forest
120,873,maximum_spanning_forest
121,689,maximum_spanning_forest
121,3835,maximum_spanning_forest
122,382,maximum_spanning_forest
122,1269,maximum_spanning_forest
123,293,maximum_spanning_forest
123,307,maximum_spanning_forest
124,155,maximum_spanning_forest
124,195,maximum_spanning_forest
124,222,maximum_spanning_forest
125,126,maximum_spanning_forest
125,127,maximum_spanning_forest
125,191,maximum_spanning_forest
126,369,maximum_spanning_forest
127,154,maximum_spanning_forest
128,129,maximum_spanning_forest
128,153,maximum_spanning_forest
129,130,maximum_spanning_forest
129,154,maximum_spanning_forest
129,824,maximum_spanning_forest
131,662,maximum_spanning_forest
132,165,maximum_spanning_forest
132,276,maximum_spanning_forest
132,710,maximum_spanning_forest
133,789,maximum_spanning_forest
134,708,maximum_spanning_forest
135,278,maximum_spanning_forest
135,1018,maximum_spanning_forest
136,168,maximum_spanning_forest
136,806,maximum_spanning_forest
137,470,maximum_spanning_forest
138,492,maximum_spanning_forest
138,787,maximum_spanning_forest
139,988,maximum_spanning_forest
140,206,maximum_spanning_forest
141,285,maximum_spanning_forest
142,401,maximum_spanning_forest
142,678,maximum_spanning_forest
143,452,maximum_spanning_forest
144,233,maximum_spanning_forest
144,267,maximum_spanning_forest
145,185,maximum_spanning_forest
145,361,maximum_spanning_forest
146,172,maximum_spanning_forest
146,3285,maximum_spanning_forest
148,794,maximum_spanning_forest
149,495,maximum_spanning_forest
149,759,maximum_spanning_forest
150,475,maximum_spanning_forest
150,689,maximum_spanning_forest
150,1262,maximum_spanning_forest
151,556,maximum_spanning_forest
152,758,maximum_spanning_forest
152,850,maximum_spanning_forest
155,156,maximum_spanning_forest
157,247,maximum_spanning_forest
157,322,maximum_spanning_forest
158,345,maximum_spanning_forest
158,379,maximum_spanning_forest
159,295,maximum_spanning_forest
159,320,maximum_spanning_forest
160,162,maximum_spanning_forest
161,287,maximum_spanning_forest
161,323,maximum_spanning_forest
162,344,maximum_spanning_forest
162,408,maximum_spanning_forest
163,213,maximum_spanning_forest
164,707,maximum_spanning_forest
165,477,maximum_spanning_forest
166,848,maximum_spanning_forest
166,3291,maximum_spanning_forest
167,842,maximum_spanning_forest
167,967,maximum_spanning_forest
167,1258,maximum_spanning_forest
167,3929,maximum_spanning_forest
168,1321,maximum_spanning_forest
168,3591,maximum_spanning_forest
169,205,maximum_spanning_forest
169,988,maximum_spanning_forest
170,285,maximum_spanning_forest
170,799,maximum_spanning_forest
170,1319,maximum_spanning_forest
171,198,maximum_spanning_forest
171,217,maximum_spanning_forest
172,200,maximum_spanning_forest
173,266,maximum_spanning_forest
173,331,maximum_spanning_forest
173,814,maximum_spanning_forest
173,859,maximum_spanning_forest
174,1558,maximum_spanning_forest
175,693,maximum_spanning_forest
176,825,maximum_spanning_forest
177,201,maximum_spanning_forest
178,837,maximum_spanning_forest
179,558,maximum_spanning_forest
180,463,maximum_spanning_forest
182,399,maximum_spanning_forest
183,314,maximum_spanning_forest
184,487,maximum_spanning_forest
184,3291,maximum_spanning_forest
185,489,maximum_spanning_forest
185,691,maximum_spanning_forest
186,218,maximum_spanning_forest
186,356,maximum_spanning_forest
187,930,maximum_spanning_forest
188,320,maximum_spanning_forest
189,193,maximum_spanning_forest
189,324,maximum_spanning_forest
189,3597,maximum_spanning_forest
190,320,maximum_spanning_forest
190,327,maximum_spanning_forest
190,386,maximum_spanning_forest
191,553,maximum_spanning_forest
191,836,maximum_spanning_forest
192,194,maximum_spanning_forest
193,195,maximum_spanning_forest
194,292,maximum_spanning_forest
194,306,maximum_spanning_forest
194,368,maximum_spanning_forest
194,381,maximum_spanning_forest
196,229,maximum_spanning_forest
196,289,maximum_spanning_forest
196,405,maximum_spanning_forest
197,222,maximum_spanning_forest
198,973,maximum_spanning_forest
199,662,maximum_spanning_forest
200,329,maximum_spanning_forest
200,690,maximum_spanning_forest
202,265,maximum_spanning_forest
202,272,maximum_spanning_forest
203,2597,maximum_spanning_forest
204,808,maximum_spanning_forest
204,1328,maximum_spanning_forest
205,239,maximum_spanning_forest
205,267,maximum_spanning_forest
206,478,maximum_spanning_forest
207,261,maximum_spanning_forest
207,459,maximum_spanning_forest
209,277,maximum_spanning_forest
209,775,maximum_spanning_forest
209,1319,maximum_spanning_forest
210,1427,maximum_spanning_forest
210,1584,maximum_spanning_forest
211,449,maximum_spanning_forest
212,691,maximum_spanning_forest
213,981,maximum_spanning_forest
214,361,maximum_spanning_forest
215,839,maximum_spanning_forest
216,811,maximum_spanning_forest
217,358,maximum_spanning_forest
219,567,maximum_spanning_forest
219,989,maximum_spanning_forest
220,860,maximum_spanning_forest
220,870,maximum_spanning_forest
220,3292,maximum_spanning_forest
221,1019,maximum_spanning_forest
223,225,maximum_spanning_forest
224,346,maximum_spanning_forest
224,1377,maximum_spanning_forest
225,1381,maximum_spanning_forest
226,384,maximum_spanning_forest
227,249,maximum_spanning_forest
227,322,maximum_spanning_forest
227,380,maximum_spanning_forest
228,250,maximum_spanning_forest
229,253,maximum_spanning_forest
229,320,maximum_spanning_forest
229,1434,maximum_spanning_forest
230,348,maximum_spanning_forest
231,327,maximum_spanning_forest
232,330,maximum_spanning_forest
232,494,maximum_spanning_forest
232,564,maximum_spanning_forest
233,341,maximum_spanning_forest
233,393,maximum_spanning_forest
233,958,maximum_spanning_forest
234,1313,maximum_spanning_forest
235,417,maximum_spanning_forest
235,434,maximum_spanning_forest
236,260,maximum_spanning_forest
236,396,maximum_spanning_forest
237,400,maximum_spanning_forest
237,659,maximum_spanning_forest
238,1315,maximum_spanning_forest
239,552,maximum_spanning_forest
239,872,maximum_spanning_forest
240,768,maximum_spanning_forest
241,242,maximum_spanning_forest
241,556,maximum_spanning_forest
241,695,maximum_spanning_forest
241,756,maximum_spanning_forest
242,757,maximum_spanning_forest
243,1322,maximum_spanning_forest
244,824,maximum_spanning_forest
245,382,maximum_spanning_forest
246,247,maximum_spanning_forest
246,288,maximum_spanning_forest
247,248,maximum_spanning_forest
247,320,maximum_spanning_forest
249,250,maximum_spanning_forest
249,1274,maximum_spanning_forest
250,325,maximum_spanning_forest
250,404,maximum_spanning_forest
251,252,maximum_spanning_forest
251,405,maximum_spanning_forest
253,308,maximum_spanning_forest
254,290,maximum_spanning_forest
255,894,maximum_spanning_forest
256,782,maximum_spanning_forest
256,3926,maximum_spanning_forest
257,691,maximum_spanning_forest
258,891,maximum_spanning_forest
259,332,maximum_spanning_forest
259,785,maximum_spanning_forest
260,682,maximum_spanning_forest
260,866,maximum_spanning_forest
260,1332,maximum_spanning_forest
261,711,maximum_spanning_forest
261,801,maximum_spanning_forest
261,879,maximum_spanning_forest
261,925,maximum_spanning_forest
262,967,maximum_spanning_forest
263,679,maximum_spanning_forest
263,826,maximum_spanning_forest
264,3595,maximum_spanning_forest
265,760,maximum_spanning_forest
268,834,maximum_spanning_forest
268,979,maximum_spanning_forest
268,1646,maximum_spanning_forest
269,708,maximum_spanning_forest
269,984,maximum_spanning_forest
270,830,maximum_spanning_forest
273,398,maximum_spanning_forest
275,565,maximum_spanning_forest
278,392,maximum_spanning_forest
280,473,maximum_spanning_forest
282,742,maximum_spanning_forest
282,1018,maximum_spanning_forest
282,2524,maximum_spanning_forest
283,342,maximum_spanning_forest
284,333,maximum_spanning_forest
285,776,maximum_spanning_forest
285,1016,maximum_spanning_forest
286,822,maximum_spanning_forest
286,909,maximum_spanning_forest
287,386,maximum_spanning_forest
289,304,maximum_spanning_forest
289,306,maximum_spanning_forest
290,295,maximum_spanning_forest
291,367,maximum_spanning_forest
291,415,maximum_spanning_forest
292,366,maximum_spanning_forest
293,370,maximum_spanning_forest
293,379,maximum_spanning_forest
293,406,maximum_spanning_forest
294,303,maximum_spanning_forest
294,1395,maximum_spanning_forest
295,303,maximum_spanning_forest
296,549,maximum_spanning_forest
296,763,maximum_spanning_forest
297,552,maximum_spanning_forest
297,807,maximum_spanning_forest
298,676,maximum_spanning_forest
298,1020,maximum_spanning_forest
299,694,maximum_spanning_forest
300,472,maximum_spanning_forest
300,791,maximum_spanning_forest
300,860,maximum_spanning_forest
300,990,maximum_spanning_forest
301,325,maximum_spanning_forest
301,326,maximum_spanning_forest
302,321,maximum_spanning_forest
302,343,maximum_spanning_forest
305,569,maximum_spanning_forest
306,378,maximum_spanning_forest
309,436,maximum_spanning_forest
309,1651,maximum_spanning_forest
310,459,maximum_spanning_forest
311,1336,maximum_spanning_forest
312,463,maximum_spanning_forest
312,781,maximum_spanning_forest
312,831,maximum_spanning_forest
312,1023,maximum_spanning_forest
313,928,maximum_spanning_forest
314,788,maximum_spanning_forest
314,987,maximum_spanning_forest
315,402,maximum_spanning_forest
315,430,maximum_spanning_forest
316,1716,maximum_spanning_forest
317,795,maximum_spanning_forest
317,1018,maximum_spanning_forest
319,384,maximum_spanning_forest
324,569,maximum_spanning_forest
328,489,maximum_spanning_forest
328,925,maximum_spanning_forest
330,484,maximum_spanning_forest
332,752,maximum_spanning_forest
332,1262,maximum_spanning_forest
333,818,maximum_spanning_forest
333,840,maximum_spanning_forest
334,760,maximum_spanning_forest
335,387,maximum_spanning_forest
335,434,maximum_spanning_forest
335,445,maximum_spanning_forest
337,778,maximum_spanning_forest
337,861,maximum_spanning_forest
338,908,maximum_spanning_forest
338,1329,maximum_spanning_forest
339,769,maximum_spanning_forest
340,486,maximum_spanning_forest
340,865,maximum_spanning_forest
341,561,maximum_spanning_forest
341,800,maximum_spanning_forest
342,830,maximum_spanning_forest
342,890,maximum_spanning_forest
343,347,maximum_spanning_forest
343,1269,maximum_spanning_forest
343,1345,maximum_spanning_forest
344,1346,maximum_spanning_forest
345,347,maximum_spanning_forest
346,380,maximum_spanning_forest
347,350,maximum_spanning_forest
347,352,maximum_spanning_forest
348,1400,maximum_spanning_forest
349,350,maximum_spanning_forest
350,351,maximum_spanning_forest
353,788,maximum_spanning_forest
354,2665,maximum_spanning_forest
355,788,maximum_spanning_forest
355,930,maximum_spanning_forest
356,1330,maximum_spanning_forest
358,693,maximum_spanning_forest
358,798,maximum_spanning_forest
359,402,maximum_spanning_forest
359,412,maximum_spanning_forest
359,557,maximum_spanning_forest
360,391,maximum_spanning_forest
360,687,maximum_spanning_forest
362,363,maximum_spanning_forest
362,367,maximum_spanning_forest
363,366,maximum_spanning_forest
364,365,maximum_spanning_forest
364,1346,maximum_spanning_forest
365,385,maximum_spanning_forest
367,384,maximum_spanning_forest
368,371,maximum_spanning_forest
369,371,maximum_spanning_forest
370,824,maximum_spanning_forest
372,1260,maximum_spanning_forest
373,1022,maximum_spanning_forest
374,548,maximum_spanning_forest
375,907,maximum_spanning_forest
376,691,maximum_spanning_forest
377,390,maximum_spanning_forest
377,434,maximum_spanning_forest
377,439,maximum_spanning_forest
378,720,maximum_spanning_forest
383,384,maximum_spanning_forest
384,385,maximum_spanning_forest
387,1370,maximum_spanning_forest
387,1658,maximum_spanning_forest
388,1314,maximum_spanning_forest
389,439,maximum_spanning_forest
391,1716,maximum_spanning_forest
394,829,maximum_spanning_forest
395,457,maximum_spanning_forest
395,1672,maximum_spanning_forest
397,488,maximum_spanning_forest
397,1006,maximum_spanning_forest
398,1334,maximum_spanning_forest
398,1454,maximum_spanning_forest
402,422,maximum_spanning_forest
402,1020,maximum_spanning_forest
403,953,maximum_spanning_forest
407,1020,maximum_spanning_forest
408,409,maximum_spanning_forest
410,413,maximum_spanning_forest
410,417,maximum_spanning_forest
411,421,maximum_spanning_forest
411,446,maximum_spanning_forest
411,964,maximum_spanning_forest
414,431,maximum_spanning_forest
414,443,maximum_spanning_forest
418,419,maximum_spanning_forest
418,435,maximum_spanning_forest
418,438,maximum_spanning_forest
419,420,maximum_spanning_forest
421,1020,maximum_spanning_forest
422,1675,maximum_spanning_forest
423,726,maximum_spanning_forest
424,425,maximum_spanning_forest
424,437,maximum_spanning_forest
424,729,maximum_spanning_forest
424,748,maximum_spanning_forest
425,733,maximum_spanning_forest
426,730,maximum_spanning_forest
426,3312,maximum_spanning_forest
427,430,maximum_spanning_forest
428,447,maximum_spanning_forest
428,3318,maximum_spanning_forest
429,447,maximum_spanning_forest
431,449,maximum_spanning_forest
431,744,maximum_spanning_forest
432,449,maximum_spanning_forest
433,452,maximum_spanning_forest
433,1676,maximum_spanning_forest
435,448,maximum_spanning_forest
435,450,maximum_spanning_forest
437,441,maximum_spanning_forest
438,442,maximum_spanning_forest
439,446,maximum_spanning_forest
440,442,maximum_spanning_forest
441,442,maximum_spanning_forest
441,447,maximum_spanning_forest
443,447,maximum_spanning_forest
443,451,maximum_spanning_forest
444,776,maximum_spanning_forest
444,1324,maximum_spanning_forest
446,447,maximum_spanning_forest
448,754,maximum_spanning_forest
453,835,maximum_spanning_forest
453,845,maximum_spanning_forest
454,947,maximum_spanning_forest
455,781,maximum_spanning_forest
455,787,maximum_spanning_forest
455,1456,maximum_spanning_forest
456,798,maximum_spanning_forest
456,850,maximum_spanning_forest
457,979,maximum_spanning_forest
457,1435,maximum_spanning_forest
457,1678,maximum_spanning_forest
458,1014,maximum_spanning_forest
460,893,maximum_spanning_forest
461,549,maximum_spanning_forest
461,3929,maximum_spanning_forest
462,3726,maximum_spanning_forest
465,814,maximum_spanning_forest
466,758,maximum_spanning_forest
467,786,maximum_spanning_forest
467,1024,maximum_spanning_forest
468,675,maximum_spanning_forest
468,685,maximum_spanning_forest
468,2113,maximum_spanning_forest
469,813,maximum_spanning_forest
470,710,maximum_spanning_forest
471,895,maximum_spanning_forest
472,874,maximum_spanning_forest
473,885,maximum_spanning_forest
473,3512,maximum_spanning_forest
474,876,maximum_spanning_forest
474,967,maximum_spanning_forest
475,981,maximum_spanning_forest
476,834,maximum_spanning_forest
476,1299,maximum_spanning_forest
476,1687,maximum_spanning_forest
478,911,maximum_spanning_forest
479,2668,maximum_spanning_forest
480,978,maximum_spanning_forest
481,1015,maximum_spanning_forest
483,590,maximum_spanning_forest
483,3929,maximum_spanning_forest
487,1313,maximum_spanning_forest
488,708,maximum_spanning_forest
490,925,maximum_spanning_forest
491,871,maximum_spanning_forest
491,1032,maximum_spanning_forest
493,1100,maximum_spanning_forest
494,928,maximum_spanning_forest
496,497,maximum_spanning_forest
496,499,maximum_spanning_forest
496,517,maximum_spanning_forest
496,633,maximum_spanning_forest
496,1977,maximum_spanning_forest
498,499,maximum_spanning_forest
499,588,maximum_spanning_forest
499,609,maximum_spanning_forest
499,625,maximum_spanning_forest
500,505,maximum_spanning_forest
500,616,maximum_spanning_forest
500,2201,maximum_spanning_forest
501,506,maximum_spanning_forest
501,577,maximum_spanning_forest
501,1349,maximum_spanning_forest
502,2219,maximum_spanning_forest
503,697,maximum_spanning_forest
503,1387,maximum_spanning_forest
504,546,maximum_spanning_forest
504,608,maximum_spanning_forest
504,1300,maximum_spanning_forest
504,2244,maximum_spanning_forest
506,1978,maximum_spanning_forest
507,1989,maximum_spanning_forest
508,510,maximum_spanning_forest
509,2011,maximum_spanning_forest
510,1282,maximum_spanning_forest
510,2022,maximum_spanning_forest
511,588,maximum_spanning_forest
511,595,maximum_spanning_forest
511,1417,maximum_spanning_forest
512,535,maximum_spanning_forest
512,574,maximum_spanning_forest
513,578,maximum_spanning_forest
513,603,maximum_spanning_forest
514,2066,maximum_spanning_forest
515,877,maximum_spanning_forest
516,592,maximum_spanning_forest
516,2077,maximum_spanning_forest
517,2089,maximum_spanning_forest
518,610,maximum_spanning_forest
518,642,maximum_spanning_forest
518,1417,maximum_spanning_forest
519,520,maximum_spanning_forest
519,523,maximum_spanning_forest
519,581,maximum_spanning_forest
520,527,maximum_spanning_forest
521,522,maximum_spanning_forest
521,525,maximum_spanning_forest
521,580,maximum_spanning_forest
523,632,maximum_spanning_forest
524,525,maximum_spanning_forest
527,528,maximum_spanning_forest
527,584,maximum_spanning_forest
527,620,maximum_spanning_forest
527,2188,maximum_spanning_forest
528,628,maximum_spanning_forest
528,2191,maximum_spanning_forest
529,531,maximum_spanning_forest
529,581,maximum_spanning_forest
529,2192,maximum_spanning_forest
530,531,maximum_spanning_forest
530,627,maximum_spanning_forest
532,582,maximum_spanning_forest
532,628,maximum_spanning_forest
533,614,maximum_spanning_forest
534,2197,maximum_spanning_forest
535,2198,maximum_spanning_forest
536,1289,maximum_spanning_forest
536,2199,maximum_spanning_forest
537,540,maximum_spanning_forest
537,641,maximum_spanning_forest
537,655,maximum_spanning_forest
538,544,maximum_spanning_forest
539,568,maximum_spanning_forest
539,2203,maximum_spanning_forest
540,541,maximum_spanning_forest
541,653,maximum_spanning_forest
541,2205,maximum_spanning_forest
542,568,maximum_spanning_forest
542,571,maximum_spanning_forest
543,1349,maximum_spanning_forest
544,609,maximum_spanning_forest
545,1289,maximum_spanning_forest
546,651,maximum_spanning_forest
547,1317,maximum_spanning_forest
547,1337,maximum_spanning_forest
547,1451,maximum_spanning_forest
549,896,maximum_spanning_forest
551,661,maximum_spanning_forest
551,683,maximum_spanning_forest
552,797,maximum_spanning_forest
555,827,maximum_spanning_forest
555,841,maximum_spanning_forest
556,693,maximum_spanning_forest
559,723,maximum_spanning_forest
559,2684,maximum_spanning_forest
560,989,maximum_spanning_forest
563,590,maximum_spanning_forest
564,1007,maximum_spanning_forest
566,719,maximum_spanning_forest
569,2213,maximum_spanning_forest
570,2214,maximum_spanning_forest
571,2215,maximum_spanning_forest
572,586,maximum_spanning_forest
572,2216,maximum_spanning_forest
573,1386,maximum_spanning_forest
573,2217,maximum_spanning_forest
574,1361,maximum_spanning_forest
574,2218,maximum_spanning_forest
575,600,maximum_spanning_forest
576,2221,maximum_spanning_forest
577,1353,maximum_spanning_forest
579,592,maximum_spanning_forest
580,581,maximum_spanning_forest
582,594,maximum_spanning_forest
583,585,maximum_spanning_forest
583,638,maximum_spanning_forest
584,2229,maximum_spanning_forest
586,589,maximum_spanning_forest
586,2231,maximum_spanning_forest
587,2232,maximum_spanning_forest
588,700,maximum_spanning_forest
588,2234,maximum_spanning_forest
589,613,maximum_spanning_forest
591,1253,maximum_spanning_forest
592,1295,maximum_spanning_forest
593,2238,maximum_spanning_forest
594,597,maximum_spanning_forest
594,599,maximum_spanning_forest
596,597,maximum_spanning_forest
597,600,maximum_spanning_forest
597,658,maximum_spanning_forest
598,602,maximum_spanning_forest
598,606,maximum_spanning_forest
599,2246,maximum_spanning_forest
601,603,maximum_spanning_forest
601,1289,maximum_spanning_forest
603,645,maximum_spanning_forest
604,605,maximum_spanning_forest
604,2251,maximum_spanning_forest
605,1423,maximum_spanning_forest
606,2253,maximum_spanning_forest
607,2254,maximum_spanning_forest
610,612,maximum_spanning_forest
610,2258,maximum_spanning_forest
611,2259,maximum_spanning_forest
613,615,maximum_spanning_forest
613,1361,maximum_spanning_forest
614,1361,maximum_spanning_forest
617,624,maximum_spanning_forest
618,619,maximum_spanning_forest
618,623,maximum_spanning_forest
620,1981,maximum_spanning_forest
621,1982,maximum_spanning_forest
622,623,maximum_spanning_forest
622,1983,maximum_spanning_forest
624,632,maximum_spanning_forest
626,627,maximum_spanning_forest
626,634,maximum_spanning_forest
628,1990,maximum_spanning_forest
629,1991,maximum_spanning_forest
630,631,maximum_spanning_forest
631,1993,maximum_spanning_forest
634,635,maximum_spanning_forest
636,1998,maximum_spanning_forest
637,639,maximum_spanning_forest
637,640,maximum_spanning_forest
637,1999,maximum_spanning_forest
638,639,maximum_spanning_forest
641,2004,maximum_spanning_forest
642,643,maximum_spanning_forest
642,2005,maximum_spanning_forest
644,877,maximum_spanning_forest
644,1014,maximum_spanning_forest
644,1330,maximum_spanning_forest
645,646,maximum_spanning_forest
645,2007,maximum_spanning_forest
646,665,maximum_spanning_forest
647,649,maximum_spanning_forest
647,2009,maximum_spanning_forest
649,650,maximum_spanning_forest
650,669,maximum_spanning_forest
651,2013,maximum_spanning_forest
652,654,maximum_spanning_forest
654,657,maximum_spanning_forest
654,672,maximum_spanning_forest
655,666,maximum_spanning_forest
655,906,maximum_spanning_forest
655,2017,maximum_spanning_forest
656,1418,maximum_spanning_forest
657,658,maximum_spanning_forest
657,668,maximum_spanning_forest
657,669,maximum_spanning_forest
660,842,maximum_spanning_forest
662,884,maximum_spanning_forest
662,991,maximum_spanning_forest
664,2021,maximum_spanning_forest
666,667,maximum_spanning_forest
667,2025,maximum_spanning_forest
668,670,maximum_spanning_forest
671,3929,maximum_spanning_forest
673,2030,maximum_spanning_forest
674,1349,maximum_spanning_forest
675,753,maximum_spanning_forest
675,932,maximum_spanning_forest
675,1452,maximum_spanning_forest
677,841,maximum_spanning_forest
678,858,maximum_spanning_forest
678,1325,maximum_spanning_forest
679,867,maximum_spanning_forest
680,3299,maximum_spanning_forest
681,3329,maximum_spanning_forest
683,806,maximum_spanning_forest
686,1710,maximum_spanning_forest
687,864,maximum_spanning_forest
688,893,maximum_spanning_forest
688,986,maximum_spanning_forest
691,1260,maximum_spanning_forest
692,1018,maximum_spanning_forest
698,2034,maximum_spanning_forest
699,2035,maximum_spanning_forest
701,751,maximum_spanning_forest
701,1026,maximum_spanning_forest
701,3585,maximum_spanning_forest
702,1298,maximum_spanning_forest
702,3586,maximum_spanning_forest
703,3587,maximum_spanning_forest
704,705,maximum_spanning_forest
705,706,maximum_spanning_forest
705,3589,maximum_spanning_forest
706,3590,maximum_spanning_forest
708,892,maximum_spanning_forest
709,772,maximum_spanning_forest
710,838,maximum_spanning_forest
712,3296,maximum_spanning_forest
713,728,maximum_spanning_forest
713,750,maximum_spanning_forest
714,1252,maximum_spanning_forest
714,3288,maximum_spanning_forest
715,1367,maximum_spanning_forest
715,3298,maximum_spanning_forest
716,3299,maximum_spanning_forest
717,718,maximum_spanning_forest
717,3300,maximum_spanning_forest
719,724,maximum_spanning_forest
721,722,maximum_spanning_forest
721,3303,maximum_spanning_forest
722,725,maximum_spanning_forest
724,725,maximum_spanning_forest
725,927,maximum_spanning_forest
725,1026,maximum_spanning_forest
726,3308,maximum_spanning_forest
727,3309,maximum_spanning_forest
728,729,maximum_spanning_forest
729,731,maximum_spanning_forest
730,745,maximum_spanning_forest
731,732,maximum_spanning_forest
732,3313,maximum_spanning_forest
733,734,maximum_spanning_forest
735,1364,maximum_spanning_forest
735,3316,maximum_spanning_forest
737,1262,maximum_spanning_forest
738,1307,maximum_spanning_forest
739,763,maximum_spanning_forest
740,3595,maximum_spanning_forest
741,743,maximum_spanning_forest
743,794,maximum_spanning_forest
746,747,maximum_spanning_forest
746,1027,maximum_spanning_forest
746,3318,maximum_spanning_forest
748,3320,maximum_spanning_forest
749,3321,maximum_spanning_forest
754,3324,maximum_spanning_forest
755,761,maximum_spanning_forest
759,789,maximum_spanning_forest
760,812,maximum_spanning_forest
763,805,maximum_spanning_forest
764,823,maximum_spanning_forest
766,959,maximum_spanning_forest
766,1018,maximum_spanning_forest
767,862,maximum_spanning_forest
770,815,maximum_spanning_forest
772,839,maximum_spanning_forest
772,889,maximum_spanning_forest
772,924,maximum_spanning_forest
773,1318,maximum_spanning_forest
777,929,maximum_spanning_forest
777,980,maximum_spanning_forest
779,3920,maximum_spanning_forest
780,3114,maximum_spanning_forest
782,790,maximum_spanning_forest
783,882,maximum_spanning_forest
784,1319,maximum_spanning_forest
786,809,maximum_spanning_forest
789,973,maximum_spanning_forest
790,1008,maximum_spanning_forest
791,888,maximum_spanning_forest
792,895,maximum_spanning_forest
792,1025,maximum_spanning_forest
793,819,maximum_spanning_forest
793,827,maximum_spanning_forest
793,961,maximum_spanning_forest
794,857,maximum_spanning_forest
802,880,maximum_spanning_forest
803,3929,maximum_spanning_forest
804,812,maximum_spanning_forest
805,877,maximum_spanning_forest
805,1032,maximum_spanning_forest
810,1715,maximum_spanning_forest
814,3928,maximum_spanning_forest
816,910,maximum_spanning_forest
816,1320,maximum_spanning_forest
817,847,maximum_spanning_forest
817,989,maximum_spanning_forest
820,855,maximum_spanning_forest
825,850,maximum_spanning_forest
828,881,maximum_spanning_forest
829,1317,maximum_spanning_forest
832,833,maximum_spanning_forest
832,1019,maximum_spanning_forest
832,3512,maximum_spanning_forest
833,852,maximum_spanning_forest
833,944,maximum_spanning_forest
833,1023,maximum_spanning_forest
835,1333,maximum_spanning_forest
836,912,maximum_spanning_forest
836,1254,maximum_spanning_forest
839,977,maximum_spanning_forest
839,3930,maximum_spanning_forest
845,858,maximum_spanning_forest
846,943,maximum_spanning_forest
848,1316,maximum_spanning_forest
851,943,maximum_spanning_forest
852,869,maximum_spanning_forest
853,943,maximum_spanning_forest
862,986,maximum_spanning_forest
863,3285,maximum_spanning_forest
866,1327,maximum_spanning_forest
867,942,maximum_spanning_forest
868,3292,maximum_spanning_forest
870,989,maximum_spanning_forest
872,1013,maximum_spanning_forest
881,894,maximum_spanning_forest
882,3926,maximum_spanning_forest
883,959,maximum_spanning_forest
886,982,maximum_spanning_forest
887,1326,maximum_spanning_forest
894,975,maximum_spanning_forest
895,984,maximum_spanning_forest
897,1265,maximum_spanning_forest
897,1355,maximum_spanning_forest
897,2438,maximum_spanning_forest
898,920,maximum_spanning_forest
898,965,maximum_spanning_forest
898,971,maximum_spanning_forest
899,1003,maximum_spanning_forest
899,1265,maximum_spanning_forest
900,1420,maximum_spanning_forest
900,2441,maximum_spanning_forest
901,902,maximum_spanning_forest
901,903,maximum_spanning_forest
901,905,maximum_spanning_forest
902,1263,maximum_spanning_forest
902,2443,maximum_spanning_forest
904,905,maximum_spanning_forest
907,1014,maximum_spanning_forest
908,975,maximum_spanning_forest
908,985,maximum_spanning_forest
911,1328,maximum_spanning_forest
911,3285,maximum_spanning_forest
914,936,maximum_spanning_forest
914,998,maximum_spanning_forest
915,2451,maximum_spanning_forest
916,2452,maximum_spanning_forest
917,2453,maximum_spanning_forest
918,923,maximum_spanning_forest
918,2454,maximum_spanning_forest
919,1372,maximum_spanning_forest
919,2455,maximum_spanning_forest
921,922,maximum_spanning_forest
921,1450,maximum_spanning_forest
922,931,maximum_spanning_forest
922,933,maximum_spanning_forest
923,2461,maximum_spanning_forest
928,1022,maximum_spanning_forest
929,3498,maximum_spanning_forest
931,952,maximum_spanning_forest
931,2462,maximum_spanning_forest
934,935,maximum_spanning_forest
934,938,maximum_spanning_forest
936,937,maximum_spanning_forest
937,938,maximum_spanning_forest
939,2491,maximum_spanning_forest
940,1372,maximum_spanning_forest
940,2502,maximum_spanning_forest
941,951,maximum_spanning_forest
941,1355,maximum_spanning_forest
945,958,maximum_spanning_forest
948,2266,maximum_spanning_forest
949,999,maximum_spanning_forest
950,1424,maximum_spanning_forest
950,2276,maximum_spanning_forest
951,2287,maximum_spanning_forest
953,2318,maximum_spanning_forest
954,962,maximum_spanning_forest
954,2328,maximum_spanning_forest
955,2338,maximum_spanning_forest
956,998,maximum_spanning_forest
956,2348,maximum_spanning_forest
957,962,maximum_spanning_forest
960,1262,maximum_spanning_forest
962,963,maximum_spanning_forest
962,972,maximum_spanning_forest
962,2380,maximum_spanning_forest
964,969,maximum_spanning_forest
965,1000,maximum_spanning_forest
966,995,maximum_spanning_forest
966,999,maximum_spanning_forest
967,1315,maximum_spanning_forest
967,1716,maximum_spanning_forest
968,2435,maximum_spanning_forest
969,970,maximum_spanning_forest
969,2446,maximum_spanning_forest
970,971,maximum_spanning_forest
970,1003,maximum_spanning_forest
972,1420,maximum_spanning_forest
974,1006,maximum_spanning_forest
982,1022,maximum_spanning_forest
983,1319,maximum_spanning_forest
992,1004,maximum_spanning_forest
992,2478,maximum_spanning_forest
993,994,maximum_spanning_forest
993,2479,maximum_spanning_forest
995,996,maximum_spanning_forest
995,1002,maximum_spanning_forest
997,1000,maximum_spanning_forest
998,1000,maximum_spanning_forest
998,1005,maximum_spanning_forest
1000,1002,maximum_spanning_forest
1001,1005,maximum_spanning_forest
1007,1319,maximum_spanning_forest
1011,2629,maximum_spanning_forest
1017,1715,maximum_spanning_forest
1021,1322,maximum_spanning_forest
1028,3584,maximum_spanning_forest
1029,1396,maximum_spanning_forest
1029,1419,maximum_spanning_forest
1030,1259,maximum_spanning_forest
1031,3088,maximum_spanning_forest
1032,3597,maximum_spanning_forest
1033,1206,maximum_spanning_forest
1033,1237,maximum_spanning_forest
1034,1128,maximum_spanning_forest
1035,1122,maximum_spanning_forest
1036,1083,maximum_spanning_forest
1037,1086,maximum_spanning_forest
1037,1121,maximum_spanning_forest
1038,1140,maximum_spanning_forest
1038,1223,maximum_spanning_forest
1039,1047,maximum_spanning_forest
1040,1231,maximum_spanning_forest
1041,1175,maximum_spanning_forest
1042,1072,maximum_spanning_forest
1042,1194,maximum_spanning_forest
1042,1232,maximum_spanning_forest
1043,1112,maximum_spanning_forest
1044,1106,maximum_spanning_forest
1045,1124,maximum_spanning_forest
1045,1169,maximum_spanning_forest
1045,1237,maximum_spanning_forest
1045,1240,maximum_spanning_forest
1046,1206,maximum_spanning_forest
1047,1073,maximum_spanning_forest
1047,1152,maximum_spanning_forest
1047,1190,maximum_spanning_forest
1048,1084,maximum_spanning_forest
1048,1183,maximum_spanning_forest
1048,1201,maximum_spanning_forest
1048,1208,maximum_spanning_forest
1048,1240,maximum_spanning_forest
1048,1244,maximum_spanning_forest
1049,1177,maximum_spanning_forest
1049,1207,maximum_spanning_forest
1049,1221,maximum_spanning_forest
1050,1098,maximum_spanning_forest
1051,1130,maximum_spanning_forest
1051,1219,maximum_spanning_forest
1051,1223,maximum_spanning_forest
1052,1203,maximum_spanning_forest
1053,1164,maximum_spanning_forest
1053,1236,maximum_spanning_forest
1054,1217,maximum_spanning_forest
1055,1086,maximum_spanning_forest
1055,1089,maximum_spanning_forest
1056,1191,maximum_spanning_forest
1056,1221,maximum_spanning_forest
1056,1974,maximum_spanning_forest
1057,1088,maximum_spanning_forest
1057,1210,maximum_spanning_forest
1058,1070,maximum_spanning_forest
1059,1220,maximum_spanning_forest
1060,1063,maximum_spanning_forest
1061,1166,maximum_spanning_forest
1061,1202,maximum_spanning_forest
1062,1076,maximum_spanning_forest
1063,1099,maximum_spanning_forest
1063,1110,maximum_spanning_forest
1063,1163,maximum_spanning_forest
1064,1078,maximum_spanning_forest
1064,1101,maximum_spanning_forest
1064,1176,maximum_spanning_forest
1064,1202,maximum_spanning_forest
1065,1216,maximum_spanning_forest
1065,2992,maximum_spanning_forest
1066,1081,maximum_spanning_forest
1067,1223,maximum_spanning_forest
1068,1237,maximum_spanning_forest
1069,1164,maximum_spanning_forest
1070,1084,maximum_spanning_forest
1070,1197,maximum_spanning_forest
1071,1122,maximum_spanning_forest
1072,1079,maximum_spanning_forest
1072,1106,maximum_spanning_forest
1073,1133,maximum_spanning_forest
1074,1116,maximum_spanning_forest
1074,1236,maximum_spanning_forest
1075,1151,maximum_spanning_forest
1076,1115,maximum_spanning_forest
1077,1164,maximum_spanning_forest
1077,1170,maximum_spanning_forest
1079,1098,maximum_spanning_forest
1080,1162,maximum_spanning_forest
1080,1222,maximum_spanning_forest
1081,1212,maximum_spanning_forest
1081,1630,maximum_spanning_forest
1082,1125,maximum_spanning_forest
1083,1124,maximum_spanning_forest
1083,1163,maximum_spanning_forest
1084,1175,maximum_spanning_forest
1084,1188,maximum_spanning_forest
1085,1221,maximum_spanning_forest
1086,1127,maximum_spanning_forest
1087,1117,maximum_spanning_forest
1088,1205,maximum_spanning_forest
1090,1124,maximum_spanning_forest
1091,1140,maximum_spanning_forest
1092,1174,maximum_spanning_forest
1093,1218,maximum_spanning_forest
1093,1220,maximum_spanning_forest
1094,1113,maximum_spanning_forest
1094,1120,maximum_spanning_forest
1094,1247,maximum_spanning_forest
1095,1230,maximum_spanning_forest
1096,1190,maximum_spanning_forest
1096,1204,maximum_spanning_forest
1096,1217,maximum_spanning_forest
1097,1204,maximum_spanning_forest
1098,1103,maximum_spanning_forest
1098,1148,maximum_spanning_forest
1098,3290,maximum_spanning_forest
1098,3927,maximum_spanning_forest
1099,1160,maximum_spanning_forest
1099,1216,maximum_spanning_forest
1100,1186,maximum_spanning_forest
1101,1180,maximum_spanning_forest
1101,1239,maximum_spanning_forest
1102,1117,maximum_spanning_forest
1102,1138,maximum_spanning_forest
1103,1167,maximum_spanning_forest
1103,1222,maximum_spanning_forest
1104,1220,maximum_spanning_forest
1104,1242,maximum_spanning_forest
1105,1117,maximum_spanning_forest
1105,1122,maximum_spanning_forest
1105,1189,maximum_spanning_forest
1105,1231,maximum_spanning_forest
1106,1156,maximum_spanning_forest
1107,1204,maximum_spanning_forest
1108,1156,maximum_spanning_forest
1109,1236,maximum_spanning_forest
1111,1196,maximum_spanning_forest
1112,1162,maximum_spanning_forest
1113,1139,maximum_spanning_forest
1114,1181,maximum_spanning_forest
1115,1121,maximum_spanning_forest
1115,1133,maximum_spanning_forest
1115,1141,maximum_spanning_forest
1115,1197,maximum_spanning_forest
1115,1249,maximum_spanning_forest
1116,1148,maximum_spanning_forest
1116,1192,maximum_spanning_forest
1118,1181,maximum_spanning_forest
1118,1189,maximum_spanning_forest
1119,1193,maximum_spanning_forest
1122,1139,maximum_spanning_forest
1122,1228,maximum_spanning_forest
1123,1185,maximum_spanning_forest
1124,1142,maximum_spanning_forest
1125,1129,maximum_spanning_forest
1126,1150,maximum_spanning_forest
1127,1238,maximum_spanning_forest
1128,1237,maximum_spanning_forest
1129,1243,maximum_spanning_forest
1130,1172,maximum_spanning_forest
1130,1174,maximum_spanning_forest
1131,1240,maximum_spanning_forest
1132,1220,maximum_spanning_forest
1133,1202,maximum_spanning_forest
1134,1217,maximum_spanning_forest
1135,1167,maximum_spanning_forest
1136,1173,maximum_spanning_forest
1136,1250,maximum_spanning_forest
1137,1194,maximum_spanning_forest
1139,1198,maximum_spanning_forest
1143,1151,maximum_spanning_forest
1144,1170,maximum_spanning_forest
1145,1194,maximum_spanning_forest
1146,1243,maximum_spanning_forest
1147,1244,maximum_spanning_forest
1148,1187,maximum_spanning_forest
1149,1232,maximum_spanning_forest
1150,1228,maximum_spanning_forest
1151,1206,maximum_spanning_forest
1151,1248,maximum_spanning_forest
1153,1155,maximum_spanning_forest
1153,1209,maximum_spanning_forest
1153,1250,maximum_spanning_forest
1154,1179,maximum_spanning_forest
1155,1174,maximum_spanning_forest
1155,1239,maximum_spanning_forest
1157,1200,maximum_spanning_forest
1158,1200,maximum_spanning_forest
1158,1224,maximum_spanning_forest
1159,1209,maximum_spanning_forest
1159,1225,maximum_spanning_forest
1161,1251,maximum_spanning_forest
1162,1211,maximum_spanning_forest
1165,1169,maximum_spanning_forest
1167,1204,maximum_spanning_forest
1168,1180,maximum_spanning_forest
1169,1182,maximum_spanning_forest
1171,1221,maximum_spanning_forest
1171,1245,maximum_spanning_forest
1173,1227,maximum_spanning_forest
1174,1203,maximum_spanning_forest
1175,1195,maximum_spanning_forest
1175,1242,maximum_spanning_forest
1178,1201,maximum_spanning_forest
1179,1217,maximum_spanning_forest
1180,1184,maximum_spanning_forest
1181,1204,maximum_spanning_forest
1183,1221,maximum_spanning_forest
1183,1230,maximum_spanning_forest
1184,1214,maximum_spanning_forest
1185,1202,maximum_spanning_forest
1185,1229,maximum_spanning_forest
1186,1204,maximum_spanning_forest
1193,1229,maximum_spanning_forest
1196,1235,maximum_spanning_forest
1199,1241,maximum_spanning_forest
1200,1236,maximum_spanning_forest
1202,1233,maximum_spanning_forest
1205,1217,maximum_spanning_forest
1209,1234,maximum_spanning_forest
1210,1215,maximum_spanning_forest
1213,1229,maximum_spanning_forest
1216,1241,maximum_spanning_forest
1221,1251,maximum_spanning_forest
1226,1242,maximum_spanning_forest
1235,1249,maximum_spanning_forest
1243,1976,maximum_spanning_forest
1246,1249,maximum_spanning_forest
1252,2639,maximum_spanning_forest
1255,3291,maximum_spanning_forest
1256,3291,maximum_spanning_forest
1257,3905,maximum_spanning_forest
1259,1453,maximum_spanning_forest
1259,3086,maximum_spanning_forest
1259,3286,maximum_spanning_forest
1263,1264,maximum_spanning_forest
1263,1266,maximum_spanning_forest
1264,1265,maximum_spanning_forest
1265,1268,maximum_spanning_forest
1265,1422,maximum_spanning_forest
1267,1268,maximum_spanning_forest
1269,1270,maximum_spanning_forest
1271,1272,maximum_spanning_forest
1271,1275,maximum_spanning_forest
1272,1273,maximum_spanning_forest
1274,1275,maximum_spanning_forest
1274,1276,maximum_spanning_forest
1277,1281,maximum_spanning_forest
1278,1280,maximum_spanning_forest
1279,1280,maximum_spanning_forest
1280,1281,maximum_spanning_forest
1280,1296,maximum_spanning_forest
1282,1283,maximum_spanning_forest
1282,1285,maximum_spanning_forest
1283,1284,maximum_spanning_forest
1285,1287,maximum_spanning_forest
1286,1287,maximum_spanning_forest
1288,1290,maximum_spanning_forest
1288,1291,maximum_spanning_forest
1289,1348,maximum_spanning_forest
1291,1292,maximum_spanning_forest
1291,1347,maximum_spanning_forest
1293,1296,maximum_spanning_forest
1293,1297,maximum_spanning_forest
1294,1295,maximum_spanning_forest
1294,1296,maximum_spanning_forest
1298,1304,maximum_spanning_forest
1300,1301,maximum_spanning_forest
1300,1302,maximum_spanning_forest
1302,1391,maximum_spanning_forest
1303,1428,maximum_spanning_forest
1304,1305,maximum_spanning_forest
1304,1306,maximum_spanning_forest
1306,1307,maximum_spanning_forest
1308,1311,maximum_spanning_forest
1309,2261,maximum_spanning_forest
1310,1312,maximum_spanning_forest
1311,1312,maximum_spanning_forest
1311,1387,maximum_spanning_forest
1313,3930,maximum_spanning_forest
1316,1524,maximum_spanning_forest
1319,1340,maximum_spanning_forest
1322,1326,maximum_spanning_forest
1323,3007,maximum_spanning_forest
1324,3928,maximum_spanning_forest
1326,3591,maximum_spanning_forest
1327,3928,maximum_spanning_forest
1333,1335,maximum_spanning_forest
1335,1454,maximum_spanning_forest
1337,3285,maximum_spanning_forest
1338,1340,maximum_spanning_forest
1339,3925,maximum_spanning_forest
1340,2705,maximum_spanning_forest
1341,1342,maximum_spanning_forest
1341,1346,maximum_spanning_forest
1343,1345,maximum_spanning_forest
1344,1345,maximum_spanning_forest
1347,1416,maximum_spanning_forest
1348,1351,maximum_spanning_forest
1350,1351,maximum_spanning_forest
1350,1352,maximum_spanning_forest
1353,1354,maximum_spanning_forest
1355,1357,maximum_spanning_forest
1356,1357,maximum_spanning_forest
1358,1359,maximum_spanning_forest
1358,1360,maximum_spanning_forest
1358,1361,maximum_spanning_forest
1361,1362,maximum_spanning_forest
1362,1363,maximum_spanning_forest
1364,1366,maximum_spanning_forest
1365,1366,maximum_spanning_forest
1365,1368,maximum_spanning_forest
1366,1369,maximum_spanning_forest
1367,1369,maximum_spanning_forest
1369,1376,maximum_spanning_forest
1369,1428,maximum_spanning_forest
1371,1375,maximum_spanning_forest
1372,1373,maximum_spanning_forest
1374,1375,maximum_spanning_forest
1377,1381,maximum_spanning_forest
1377,1383,maximum_spanning_forest
1378,1380,maximum_spanning_forest
1378,1383,maximum_spanning_forest
1379,1383,maximum_spanning_forest
1381,1382,maximum_spanning_forest
1383,1400,maximum_spanning_forest
1384,1385,maximum_spanning_forest
1384,1386,maximum_spanning_forest
1387,1388,maximum_spanning_forest
1387,1423,maximum_spanning_forest
1388,1389,maximum_spanning_forest
1389,1390,maximum_spanning_forest
1390,1391,maximum_spanning_forest
1392,1393,maximum_spanning_forest
1392,1394,maximum_spanning_forest
1392,1397,maximum_spanning_forest
1394,1414,maximum_spanning_forest
1395,1396,maximum_spanning_forest
1396,1397,maximum_spanning_forest
1398,1399,maximum_spanning_forest
1399,1400,maximum_spanning_forest
1401,1402,maximum_spanning_forest
1401,1407,maximum_spanning_forest
1401,1410,maximum_spanning_forest
1402,1403,maximum_spanning_forest
1402,1405,maximum_spanning_forest
1402,1414,maximum_spanning_forest
1404,1407,maximum_spanning_forest
1406,1407,maximum_spanning_forest
1407,1408,maximum_spanning_forest
1407,1409,maximum_spanning_forest
1410,1411,maximum_spanning_forest
1411,1412,maximum_spanning_forest
1413,1414,maximum_spanning_forest
1415,1416,maximum_spanning_forest
1416,1417,maximum_spanning_forest
1417,1418,maximum_spanning_forest
1420,1421,maximum_spanning_forest
1420,1422,maximum_spanning_forest
1425,1427,maximum_spanning_forest
1426,1427,maximum_spanning_forest
1429,1438,maximum_spanning_forest
1429,2575,maximum_spanning_forest
1429,3915,maximum_spanning_forest
1429,3925,maximum_spanning_forest
1430,1443,maximum_spanning_forest
1431,1432,maximum_spanning_forest
1431,1433,maximum_spanning_forest
1432,1437,maximum_spanning_forest
1433,1449,maximum_spanning_forest
1435,1436,maximum_spanning_forest
1438,1440,maximum_spanning_forest
1439,1440,maximum_spanning_forest
1439,1442,maximum_spanning_forest
1441,1442,maximum_spanning_forest
1441,1446,maximum_spanning_forest
1443,1444,maximum_spanning_forest
1444,1445,maximum_spanning_forest
1444,1447,maximum_spanning_forest
1445,1446,maximum_spanning_forest
1448,1449,maximum_spanning_forest
1448,1450,maximum_spanning_forest
1455,1456,maximum_spanning_forest
1457,1540,maximum_spanning_forest
1458,1494,maximum_spanning_forest
1458,1681,maximum_spanning_forest
1459,1498,maximum_spanning_forest
1459,1546,maximum_spanning_forest
1460,1533,maximum_spanning_forest
1460,1564,maximum_spanning_forest
1460,1634,maximum_spanning_forest
1461,1687,maximum_spanning_forest
1462,1545,maximum_spanning_forest
1462,1624,maximum_spanning_forest
1462,1637,maximum_spanning_forest
1463,1633,maximum_spanning_forest
1463,1684,maximum_spanning_forest
1464,1466,maximum_spanning_forest
1464,1600,maximum_spanning_forest
1465,1549,maximum_spanning_forest
1466,1493,maximum_spanning_forest
1466,1577,maximum_spanning_forest
1466,1605,maximum_spanning_forest
1466,1685,maximum_spanning_forest
1467,1495,maximum_spanning_forest
1467,2319,maximum_spanning_forest
1468,1587,maximum_spanning_forest
1468,1698,maximum_spanning_forest
1469,1625,maximum_spanning_forest
1470,1648,maximum_spanning_forest
1471,1628,maximum_spanning_forest
1472,1626,maximum_spanning_forest
1473,1504,maximum_spanning_forest
1473,1543,maximum_spanning_forest
1474,1644,maximum_spanning_forest
1475,1498,maximum_spanning_forest
1476,1663,maximum_spanning_forest
1476,1665,maximum_spanning_forest
1476,1686,maximum_spanning_forest
1477,1481,maximum_spanning_forest
1477,1530,maximum_spanning_forest
1478,1697,maximum_spanning_forest
1479,1648,maximum_spanning_forest
1479,1655,maximum_spanning_forest
1479,1673,maximum_spanning_forest
1480,1501,maximum_spanning_forest
1480,1543,maximum_spanning_forest
1481,1674,maximum_spanning_forest
1482,1530,maximum_spanning_forest
1482,1693,maximum_spanning_forest
1483,1700,maximum_spanning_forest
1483,2560,maximum_spanning_forest
1484,1690,maximum_spanning_forest
1485,1572,maximum_spanning_forest
1485,1644,maximum_spanning_forest
1486,1551,maximum_spanning_forest
1486,1650,maximum_spanning_forest
1487,1632,maximum_spanning_forest
1488,1638,maximum_spanning_forest
1489,1497,maximum_spanning_forest
1489,1581,maximum_spanning_forest
1489,1713,maximum_spanning_forest
1490,1526,maximum_spanning_forest
1490,1569,maximum_spanning_forest
1490,1575,maximum_spanning_forest
1491,1559,maximum_spanning_forest
1491,1711,maximum_spanning_forest
1492,1547,maximum_spanning_forest
1493,1613,maximum_spanning_forest
1493,1670,maximum_spanning_forest
1494,1535,maximum_spanning_forest
1494,1561,maximum_spanning_forest
1495,1591,maximum_spanning_forest
1496,1557,maximum_spanning_forest
1496,1636,maximum_spanning_forest
1498,1510,maximum_spanning_forest
1498,1633,maximum_spanning_forest
1499,1603,maximum_spanning_forest
1499,1688,maximum_spanning_forest
1500,1626,maximum_spanning_forest
1500,1683,maximum_spanning_forest
1501,1632,maximum_spanning_forest
1501,1691,maximum_spanning_forest
1502,1557,maximum_spanning_forest
1502,1635,maximum_spanning_forest
1502,1669,maximum_spanning_forest
1503,1558,maximum_spanning_forest
1503,1710,maximum_spanning_forest
1505,1531,maximum_spanning_forest
1505,1620,maximum_spanning_forest
1505,1699,maximum_spanning_forest
1506,1544,maximum_spanning_forest
1506,1597,maximum_spanning_forest
1506,1692,maximum_spanning_forest
1506,2914,maximum_spanning_forest
1507,1596,maximum_spanning_forest
1507,1662,maximum_spanning_forest
1508,1528,maximum_spanning_forest
1509,1529,maximum_spanning_forest
1510,1621,maximum_spanning_forest
1511,1517,maximum_spanning_forest
1511,1633,maximum_spanning_forest
1512,1524,maximum_spanning_forest
1512,1704,maximum_spanning_forest
1513,1621,maximum_spanning_forest
1513,1704,maximum_spanning_forest
1515,1566,maximum_spanning_forest
1515,1667,maximum_spanning_forest
1515,1704,maximum_spanning_forest
1516,1556,maximum_spanning_forest
1516,1557,maximum_spanning_forest
1516,1570,maximum_spanning_forest
1518,1548,maximum_spanning_forest
1519,1554,maximum_spanning_forest
1519,1590,maximum_spanning_forest
1519,1668,maximum_spanning_forest
1520,1644,maximum_spanning_forest
1521,1708,maximum_spanning_forest
1522,1565,maximum_spanning_forest
1522,1573,maximum_spanning_forest
1523,1527,maximum_spanning_forest
1527,1642,maximum_spanning_forest
1528,1529,maximum_spanning_forest
1528,1538,maximum_spanning_forest
1531,1611,maximum_spanning_forest
1532,1540,maximum_spanning_forest
1532,1604,maximum_spanning_forest
1532,1639,maximum_spanning_forest
1532,1652,maximum_spanning_forest
1533,1622,maximum_spanning_forest
1534,1564,maximum_spanning_forest
1535,1556,maximum_spanning_forest
1535,1699,maximum_spanning_forest
1537,1665,maximum_spanning_forest
1538,1568,maximum_spanning_forest
1538,1582,maximum_spanning_forest
1538,1695,maximum_spanning_forest
1538,1697,maximum_spanning_forest
1539,1637,maximum_spanning_forest
1541,1636,maximum_spanning_forest
1542,1550,maximum_spanning_forest
1542,1576,maximum_spanning_forest
1542,1701,maximum_spanning_forest
1544,1579,maximum_spanning_forest
1545,1629,maximum_spanning_forest
1546,1637,maximum_spanning_forest
1547,1677,maximum_spanning_forest
1547,1694,maximum_spanning_forest
1548,1556,maximum_spanning_forest
1548,1631,maximum_spanning_forest
1548,1682,maximum_spanning_forest
1549,1698,maximum_spanning_forest
1550,1594,maximum_spanning_forest
1550,1622,maximum_spanning_forest
1552,1557,maximum_spanning_forest
1552,1633,maximum_spanning_forest
1553,1597,maximum_spanning_forest
1555,1606,maximum_spanning_forest
1555,1607,maximum_spanning_forest
1555,1702,maximum_spanning_forest
1559,1667,maximum_spanning_forest
1560,1632,maximum_spanning_forest
1560,1703,maximum_spanning_forest
1561,1662,maximum_spanning_forest
1562,1573,maximum_spanning_forest
1563,1612,maximum_spanning_forest
1565,1627,maximum_spanning_forest
1565,1660,maximum_spanning_forest
1566,1688,maximum_spanning_forest
1567,1664,maximum_spanning_forest
1567,1686,maximum_spanning_forest
1568,1643,maximum_spanning_forest
1569,1703,maximum_spanning_forest
1570,1638,maximum_spanning_forest
1571,1603,maximum_spanning_forest
1574,1689,maximum_spanning_forest
1574,2210,maximum_spanning_forest
1574,3827,maximum_spanning_forest
1575,1644,maximum_spanning_forest
1578,1679,maximum_spanning_forest
1578,1712,maximum_spanning_forest
1580,1681,maximum_spanning_forest
1581,1616,maximum_spanning_forest
1581,1650,maximum_spanning_forest
1583,1585,maximum_spanning_forest
1583,1586,maximum_spanning_forest
1585,1615,maximum_spanning_forest
1587,2122,maximum_spanning_forest
1587,2223,maximum_spanning_forest
1588,1595,maximum_spanning_forest
1588,1666,maximum_spanning_forest
1589,1683,maximum_spanning_forest
1590,2303,maximum_spanning_forest
1590,2948,maximum_spanning_forest
1591,1693,maximum_spanning_forest
1592,1714,maximum_spanning_forest
1593,1654,maximum_spanning_forest
1595,1656,maximum_spanning_forest
1595,1680,maximum_spanning_forest
1595,1711,maximum_spanning_forest
1598,1609,maximum_spanning_forest
1599,1684,maximum_spanning_forest
1600,1686,maximum_spanning_forest
1600,1696,maximum_spanning_forest
1601,1714,maximum_spanning_forest
1602,1688,maximum_spanning_forest
1602,1712,maximum_spanning_forest
1604,1615,maximum_spanning_forest
1604,1705,maximum_spanning_forest
1606,1640,maximum_spanning_forest
1607,1623,maximum_spanning_forest
1607,1660,maximum_spanning_forest
1607,1701,maximum_spanning_forest
1608,1664,maximum_spanning_forest
1609,1692,maximum_spanning_forest
1610,1697,maximum_spanning_forest
1611,1614,maximum_spanning_forest
1612,1670,maximum_spanning_forest
1615,1702,maximum_spanning_forest
1616,1617,maximum_spanning_forest
1617,1643,maximum_spanning_forest
1618,1702,maximum_spanning_forest
1619,1669,maximum_spanning_forest
1622,1693,maximum_spanning_forest
1625,1712,maximum_spanning_forest
1626,1691,maximum_spanning_forest
1627,1713,maximum_spanning_forest
1628,1641,maximum_spanning_forest
1628,1692,maximum_spanning_forest
1630,1692,maximum_spanning_forest
1630,1976,maximum_spanning_forest
1638,1649,maximum_spanning_forest
1639,1642,maximum_spanning_forest
1639,1706,maximum_spanning_forest
1645,1696,maximum_spanning_forest
1645,1705,maximum_spanning_forest
1646,1674,maximum_spanning_forest
1647,1671,maximum_spanning_forest
1651,1653,maximum_spanning_forest
1651,1673,maximum_spanning_forest
1654,1661,maximum_spanning_forest
1654,1677,maximum_spanning_forest
1657,1661,maximum_spanning_forest
1658,1661,maximum_spanning_forest
1659,1661,maximum_spanning_forest
1662,1705,maximum_spanning_forest
1664,1690,maximum_spanning_forest
1671,2465,maximum_spanning_forest
1673,1675,maximum_spanning_forest
1674,1707,maximum_spanning_forest
1674,1708,maximum_spanning_forest
1677,1687,maximum_spanning_forest
1679,1683,maximum_spanning_forest
1684,1709,maximum_spanning_forest
1689,2445,maximum_spanning_forest
1700,1963,maximum_spanning_forest
1700,3556,maximum_spanning_forest
1702,1714,maximum_spanning_forest
1716,3289,maximum_spanning_forest
1717,1718,maximum_spanning_forest
1718,1748,maximum_spanning_forest
1719,1763,maximum_spanning_forest
1719,1855,maximum_spanning_forest
1720,1966,maximum_spanning_forest
1720,1972,maximum_spanning_forest
1721,1739,maximum_spanning_forest
1721,1861,maximum_spanning_forest
1721,1924,maximum_spanning_forest
1721,1956,maximum_spanning_forest
1721,1967,maximum_spanning_forest
1722,1951,maximum_spanning_forest
1723,1773,maximum_spanning_forest
1723,1800,maximum_spanning_forest
1723,1822,maximum_spanning_forest
1724,1840,maximum_spanning_forest
1724,1967,maximum_spanning_forest
1725,1903,maximum_spanning_forest
1725,1912,maximum_spanning_forest
1726,1731,maximum_spanning_forest
1726,1777,maximum_spanning_forest
1726,1808,maximum_spanning_forest
1727,1738,maximum_spanning_forest
1727,1819,maximum_spanning_forest
1728,1732,maximum_spanning_forest
1728,1839,maximum_spanning_forest
1729,1772,maximum_spanning_forest
1730,1905,maximum_spanning_forest
1731,1763,maximum_spanning_forest
1731,1947,maximum_spanning_forest
1731,1968,maximum_spanning_forest
1732,1941,maximum_spanning_forest
1733,1813,maximum_spanning_forest
1733,1975,maximum_spanning_forest
1734,1747,maximum_spanning_forest
1735,1839,maximum_spanning_forest
1736,1829,maximum_spanning_forest
1736,1884,maximum_spanning_forest
1736,1949,maximum_spanning_forest
1737,1741,maximum_spanning_forest
1739,1944,maximum_spanning_forest
1740,1794,maximum_spanning_forest
1740,1865,maximum_spanning_forest
1740,1911,maximum_spanning_forest
1741,1873,maximum_spanning_forest
1741,1925,maximum_spanning_forest
1741,1946,maximum_spanning_forest
1742,1851,maximum_spanning_forest
1742,1924,maximum_spanning_forest
1743,1750,maximum_spanning_forest
1744,1770,maximum_spanning_forest
1745,1827,maximum_spanning_forest
1745,1968,maximum_spanning_forest
1746,1784,maximum_spanning_forest
1747,1942,maximum_spanning_forest
1747,1953,maximum_spanning_forest
1747,1960,maximum_spanning_forest
1748,1794,maximum_spanning_forest
1749,1824,maximum_spanning_forest
1750,1785,maximum_spanning_forest
1750,1793,maximum_spanning_forest
1751,1807,maximum_spanning_forest
1752,1935,maximum_spanning_forest
1752,1971,maximum_spanning_forest
1753,1784,maximum_spanning_forest
1754,1786,maximum_spanning_forest
1754,1815,maximum_spanning_forest
1754,1881,maximum_spanning_forest
1755,1792,maximum_spanning_forest
1755,1805,maximum_spanning_forest
1756,1874,maximum_spanning_forest
1757,1761,maximum_spanning_forest
1757,1789,maximum_spanning_forest
1757,1932,maximum_spanning_forest
1757,1933,maximum_spanning_forest
1758,1815,maximum_spanning_forest
1759,1843,maximum_spanning_forest
1759,1868,maximum_spanning_forest
1759,1880,maximum_spanning_forest
1760,1906,maximum_spanning_forest
1762,1785,maximum_spanning_forest
1762,1818,maximum_spanning_forest
1763,1785,maximum_spanning_forest
1764,1901,maximum_spanning_forest
1765,1776,maximum_spanning_forest
1766,1936,maximum_spanning_forest
1767,1792,maximum_spanning_forest
1767,1825,maximum_spanning_forest
1768,1783,maximum_spanning_forest
1768,1833,maximum_spanning_forest
1769,1800,maximum_spanning_forest
1770,1827,maximum_spanning_forest
1770,1838,maximum_spanning_forest
1771,1856,maximum_spanning_forest
1772,1793,maximum_spanning_forest
1773,1828,maximum_spanning_forest
1773,1845,maximum_spanning_forest
1774,1885,maximum_spanning_forest
1774,1888,maximum_spanning_forest
1775,1854,maximum_spanning_forest
1775,1919,maximum_spanning_forest
1775,1924,maximum_spanning_forest
1776,1877,maximum_spanning_forest
1777,1870,maximum_spanning_forest
1777,1959,maximum_spanning_forest
1778,1967,maximum_spanning_forest
1779,1809,maximum_spanning_forest
1780,1892,maximum_spanning_forest
1781,1828,maximum_spanning_forest
1781,1831,maximum_spanning_forest
1781,1951,maximum_spanning_forest
1782,1819,maximum_spanning_forest
1782,1936,maximum_spanning_forest
1783,1805,maximum_spanning_forest
1783,1878,maximum_spanning_forest
1784,1797,maximum_spanning_forest
1784,1879,maximum_spanning_forest
1784,1964,maximum_spanning_forest
1785,1836,maximum_spanning_forest
1785,1948,maximum_spanning_forest
1787,1877,maximum_spanning_forest
1788,1791,maximum_spanning_forest
1788,1875,maximum_spanning_forest
1790,1844,maximum_spanning_forest
1790,1967,maximum_spanning_forest
1791,1835,maximum_spanning_forest
1792,1816,maximum_spanning_forest
1792,1821,maximum_spanning_forest
1795,1957,maximum_spanning_forest
1796,1836,maximum_spanning_forest
1797,1814,maximum_spanning_forest
1797,1937,maximum_spanning_forest
1798,3404,maximum_spanning_forest
1799,1857,maximum_spanning_forest
1799,1892,maximum_spanning_forest
1801,1820,maximum_spanning_forest
1801,1942,maximum_spanning_forest
1802,1906,maximum_spanning_forest
1803,1892,maximum_spanning_forest
1804,1941,maximum_spanning_forest
1806,1880,maximum_spanning_forest
1806,1921,maximum_spanning_forest
1807,1859,maximum_spanning_forest
1807,1863,maximum_spanning_forest
1809,1810,maximum_spanning_forest
1809,1825,maximum_spanning_forest
1811,1858,maximum_spanning_forest
1811,1889,maximum_spanning_forest
1811,1911,maximum_spanning_forest
1812,1884,maximum_spanning_forest
1813,1842,maximum_spanning_forest
1816,1936,maximum_spanning_forest
1817,1942,maximum_spanning_forest
1818,1917,maximum_spanning_forest
1822,1923,maximum_spanning_forest
1822,1924,maximum_spanning_forest
1823,1909,maximum_spanning_forest
1823,1954,maximum_spanning_forest
1824,1830,maximum_spanning_forest
1825,1839,maximum_spanning_forest
1825,1955,maximum_spanning_forest
1826,1955,maximum_spanning_forest
1830,1866,maximum_spanning_forest
1830,1928,maximum_spanning_forest
1832,1963,maximum_spanning_forest
1833,1944,maximum_spanning_forest
1834,1941,maximum_spanning_forest
1835,1850,maximum_spanning_forest
1836,1848,maximum_spanning_forest
1836,1893,maximum_spanning_forest
1837,1880,maximum_spanning_forest
1837,1963,maximum_spanning_forest
1837,1976,maximum_spanning_forest
1837,2948,maximum_spanning_forest
1839,1964,maximum_spanning_forest
1840,1952,maximum_spanning_forest
1841,1927,maximum_spanning_forest
1841,1965,maximum_spanning_forest
1842,1865,maximum_spanning_forest
1843,3111,maximum_spanning_forest
1846,1874,maximum_spanning_forest
1847,1874,maximum_spanning_forest
1848,1883,maximum_spanning_forest
1849,1860,maximum_spanning_forest
1849,1898,maximum_spanning_forest
1850,1927,maximum_spanning_forest
1852,1897,maximum_spanning_forest
1853,1892,maximum_spanning_forest
1855,1897,maximum_spanning_forest
1856,1899,maximum_spanning_forest
1856,1904,maximum_spanning_forest
1856,1964,maximum_spanning_forest
1857,1975,maximum_spanning_forest
1859,1887,maximum_spanning_forest
1860,1910,maximum_spanning_forest
1862,3145,maximum_spanning_forest
1862,3827,maximum_spanning_forest
1863,1867,maximum_spanning_forest
1863,1884,maximum_spanning_forest
1863,1908,maximum_spanning_forest
1864,1900,maximum_spanning_forest
1864,1915,maximum_spanning_forest
1864,1931,maximum_spanning_forest
1865,1913,maximum_spanning_forest
1866,1914,maximum_spanning_forest
1869,1884,maximum_spanning_forest
1871,1960,maximum_spanning_forest
1872,1886,maximum_spanning_forest
1872,1920,maximum_spanning_forest
1873,1970,maximum_spanning_forest
1874,1907,maximum_spanning_forest
1874,1946,maximum_spanning_forest
1875,1884,maximum_spanning_forest
1875,1904,maximum_spanning_forest
1875,1926,maximum_spanning_forest
1876,1922,maximum_spanning_forest
1877,1908,maximum_spanning_forest
1877,1910,maximum_spanning_forest
1877,1916,maximum_spanning_forest
1877,1970,maximum_spanning_forest
1881,1906,maximum_spanning_forest
1881,1922,maximum_spanning_forest
1882,1895,maximum_spanning_forest
1882,1933,maximum_spanning_forest
1882,1961,maximum_spanning_forest
1883,1896,maximum_spanning_forest
1884,1901,maximum_spanning_forest
1884,1918,maximum_spanning_forest
1884,1929,maximum_spanning_forest
1886,1905,maximum_spanning_forest
1886,1940,maximum_spanning_forest
1888,1891,maximum_spanning_forest
1888,1962,maximum_spanning_forest
1889,1906,maximum_spanning_forest
1890,1911,maximum_spanning_forest
1892,1893,maximum_spanning_forest
1894,1931,maximum_spanning_forest
1895,1903,maximum_spanning_forest
1900,1918,maximum_spanning_forest
1902,1960,maximum_spanning_forest
1905,1930,maximum_spanning_forest
1905,1933,maximum_spanning_forest
1912,3763,maximum_spanning_forest
1913,1933,maximum_spanning_forest
1914,1923,maximum_spanning_forest
1918,1935,maximum_spanning_forest
1919,1966,maximum_spanning_forest
1920,3347,maximum_spanning_forest
1921,2927,maximum_spanning_forest
1921,3718,maximum_spanning_forest
1924,1954,maximum_spanning_forest
1928,1945,maximum_spanning_forest
1930,1934,maximum_spanning_forest
1936,1957,maximum_spanning_forest
1938,1962,maximum_spanning_forest
1939,1950,maximum_spanning_forest
1940,1958,maximum_spanning_forest
1942,1957,maximum_spanning_forest
1942,1962,maximum_spanning_forest
1943,1948,maximum_spanning_forest
1944,1950,maximum_spanning_forest
1948,1964,maximum_spanning_forest
1969,2877,maximum_spanning_forest
1973,2753,maximum_spanning_forest
1976,2210,maximum_spanning_forest
1977,2009,maximum_spanning_forest
1978,2055,maximum_spanning_forest
1978,2212,maximum_spanning_forest
1979,2265,maximum_spanning_forest
1980,2243,maximum_spanning_forest
1981,2265,maximum_spanning_forest
1982,1984,maximum_spanning_forest
1983,1984,maximum_spanning_forest
1984,1992,maximum_spanning_forest
1985,2265,maximum_spanning_forest
1986,1988,maximum_spanning_forest
1987,1988,maximum_spanning_forest
1988,1996,maximum_spanning_forest
1989,2085,maximum_spanning_forest
1989,2247,maximum_spanning_forest
1990,1991,maximum_spanning_forest
1990,1998,maximum_spanning_forest
1990,2195,maximum_spanning_forest
1991,1993,maximum_spanning_forest
1992,1993,maximum_spanning_forest
1992,1996,maximum_spanning_forest
1994,2265,maximum_spanning_forest
1995,1997,maximum_spanning_forest
1996,1997,maximum_spanning_forest
1999,2229,maximum_spanning_forest
1999,2230,maximum_spanning_forest
2000,2012,maximum_spanning_forest
2000,2022,maximum_spanning_forest
2000,2059,maximum_spanning_forest
2000,2260,maximum_spanning_forest
2001,2002,maximum_spanning_forest
2001,2028,maximum_spanning_forest
2002,2003,maximum_spanning_forest
2003,2241,maximum_spanning_forest
2005,2066,maximum_spanning_forest
2006,2010,maximum_spanning_forest
2007,2008,maximum_spanning_forest
2007,2250,maximum_spanning_forest
2008,2232,maximum_spanning_forest
2009,2029,maximum_spanning_forest
2010,2018,maximum_spanning_forest
2010,2081,maximum_spanning_forest
2010,2087,maximum_spanning_forest
2011,2036,maximum_spanning_forest
2012,2027,maximum_spanning_forest
2012,2088,maximum_spanning_forest
2012,2207,maximum_spanning_forest
2013,2199,maximum_spanning_forest
2014,2016,maximum_spanning_forest
2014,2030,maximum_spanning_forest
2015,2204,maximum_spanning_forest
2016,2019,maximum_spanning_forest
2016,2020,maximum_spanning_forest
2016,2254,maximum_spanning_forest
2017,2222,maximum_spanning_forest
2018,2196,maximum_spanning_forest
2019,2026,maximum_spanning_forest
2019,2027,maximum_spanning_forest
2021,2257,maximum_spanning_forest
2022,2077,maximum_spanning_forest
2023,2074,maximum_spanning_forest
2023,2240,maximum_spanning_forest
2024,2025,maximum_spanning_forest
2024,2259,maximum_spanning_forest
2025,2250,maximum_spanning_forest
2026,2028,maximum_spanning_forest
2026,2035,maximum_spanning_forest
2027,2228,maximum_spanning_forest
2030,2148,maximum_spanning_forest
2031,2226,maximum_spanning_forest
2032,2263,maximum_spanning_forest
2033,2041,maximum_spanning_forest
2033,2234,maximum_spanning_forest
2033,2240,maximum_spanning_forest
2034,2086,maximum_spanning_forest
2036,2090,maximum_spanning_forest
2036,2094,maximum_spanning_forest
2036,2238,maximum_spanning_forest
2037,2079,maximum_spanning_forest
2038,2049,maximum_spanning_forest
2038,2168,maximum_spanning_forest
2038,2189,maximum_spanning_forest
2039,2086,maximum_spanning_forest
2039,2189,maximum_spanning_forest
2040,2041,maximum_spanning_forest
2042,2046,maximum_spanning_forest
2043,2045,maximum_spanning_forest
2043,2046,maximum_spanning_forest
2044,2086,maximum_spanning_forest
2044,2197,maximum_spanning_forest
2044,2198,maximum_spanning_forest
2045,2134,maximum_spanning_forest
2045,2140,maximum_spanning_forest
2045,2162,maximum_spanning_forest
2047,2048,maximum_spanning_forest
2047,2175,maximum_spanning_forest
2048,2150,maximum_spanning_forest
2050,2051,maximum_spanning_forest
2050,2072,maximum_spanning_forest
2051,2101,maximum_spanning_forest
2051,2153,maximum_spanning_forest
2051,2164,maximum_spanning_forest
2052,2068,maximum_spanning_forest
2053,2143,maximum_spanning_forest
2054,2141,maximum_spanning_forest
2055,2143,maximum_spanning_forest
2056,2057,maximum_spanning_forest
2057,2083,maximum_spanning_forest
2058,2095,maximum_spanning_forest
2058,2107,maximum_spanning_forest
2058,2178,maximum_spanning_forest
2059,2067,maximum_spanning_forest
2059,2070,maximum_spanning_forest
2059,2091,maximum_spanning_forest
2060,2062,maximum_spanning_forest
2060,2064,maximum_spanning_forest
2061,2112,maximum_spanning_forest
2061,2116,maximum_spanning_forest
2061,2185,maximum_spanning_forest
2063,2065,maximum_spanning_forest
2064,2224,maximum_spanning_forest
2064,2262,maximum_spanning_forest
2065,2247,maximum_spanning_forest
2068,2069,maximum_spanning_forest
2068,2131,maximum_spanning_forest
2068,2134,maximum_spanning_forest
2068,2181,maximum_spanning_forest
2069,2233,maximum_spanning_forest
2071,2100,maximum_spanning_forest
2071,2231,maximum_spanning_forest
2072,2249,maximum_spanning_forest
2073,2109,maximum_spanning_forest
2075,2186,maximum_spanning_forest
2076,2078,maximum_spanning_forest
2078,2080,maximum_spanning_forest
2078,2141,maximum_spanning_forest
2079,2083,maximum_spanning_forest
2079,2084,maximum_spanning_forest
2079,2099,maximum_spanning_forest
2079,2176,maximum_spanning_forest
2080,2082,maximum_spanning_forest
2081,2110,maximum_spanning_forest
2081,2124,maximum_spanning_forest
2081,2135,maximum_spanning_forest
2081,2182,maximum_spanning_forest
2081,2186,maximum_spanning_forest
2082,2083,maximum_spanning_forest
2082,2118,maximum_spanning_forest
2085,2180,maximum_spanning_forest
2086,2263,maximum_spanning_forest
2090,2102,maximum_spanning_forest
2091,2092,maximum_spanning_forest
2091,2094,maximum_spanning_forest
2091,2163,maximum_spanning_forest
2092,2112,maximum_spanning_forest
2093,2103,maximum_spanning_forest
2093,2119,maximum_spanning_forest
2095,2184,maximum_spanning_forest
2096,2097,maximum_spanning_forest
2097,2189,maximum_spanning_forest
2098,2129,maximum_spanning_forest
2098,2175,maximum_spanning_forest
2103,2104,maximum_spanning_forest
2104,2105,maximum_spanning_forest
2106,2108,maximum_spanning_forest
2106,2109,maximum_spanning_forest
2107,2129,maximum_spanning_forest
2107,2141,maximum_spanning_forest
2107,2157,maximum_spanning_forest
2109,2153,maximum_spanning_forest
2109,2163,maximum_spanning_forest
2109,2169,maximum_spanning_forest
2111,2126,maximum_spanning_forest
2111,2144,maximum_spanning_forest
2111,2155,maximum_spanning_forest
2113,2114,maximum_spanning_forest
2115,2138,maximum_spanning_forest
2117,2120,maximum_spanning_forest
2117,2123,maximum_spanning_forest
2117,2136,maximum_spanning_forest
2117,2171,maximum_spanning_forest
2118,2123,maximum_spanning_forest
2119,2123,maximum_spanning_forest
2120,2124,maximum_spanning_forest
2121,2157,maximum_spanning_forest
2121,2160,maximum_spanning_forest
2124,2187,maximum_spanning_forest
2125,2165,maximum_spanning_forest
2127,2128,maximum_spanning_forest
2128,2165,maximum_spanning_forest
2130,2140,maximum_spanning_forest
2132,2245,maximum_spanning_forest
2133,2144,maximum_spanning_forest
2134,2146,maximum_spanning_forest
2134,2157,maximum_spanning_forest
2134,2189,maximum_spanning_forest
2135,2137,maximum_spanning_forest
2137,2142,maximum_spanning_forest
2138,2140,maximum_spanning_forest
2139,2140,maximum_spanning_forest
2141,2143,maximum_spanning_forest
2142,2513,maximum_spanning_forest
2143,2145,maximum_spanning_forest
2144,2177,maximum_spanning_forest
2144,2225,maximum_spanning_forest
2147,2169,maximum_spanning_forest
2149,2184,maximum_spanning_forest
2151,2184,maximum_spanning_forest
2152,2153,maximum_spanning_forest
2152,2159,maximum_spanning_forest
2153,2154,maximum_spanning_forest
2154,2156,maximum_spanning_forest
2156,2158,maximum_spanning_forest
2161,2162,maximum_spanning_forest
2163,2183,maximum_spanning_forest
2164,2165,maximum_spanning_forest
2165,2167,maximum_spanning_forest
2166,2177,maximum_spanning_forest
2170,2171,maximum_spanning_forest
2170,2172,maximum_spanning_forest
2171,2173,maximum_spanning_forest
2171,2221,maximum_spanning_forest
2173,2174,maximum_spanning_forest
2178,2230,maximum_spanning_forest
2179,2250,maximum_spanning_forest
2184,2236,maximum_spanning_forest
2184,2261,maximum_spanning_forest
2190,2219,maximum_spanning_forest
2190,2234,maximum_spanning_forest
2190,2257,maximum_spanning_forest
2191,2227,maximum_spanning_forest
2192,2193,maximum_spanning_forest
2192,2194,maximum_spanning_forest
2194,2226,maximum_spanning_forest
2199,2209,maximum_spanning_forest
2199,2214,maximum_spanning_forest
2200,2204,maximum_spanning_forest
2201,2264,maximum_spanning_forest
2202,2207,maximum_spanning_forest
2203,2211,maximum_spanning_forest
2204,2205,maximum_spanning_forest
2206,2211,maximum_spanning_forest
2207,2208,maximum_spanning_forest
2209,2248,maximum_spanning_forest
2210,2243,maximum_spanning_forest
2210,2442,maximum_spanning_forest
2211,2213,maximum_spanning_forest
2211,2214,maximum_spanning_forest
2212,2222,maximum_spanning_forest
2216,2235,maximum_spanning_forest
2217,2234,maximum_spanning_forest
2220,2247,maximum_spanning_forest
2223,2243,maximum_spanning_forest
2224,2237,maximum_spanning_forest
2225,2226,maximum_spanning_forest
2233,2255,maximum_spanning_forest
2239,2246,maximum_spanning_forest
2240,2262,maximum_spanning_forest
2241,2243,maximum_spanning_forest
2242,2249,maximum_spanning_forest
2245,2253,maximum_spanning_forest
2247,2253,maximum_spanning_forest
2247,2256,maximum_spanning_forest
2249,2256,maximum_spanning_forest
2251,2252,maximum_spanning_forest
2255,2264,maximum_spanning_forest
2258,2260,maximum_spanning_forest
2266,2452,maximum_spanning_forest
2267,2483,maximum_spanning_forest
2267,2505,maximum_spanning_forest
2268,2269,maximum_spanning_forest
2268,2296,maximum_spanning_forest
2268,2374,maximum_spanning_forest
2268,2506,maximum_spanning_forest
2269,2500,maximum_spanning_forest
2270,2408,maximum_spanning_forest
2270,2504,maximum_spanning_forest
2271,2359,maximum_spanning_forest
2271,2430,maximum_spanning_forest
2271,2482,maximum_spanning_forest
2272,2351,maximum_spanning_forest
2273,2421,maximum_spanning_forest
2273,2471,maximum_spanning_forest
2274,2361,maximum_spanning_forest
2274,2402,maximum_spanning_forest
2274,2422,maximum_spanning_forest
2275,2474,maximum_spanning_forest
2276,2427,maximum_spanning_forest
2276,2480,maximum_spanning_forest
2277,2306,maximum_spanning_forest
2277,2412,maximum_spanning_forest
2277,2419,maximum_spanning_forest
2278,2507,maximum_spanning_forest
2279,2295,maximum_spanning_forest
2280,2284,maximum_spanning_forest
2280,2286,maximum_spanning_forest
2281,2305,maximum_spanning_forest
2281,2339,maximum_spanning_forest
2281,2400,maximum_spanning_forest
2281,2511,maximum_spanning_forest
2282,2290,maximum_spanning_forest
2282,2294,maximum_spanning_forest
2283,2429,maximum_spanning_forest
2283,2480,maximum_spanning_forest
2285,2403,maximum_spanning_forest
2285,2416,maximum_spanning_forest
2286,2288,maximum_spanning_forest
2288,2291,maximum_spanning_forest
2288,2317,maximum_spanning_forest
2289,2305,maximum_spanning_forest
2289,2420,maximum_spanning_forest
2289,2512,maximum_spanning_forest
2290,2383,maximum_spanning_forest
2291,2417,maximum_spanning_forest
2291,2498,maximum_spanning_forest
2292,2357,maximum_spanning_forest
2292,2415,maximum_spanning_forest
2292,2436,maximum_spanning_forest
2293,2294,maximum_spanning_forest
2294,2404,maximum_spanning_forest
2294,2424,maximum_spanning_forest
2295,2345,maximum_spanning_forest
2295,2367,maximum_spanning_forest
2295,2488,maximum_spanning_forest
2296,2392,maximum_spanning_forest
2297,2381,maximum_spanning_forest
2298,2460,maximum_spanning_forest
2299,2482,maximum_spanning_forest
2299,2518,maximum_spanning_forest
2300,2417,maximum_spanning_forest
2301,2337,maximum_spanning_forest
2302,2434,maximum_spanning_forest
2302,2494,maximum_spanning_forest
2304,2325,maximum_spanning_forest
2305,2403,maximum_spanning_forest
2306,2387,maximum_spanning_forest
2306,2476,maximum_spanning_forest
2306,2501,maximum_spanning_forest
2307,3901,maximum_spanning_forest
2308,2487,maximum_spanning_forest
2309,2321,maximum_spanning_forest
2309,2326,maximum_spanning_forest
2310,2323,maximum_spanning_forest
2310,2355,maximum_spanning_forest
2311,2314,maximum_spanning_forest
2311,2339,maximum_spanning_forest
2312,2369,maximum_spanning_forest
2313,2477,maximum_spanning_forest
2314,2332,maximum_spanning_forest
2314,2352,maximum_spanning_forest
2314,2372,maximum_spanning_forest
2315,2358,maximum_spanning_forest
2316,2346,maximum_spanning_forest
2318,2452,maximum_spanning_forest
2318,2458,maximum_spanning_forest
2320,2490,maximum_spanning_forest
2321,2325,maximum_spanning_forest
2322,2334,maximum_spanning_forest
2322,2487,maximum_spanning_forest
2323,2347,maximum_spanning_forest
2324,2365,maximum_spanning_forest
2324,2521,maximum_spanning_forest
2325,2337,maximum_spanning_forest
2327,2346,maximum_spanning_forest
2327,2373,maximum_spanning_forest
2329,2385,maximum_spanning_forest
2329,2417,maximum_spanning_forest
2330,2342,maximum_spanning_forest
2331,2437,maximum_spanning_forest
2331,2474,maximum_spanning_forest
2331,2493,maximum_spanning_forest
2333,2356,maximum_spanning_forest
2333,2400,maximum_spanning_forest
2334,2373,maximum_spanning_forest
2335,2347,maximum_spanning_forest
2335,2358,maximum_spanning_forest
2336,2354,maximum_spanning_forest
2336,2373,maximum_spanning_forest
2337,2400,maximum_spanning_forest
2338,2438,maximum_spanning_forest
2338,2455,maximum_spanning_forest
2340,2456,maximum_spanning_forest
2340,2473,maximum_spanning_forest
2340,2493,maximum_spanning_forest
2341,2489,maximum_spanning_forest
2341,2515,maximum_spanning_forest
2342,2358,maximum_spanning_forest
2343,2355,maximum_spanning_forest
2344,2400,maximum_spanning_forest
2344,2514,maximum_spanning_forest
2345,2357,maximum_spanning_forest
2346,2350,maximum_spanning_forest
2346,2353,maximum_spanning_forest
2347,2364,maximum_spanning_forest
2349,2502,maximum_spanning_forest
2351,2427,maximum_spanning_forest
2355,2365,maximum_spanning_forest
2355,2371,maximum_spanning_forest
2360,2370,maximum_spanning_forest
2360,2380,maximum_spanning_forest
2360,2491,maximum_spanning_forest
2362,2495,maximum_spanning_forest
2363,2378,maximum_spanning_forest
2365,2366,maximum_spanning_forest
2368,2519,maximum_spanning_forest
2369,2395,maximum_spanning_forest
2375,2401,maximum_spanning_forest
2376,2377,maximum_spanning_forest
2377,2503,maximum_spanning_forest
2378,2386,maximum_spanning_forest
2378,2394,maximum_spanning_forest
2378,2508,maximum_spanning_forest
2378,2523,maximum_spanning_forest
2379,2493,maximum_spanning_forest
2381,2397,maximum_spanning_forest
2381,2431,maximum_spanning_forest
2381,2469,maximum_spanning_forest
2382,2383,maximum_spanning_forest
2382,2407,maximum_spanning_forest
2382,2519,maximum_spanning_forest
2383,2496,maximum_spanning_forest
2384,2427,maximum_spanning_forest
2388,2506,maximum_spanning_forest
2389,2511,maximum_spanning_forest
2390,2391,maximum_spanning_forest
2391,2440,maximum_spanning_forest
2392,2396,maximum_spanning_forest
2393,2396,maximum_spanning_forest
2394,2425,maximum_spanning_forest
2394,2427,maximum_spanning_forest
2394,2433,maximum_spanning_forest
2395,2495,maximum_spanning_forest
2395,2496,maximum_spanning_forest
2397,2444,maximum_spanning_forest
2397,2475,maximum_spanning_forest
2397,2487,maximum_spanning_forest
2398,2410,maximum_spanning_forest
2398,2427,maximum_spanning_forest
2399,2437,maximum_spanning_forest
2400,2444,maximum_spanning_forest
2401,2449,maximum_spanning_forest
2402,2440,maximum_spanning_forest
2403,2497,maximum_spanning_forest
2403,2499,maximum_spanning_forest
2403,2516,maximum_spanning_forest
2405,2483,maximum_spanning_forest
2406,2422,maximum_spanning_forest
2408,2414,maximum_spanning_forest
2408,2472,maximum_spanning_forest
2408,2506,maximum_spanning_forest
2409,2469,maximum_spanning_forest
2411,2428,maximum_spanning_forest
2411,2810,maximum_spanning_forest
2413,2467,maximum_spanning_forest
2414,2483,maximum_spanning_forest
2417,2509,maximum_spanning_forest
2418,2431,maximum_spanning_forest
2419,2449,maximum_spanning_forest
2419,2487,maximum_spanning_forest
2420,2470,maximum_spanning_forest
2420,2493,maximum_spanning_forest
2423,2521,maximum_spanning_forest
2424,2437,maximum_spanning_forest
2426,2484,maximum_spanning_forest
2427,2440,maximum_spanning_forest
2427,2466,maximum_spanning_forest
2428,2475,maximum_spanning_forest
2430,2522,maximum_spanning_forest
2430,2523,maximum_spanning_forest
2432,2500,maximum_spanning_forest
2434,2514,maximum_spanning_forest
2435,2481,maximum_spanning_forest
2436,2444,maximum_spanning_forest
2438,2514,maximum_spanning_forest
2439,2452,maximum_spanning_forest
2439,2467,maximum_spanning_forest
2440,2446,maximum_spanning_forest
2442,2465,maximum_spanning_forest
2443,2447,maximum_spanning_forest
2443,2453,maximum_spanning_forest
2443,2463,maximum_spanning_forest
2445,3583,maximum_spanning_forest
2445,3838,maximum_spanning_forest
2446,2457,maximum_spanning_forest
2446,2464,maximum_spanning_forest
2447,2448,maximum_spanning_forest
2450,2458,maximum_spanning_forest
2451,2491,maximum_spanning_forest
2452,2477,maximum_spanning_forest
2453,2454,maximum_spanning_forest
2454,2468,maximum_spanning_forest
2457,2467,maximum_spanning_forest
2459,2462,maximum_spanning_forest
2460,2462,maximum_spanning_forest
2462,2463,maximum_spanning_forest
2464,2478,maximum_spanning_forest
2464,2481,maximum_spanning_forest
2471,2476,maximum_spanning_forest
2471,2490,maximum_spanning_forest
2477,2489,maximum_spanning_forest
2479,2480,maximum_spanning_forest
2484,2492,maximum_spanning_forest
2484,2509,maximum_spanning_forest
2485,2494,maximum_spanning_forest
2486,2515,maximum_spanning_forest
2497,2503,maximum_spanning_forest
2500,2509,maximum_spanning_forest
2501,2520,maximum_spanning_forest
2507,2522,maximum_spanning_forest
2509,2519,maximum_spanning_forest
2510,2517,maximum_spanning_forest
2511,2521,maximum_spanning_forest
2517,2520,maximum_spanning_forest
2525,2570,maximum_spanning_forest
2525,2709,maximum_spanning_forest
2525,2737,maximum_spanning_forest
2526,2554,maximum_spanning_forest
2526,2565,maximum_spanning_forest
2527,2540,maximum_spanning_forest
2527,2732,maximum_spanning_forest
2528,2650,maximum_spanning_forest
2529,2708,maximum_spanning_forest
2530,2629,maximum_spanning_forest
2530,2666,maximum_spanning_forest
2530,2675,maximum_spanning_forest
2530,2677,maximum_spanning_forest
2531,2536,maximum_spanning_forest
2532,2574,maximum_spanning_forest
2532,2704,maximum_spanning_forest
2533,2705,maximum_spanning_forest
2534,2707,maximum_spanning_forest
2535,2726,maximum_spanning_forest
2535,2729,maximum_spanning_forest
2536,2549,maximum_spanning_forest
2537,2668,maximum_spanning_forest
2538,2629,maximum_spanning_forest
2538,2659,maximum_spanning_forest
2539,2593,maximum_spanning_forest
2539,2693,maximum_spanning_forest
2539,2710,maximum_spanning_forest
2539,2743,maximum_spanning_forest
2540,2707,maximum_spanning_forest
2541,2700,maximum_spanning_forest
2541,2704,maximum_spanning_forest
2541,2707,maximum_spanning_forest
2542,2638,maximum_spanning_forest
2543,2544,maximum_spanning_forest
2543,2635,maximum_spanning_forest
2543,2677,maximum_spanning_forest
2544,2699,maximum_spanning_forest
2545,2694,maximum_spanning_forest
2546,2568,maximum_spanning_forest
2546,2699,maximum_spanning_forest
2547,2552,maximum_spanning_forest
2548,2551,maximum_spanning_forest
2548,2556,maximum_spanning_forest
2548,2734,maximum_spanning_forest
2549,2638,maximum_spanning_forest
2549,2734,maximum_spanning_forest
2550,2613,maximum_spanning_forest
2550,2620,maximum_spanning_forest
2551,2552,maximum_spanning_forest
2551,2676,maximum_spanning_forest
2553,2645,maximum_spanning_forest
2554,2719,maximum_spanning_forest
2555,2700,maximum_spanning_forest
2556,2656,maximum_spanning_forest
2557,2562,maximum_spanning_forest
2558,2595,maximum_spanning_forest
2558,2642,maximum_spanning_forest
2558,2686,maximum_spanning_forest
2559,2588,maximum_spanning_forest
2559,2715,maximum_spanning_forest
2559,2751,maximum_spanning_forest
2560,2586,maximum_spanning_forest
2560,2645,maximum_spanning_forest
2561,2740,maximum_spanning_forest
2561,2745,maximum_spanning_forest
2562,2646,maximum_spanning_forest
2563,2613,maximum_spanning_forest
2563,2651,maximum_spanning_forest
2564,2650,maximum_spanning_forest
2565,2724,maximum_spanning_forest
2566,2688,maximum_spanning_forest
2567,2602,maximum_spanning_forest
2567,2608,maximum_spanning_forest
2567,2746,maximum_spanning_forest
2568,2572,maximum_spanning_forest
2568,2615,maximum_spanning_forest
2569,2725,maximum_spanning_forest
2569,2745,maximum_spanning_forest
2570,2738,maximum_spanning_forest
2571,2689,maximum_spanning_forest
2572,2748,maximum_spanning_forest
2573,2608,maximum_spanning_forest
2574,2709,maximum_spanning_forest
2576,2685,maximum_spanning_forest
2576,2745,maximum_spanning_forest
2577,2741,maximum_spanning_forest
2578,2581,maximum_spanning_forest
2579,2686,maximum_spanning_forest
2580,2589,maximum_spanning_forest
2580,2617,maximum_spanning_forest
2580,2685,maximum_spanning_forest
2580,2712,maximum_spanning_forest
2581,2680,maximum_spanning_forest
2581,2687,maximum_spanning_forest
2582,2615,maximum_spanning_forest
2583,2730,maximum_spanning_forest
2584,2590,maximum_spanning_forest
2584,3593,maximum_spanning_forest
2585,2618,maximum_spanning_forest
2585,2662,maximum_spanning_forest
2585,2668,maximum_spanning_forest
2587,2718,maximum_spanning_forest
2588,2609,maximum_spanning_forest
2589,2612,maximum_spanning_forest
2589,2730,maximum_spanning_forest
2590,2715,maximum_spanning_forest
2591,2716,maximum_spanning_forest
2592,2600,maximum_spanning_forest
2592,2630,maximum_spanning_forest
2592,2711,maximum_spanning_forest
2592,2722,maximum_spanning_forest
2594,2631,maximum_spanning_forest
2594,2681,maximum_spanning_forest
2596,2649,maximum_spanning_forest
2598,2702,maximum_spanning_forest
2599,2612,maximum_spanning_forest
2600,2719,maximum_spanning_forest
2601,2658,maximum_spanning_forest
2602,2662,maximum_spanning_forest
2602,2712,maximum_spanning_forest
2602,2749,maximum_spanning_forest
2603,2735,maximum_spanning_forest
2604,2722,maximum_spanning_forest
2605,2625,maximum_spanning_forest
2606,2617,maximum_spanning_forest
2606,2684,maximum_spanning_forest
2607,2613,maximum_spanning_forest
2607,2735,maximum_spanning_forest
2608,2734,maximum_spanning_forest
2610,2625,maximum_spanning_forest
2610,2628,maximum_spanning_forest
2610,2715,maximum_spanning_forest
2611,2670,maximum_spanning_forest
2613,2619,maximum_spanning_forest
2614,2649,maximum_spanning_forest
2614,2664,maximum_spanning_forest
2614,2674,maximum_spanning_forest
2615,2737,maximum_spanning_forest
2616,2634,maximum_spanning_forest
2616,2636,maximum_spanning_forest
2617,2631,maximum_spanning_forest
2619,2623,maximum_spanning_forest
2619,2628,maximum_spanning_forest
2619,2658,maximum_spanning_forest
2620,2750,maximum_spanning_forest
2621,2715,maximum_spanning_forest
2621,2741,maximum_spanning_forest
2622,2627,maximum_spanning_forest
2624,2710,maximum_spanning_forest
2625,2626,maximum_spanning_forest
2625,2631,maximum_spanning_forest
2627,2633,maximum_spanning_forest
2627,2662,maximum_spanning_forest
2628,2706,maximum_spanning_forest
2628,2742,maximum_spanning_forest
2631,3007,maximum_spanning_forest
2632,2643,maximum_spanning_forest
2633,2649,maximum_spanning_forest
2633,2652,maximum_spanning_forest
2635,2967,maximum_spanning_forest
2636,2655,maximum_spanning_forest
2636,2690,maximum_spanning_forest
2637,2643,maximum_spanning_forest
2639,2648,maximum_spanning_forest
2640,2673,maximum_spanning_forest
2641,2657,maximum_spanning_forest
2641,2661,maximum_spanning_forest
2641,2728,maximum_spanning_forest
2642,2668,maximum_spanning_forest
2643,2686,maximum_spanning_forest
2643,2695,maximum_spanning_forest
2643,2717,maximum_spanning_forest
2644,2648,maximum_spanning_forest
2644,2730,maximum_spanning_forest
2646,2680,maximum_spanning_forest
2647,2739,maximum_spanning_forest
2648,2650,maximum_spanning_forest
2649,2655,maximum_spanning_forest
2649,2670,maximum_spanning_forest
2650,2663,maximum_spanning_forest
2651,2689,maximum_spanning_forest
2651,2723,maximum_spanning_forest
2653,2730,maximum_spanning_forest
2654,2679,maximum_spanning_forest
2655,2660,maximum_spanning_forest
2656,2672,maximum_spanning_forest
2657,2715,maximum_spanning_forest
2659,2731,maximum_spanning_forest
2661,2669,maximum_spanning_forest
2667,2739,maximum_spanning_forest
2668,2673,maximum_spanning_forest
2671,2706,maximum_spanning_forest
2677,3925,maximum_spanning_forest
2678,2686,maximum_spanning_forest
2679,2681,maximum_spanning_forest
2680,2684,maximum_spanning_forest
2682,2712,maximum_spanning_forest
2683,2686,maximum_spanning_forest
2683,2739,maximum_spanning_forest
2688,2694,maximum_spanning_forest
2688,2704,maximum_spanning_forest
2690,3592,maximum_spanning_forest
2691,2742,maximum_spanning_forest
2692,2697,maximum_spanning_forest
2692,2740,maximum_spanning_forest
2693,2702,maximum_spanning_forest
2696,2719,maximum_spanning_forest
2696,2744,maximum_spanning_forest
2698,3596,maximum_spanning_forest
2699,2718,maximum_spanning_forest
2700,2716,maximum_spanning_forest
2701,2721,maximum_spanning_forest
2703,2737,maximum_spanning_forest
2708,2742,maximum_spanning_forest
2709,2713,maximum_spanning_forest
2710,2727,maximum_spanning_forest
2711,2732,maximum_spanning_forest
2714,2745,maximum_spanning_forest
2715,2720,maximum_spanning_forest
2715,2721,maximum_spanning_forest
2719,2733,maximum_spanning_forest
2727,2737,maximum_spanning_forest
2729,2736,maximum_spanning_forest
2729,2746,maximum_spanning_forest
2732,2751,maximum_spanning_forest
2747,2748,maximum_spanning_forest
2752,2990,maximum_spanning_forest
2753,2950,maximum_spanning_forest
2754,2916,maximum_spanning_forest
2754,2953,maximum_spanning_forest
2755,2940,maximum_spanning_forest
2756,2772,maximum_spanning_forest
2757,2819,maximum_spanning_forest
2757,2908,maximum_spanning_forest
2757,2930,maximum_spanning_forest
2758,2771,maximum_spanning_forest
2759,2876,maximum_spanning_forest
2759,2964,maximum_spanning_forest
2759,3004,maximum_spanning_forest
2760,2772,maximum_spanning_forest
2760,2941,maximum_spanning_forest
2761,2904,maximum_spanning_forest
2761,2941,maximum_spanning_forest
2762,2894,maximum_spanning_forest
2762,2899,maximum_spanning_forest
2762,2971,maximum_spanning_forest
2762,2983,maximum_spanning_forest
2762,3000,maximum_spanning_forest
2763,2864,maximum_spanning_forest
2764,2831,maximum_spanning_forest
2764,2885,maximum_spanning_forest
2764,2985,maximum_spanning_forest
2765,2770,maximum_spanning_forest
2765,2887,maximum_spanning_forest
2765,2933,maximum_spanning_forest
2766,2964,maximum_spanning_forest
2767,2783,maximum_spanning_forest
2768,2812,maximum_spanning_forest
2769,2872,maximum_spanning_forest
2770,2837,maximum_spanning_forest
2771,2891,maximum_spanning_forest
2772,2964,maximum_spanning_forest
2773,2860,maximum_spanning_forest
2773,2965,maximum_spanning_forest
2774,2942,maximum_spanning_forest
2774,3165,maximum_spanning_forest
2775,2926,maximum_spanning_forest
2776,2987,maximum_spanning_forest
2777,2802,maximum_spanning_forest
2778,2833,maximum_spanning_forest
2778,2844,maximum_spanning_forest
2778,2849,maximum_spanning_forest
2778,2872,maximum_spanning_forest
2779,2874,maximum_spanning_forest
2780,2841,maximum_spanning_forest
2781,2842,maximum_spanning_forest
2782,2791,maximum_spanning_forest
2782,2838,maximum_spanning_forest
2782,2969,maximum_spanning_forest
2783,2876,maximum_spanning_forest
2784,2856,maximum_spanning_forest
2785,2973,maximum_spanning_forest
2786,2880,maximum_spanning_forest
2787,2872,maximum_spanning_forest
2788,2824,maximum_spanning_forest
2788,2836,maximum_spanning_forest
2788,2862,maximum_spanning_forest
2788,2869,maximum_spanning_forest
2789,2817,maximum_spanning_forest
2790,2795,maximum_spanning_forest
2790,2825,maximum_spanning_forest
2790,2850,maximum_spanning_forest
2791,2853,maximum_spanning_forest
2792,2794,maximum_spanning_forest
2792,2801,maximum_spanning_forest
2792,2870,maximum_spanning_forest
2793,2834,maximum_spanning_forest
2793,2835,maximum_spanning_forest
2794,2863,maximum_spanning_forest
2795,2849,maximum_spanning_forest
2796,2820,maximum_spanning_forest
2796,2898,maximum_spanning_forest
2797,2830,maximum_spanning_forest
2797,2865,maximum_spanning_forest
2798,2901,maximum_spanning_forest
2799,2811,maximum_spanning_forest
2800,2978,maximum_spanning_forest
2800,3002,maximum_spanning_forest
2802,2958,maximum_spanning_forest
2803,2847,maximum_spanning_forest
2804,2817,maximum_spanning_forest
2804,2834,maximum_spanning_forest
2804,2952,maximum_spanning_forest
2804,2969,maximum_spanning_forest
2805,2862,maximum_spanning_forest
2806,2879,maximum_spanning_forest
2806,2912,maximum_spanning_forest
2806,2943,maximum_spanning_forest
2807,2839,maximum_spanning_forest
2807,2863,maximum_spanning_forest
2808,2924,maximum_spanning_forest
2809,2812,maximum_spanning_forest
2809,2857,maximum_spanning_forest
2809,2863,maximum_spanning_forest
2811,2867,maximum_spanning_forest
2812,2854,maximum_spanning_forest
2812,2861,maximum_spanning_forest
2813,2832,maximum_spanning_forest
2813,2858,maximum_spanning_forest
2814,2874,maximum_spanning_forest
2815,2817,maximum_spanning_forest
2815,2832,maximum_spanning_forest
2815,2862,maximum_spanning_forest
2816,2913,maximum_spanning_forest
2816,2942,maximum_spanning_forest
2817,2856,maximum_spanning_forest
2818,2846,maximum_spanning_forest
2818,2867,maximum_spanning_forest
2818,2998,maximum_spanning_forest
2819,2845,maximum_spanning_forest
2819,2864,maximum_spanning_forest
2819,2875,maximum_spanning_forest
2820,2984,maximum_spanning_forest
2820,3152,maximum_spanning_forest
2821,3487,maximum_spanning_forest
2821,3549,maximum_spanning_forest
2822,2838,maximum_spanning_forest
2822,2876,maximum_spanning_forest
2823,2849,maximum_spanning_forest
2824,2842,maximum_spanning_forest
2826,2891,maximum_spanning_forest
2827,2835,maximum_spanning_forest
2828,2834,maximum_spanning_forest
2828,2874,maximum_spanning_forest
2829,2830,maximum_spanning_forest
2829,3006,maximum_spanning_forest
2830,2968,maximum_spanning_forest
2839,2844,maximum_spanning_forest
2840,2961,maximum_spanning_forest
2841,2846,maximum_spanning_forest
2843,2905,maximum_spanning_forest
2843,2919,maximum_spanning_forest
2844,2998,maximum_spanning_forest
2845,2956,maximum_spanning_forest
2846,2851,maximum_spanning_forest
2846,2852,maximum_spanning_forest
2847,3002,maximum_spanning_forest
2848,2954,maximum_spanning_forest
2848,2974,maximum_spanning_forest
2852,2866,maximum_spanning_forest
2853,2861,maximum_spanning_forest
2853,2865,maximum_spanning_forest
2855,2986,maximum_spanning_forest
2856,2873,maximum_spanning_forest
2859,2943,maximum_spanning_forest
2860,2964,maximum_spanning_forest
2868,2889,maximum_spanning_forest
2871,3005,maximum_spanning_forest
2877,2902,maximum_spanning_forest
2877,2931,maximum_spanning_forest
2878,2915,maximum_spanning_forest
2879,2972,maximum_spanning_forest
2879,2982,maximum_spanning_forest
2880,2892,maximum_spanning_forest
2880,2972,maximum_spanning_forest
2881,2917,maximum_spanning_forest
2882,2947,maximum_spanning_forest
2882,2950,maximum_spanning_forest
2883,2934,maximum_spanning_forest
2884,2977,maximum_spanning_forest
2884,2981,maximum_spanning_forest
2885,2889,maximum_spanning_forest
2885,2939,maximum_spanning_forest
2885,2940,maximum_spanning_forest
2886,2976,maximum_spanning_forest
2888,2901,maximum_spanning_forest
2888,2903,maximum_spanning_forest
2889,2924,maximum_spanning_forest
2890,2938,maximum_spanning_forest
2891,2913,maximum_spanning_forest
2892,2926,maximum_spanning_forest
2892,2999,maximum_spanning_forest
2893,2927,maximum_spanning_forest
2893,2944,maximum_spanning_forest
2894,2981,maximum_spanning_forest
2894,2987,maximum_spanning_forest
2895,2927,maximum_spanning_forest
2896,2912,maximum_spanning_forest
2896,2933,maximum_spanning_forest
2896,2985,maximum_spanning_forest
2897,2975,maximum_spanning_forest
2897,2976,maximum_spanning_forest
2898,2909,maximum_spanning_forest
2898,2913,maximum_spanning_forest
2899,2946,maximum_spanning_forest
2900,2911,maximum_spanning_forest
2902,2909,maximum_spanning_forest
2903,2916,maximum_spanning_forest
2903,2937,maximum_spanning_forest
2903,2939,maximum_spanning_forest
2905,2991,maximum_spanning_forest
2906,2991,maximum_spanning_forest
2907,2938,maximum_spanning_forest
2907,2990,maximum_spanning_forest
2909,2922,maximum_spanning_forest
2909,2925,maximum_spanning_forest
2910,2924,maximum_spanning_forest
2910,2992,maximum_spanning_forest
2911,2983,maximum_spanning_forest
2912,2989,maximum_spanning_forest
2912,2996,maximum_spanning_forest
2914,2949,maximum_spanning_forest
2915,2938,maximum_spanning_forest
2917,2942,maximum_spanning_forest
2918,2972,maximum_spanning_forest
2918,2994,maximum_spanning_forest
2919,2954,maximum_spanning_forest
2920,2965,maximum_spanning_forest
2921,2962,maximum_spanning_forest
2923,2929,maximum_spanning_forest
2923,2932,maximum_spanning_forest
2923,2976,maximum_spanning_forest
2924,2947,maximum_spanning_forest
2926,2935,maximum_spanning_forest
2926,2960,maximum_spanning_forest
2926,2981,maximum_spanning_forest
2928,2931,maximum_spanning_forest
2929,2959,maximum_spanning_forest
2930,3006,maximum_spanning_forest
2931,3718,maximum_spanning_forest
2932,2962,maximum_spanning_forest
2934,2972,maximum_spanning_forest
2936,2942,maximum_spanning_forest
2937,3005,maximum_spanning_forest
2938,2987,maximum_spanning_forest
2943,2961,maximum_spanning_forest
2945,2980,maximum_spanning_forest
2945,3002,maximum_spanning_forest
2945,3006,maximum_spanning_forest
2947,2979,maximum_spanning_forest
2948,3025,maximum_spanning_forest
2951,2979,maximum_spanning_forest
2952,2996,maximum_spanning_forest
2955,2971,maximum_spanning_forest
2956,2988,maximum_spanning_forest
2957,2990,maximum_spanning_forest
2958,3006,maximum_spanning_forest
2959,2990,maximum_spanning_forest
2959,2993,maximum_spanning_forest
2962,2973,maximum_spanning_forest
2963,2965,maximum_spanning_forest
2963,2970,maximum_spanning_forest
2964,3001,maximum_spanning_forest
2966,2997,maximum_spanning_forest
2971,2986,maximum_spanning_forest
2981,2991,maximum_spanning_forest
2984,2996,maximum_spanning_forest
2991,2995,maximum_spanning_forest
2991,3003,maximum_spanning_forest
2997,3002,maximum_spanning_forest
3008,3072,maximum_spanning_forest
3008,3182,maximum_spanning_forest
3009,3221,maximum_spanning_forest
3009,3250,maximum_spanning_forest
3010,3109,maximum_spanning_forest
3011,3193,maximum_spanning_forest
3011,3212,maximum_spanning_forest
3012,3276,maximum_spanning_forest
3013,3044,maximum_spanning_forest
3014,3041,maximum_spanning_forest
3015,3132,maximum_spanning_forest
3015,3179,maximum_spanning_forest
3015,3245,maximum_spanning_forest
3016,3054,maximum_spanning_forest
3016,3060,maximum_spanning_forest
3016,3121,maximum_spanning_forest
3017,3192,maximum_spanning_forest
3018,3039,maximum_spanning_forest
3018,3059,maximum_spanning_forest
3018,3224,maximum_spanning_forest
3019,3187,maximum_spanning_forest
3019,3224,maximum_spanning_forest
3020,3179,maximum_spanning_forest
3021,3183,maximum_spanning_forest
3022,3148,maximum_spanning_forest
3022,3178,maximum_spanning_forest
3023,3065,maximum_spanning_forest
3023,3195,maximum_spanning_forest
3024,3169,maximum_spanning_forest
3024,3216,maximum_spanning_forest
3025,3255,maximum_spanning_forest
3026,3173,maximum_spanning_forest
3026,3182,maximum_spanning_forest
3026,3230,maximum_spanning_forest
3027,3244,maximum_spanning_forest
3028,3156,maximum_spanning_forest
3028,3235,maximum_spanning_forest
3029,3036,maximum_spanning_forest
3029,3153,maximum_spanning_forest
3029,3186,maximum_spanning_forest
3030,3032,maximum_spanning_forest
3030,3282,maximum_spanning_forest
3031,3080,maximum_spanning_forest
3033,3057,maximum_spanning_forest
3034,3091,maximum_spanning_forest
3034,3109,maximum_spanning_forest
3034,3210,maximum_spanning_forest
3035,3094,maximum_spanning_forest
3035,3166,maximum_spanning_forest
3036,3184,maximum_spanning_forest
3037,3132,maximum_spanning_forest
3038,3109,maximum_spanning_forest
3038,3150,maximum_spanning_forest
3039,3164,maximum_spanning_forest
3040,3086,maximum_spanning_forest
3041,3045,maximum_spanning_forest
3041,3079,maximum_spanning_forest
3041,3263,maximum_spanning_forest
3041,3272,maximum_spanning_forest
3042,3088,maximum_spanning_forest
3042,3207,maximum_spanning_forest
3043,3096,maximum_spanning_forest
3043,3268,maximum_spanning_forest
3044,3080,maximum_spanning_forest
3044,3154,maximum_spanning_forest
3044,3171,maximum_spanning_forest
3044,3253,maximum_spanning_forest
3044,3266,maximum_spanning_forest
3046,3057,maximum_spanning_forest
3046,3116,maximum_spanning_forest
3047,3187,maximum_spanning_forest
3048,3104,maximum_spanning_forest
3048,3157,maximum_spanning_forest
3048,3257,maximum_spanning_forest
3049,3128,maximum_spanning_forest
3050,3090,maximum_spanning_forest
3051,3274,maximum_spanning_forest
3052,3117,maximum_spanning_forest
3053,3154,maximum_spanning_forest
3053,3219,maximum_spanning_forest
3054,3108,maximum_spanning_forest
3054,3284,maximum_spanning_forest
3055,3098,maximum_spanning_forest
3055,3174,maximum_spanning_forest
3055,3203,maximum_spanning_forest
3056,3083,maximum_spanning_forest
3058,3067,maximum_spanning_forest
3058,3185,maximum_spanning_forest
3059,3257,maximum_spanning_forest
3060,3066,maximum_spanning_forest
3061,3071,maximum_spanning_forest
3061,3116,maximum_spanning_forest
3062,3227,maximum_spanning_forest
3062,3228,maximum_spanning_forest
3063,3110,maximum_spanning_forest
3063,3188,maximum_spanning_forest
3063,3258,maximum_spanning_forest
3064,3088,maximum_spanning_forest
3064,3148,maximum_spanning_forest
3064,3256,maximum_spanning_forest
3064,3257,maximum_spanning_forest
3065,3177,maximum_spanning_forest
3065,3220,maximum_spanning_forest
3066,3132,maximum_spanning_forest
3067,3257,maximum_spanning_forest
3068,3202,maximum_spanning_forest
3069,3267,maximum_spanning_forest
3070,3109,maximum_spanning_forest
3070,3212,maximum_spanning_forest
3072,3090,maximum_spanning_forest
3072,3152,maximum_spanning_forest
3072,3235,maximum_spanning_forest
3073,3102,maximum_spanning_forest
3073,3128,maximum_spanning_forest
3074,3123,maximum_spanning_forest
3074,3172,maximum_spanning_forest
3074,3213,maximum_spanning_forest
3074,3264,maximum_spanning_forest
3075,3077,maximum_spanning_forest
3076,3131,maximum_spanning_forest
3076,3144,maximum_spanning_forest
3076,3155,maximum_spanning_forest
3076,3223,maximum_spanning_forest
3076,3229,maximum_spanning_forest
3077,3168,maximum_spanning_forest
3078,3189,maximum_spanning_forest
3078,3227,maximum_spanning_forest
3078,3241,maximum_spanning_forest
3080,3206,maximum_spanning_forest
3081,3141,maximum_spanning_forest
3081,3248,maximum_spanning_forest
3082,3214,maximum_spanning_forest
3082,3233,maximum_spanning_forest
3083,3101,maximum_spanning_forest
3083,3152,maximum_spanning_forest
3084,3177,maximum_spanning_forest
3085,3124,maximum_spanning_forest
3086,3198,maximum_spanning_forest
3087,3201,maximum_spanning_forest
3087,3263,maximum_spanning_forest
3088,3214,maximum_spanning_forest
3089,3250,maximum_spanning_forest
3090,3271,maximum_spanning_forest
3092,3094,maximum_spanning_forest
3093,3272,maximum_spanning_forest
3094,3169,maximum_spanning_forest
3095,3116,maximum_spanning_forest
3095,3140,maximum_spanning_forest
3097,3262,maximum_spanning_forest
3099,3132,maximum_spanning_forest
3100,3187,maximum_spanning_forest
3100,3196,maximum_spanning_forest
3100,3218,maximum_spanning_forest
3101,3143,maximum_spanning_forest
3101,3215,maximum_spanning_forest
3102,3124,maximum_spanning_forest
3102,3181,maximum_spanning_forest
3103,3143,maximum_spanning_forest
3103,3262,maximum_spanning_forest
3103,3275,maximum_spanning_forest
3105,3146,maximum_spanning_forest
3105,3190,maximum_spanning_forest
3105,3221,maximum_spanning_forest
3106,3201,maximum_spanning_forest
3107,3122,maximum_spanning_forest
3107,3244,maximum_spanning_forest
3109,3217,maximum_spanning_forest
3109,3226,maximum_spanning_forest
3112,3172,maximum_spanning_forest
3112,3180,maximum_spanning_forest
3113,3126,maximum_spanning_forest
3113,3199,maximum_spanning_forest
3113,3235,maximum_spanning_forest
3114,3167,maximum_spanning_forest
3115,3131,maximum_spanning_forest
3117,3219,maximum_spanning_forest
3118,3149,maximum_spanning_forest
3118,3174,maximum_spanning_forest
3118,3274,maximum_spanning_forest
3119,3189,maximum_spanning_forest
3120,3131,maximum_spanning_forest
3121,3272,maximum_spanning_forest
3121,3283,maximum_spanning_forest
3123,3232,maximum_spanning_forest
3123,3280,maximum_spanning_forest
3125,3238,maximum_spanning_forest
3127,3190,maximum_spanning_forest
3127,3252,maximum_spanning_forest
3128,3210,maximum_spanning_forest
3128,3228,maximum_spanning_forest
3129,3181,maximum_spanning_forest
3129,3211,maximum_spanning_forest
3129,3252,maximum_spanning_forest
3130,3280,maximum_spanning_forest
3131,3236,maximum_spanning_forest
3131,3269,maximum_spanning_forest
3133,3137,maximum_spanning_forest
3133,3138,maximum_spanning_forest
3134,3232,maximum_spanning_forest
3135,3208,maximum_spanning_forest
3135,3245,maximum_spanning_forest
3136,3163,maximum_spanning_forest
3136,3168,maximum_spanning_forest
3136,3183,maximum_spanning_forest
3136,3195,maximum_spanning_forest
3138,3220,maximum_spanning_forest
3138,3260,maximum_spanning_forest
3139,3216,maximum_spanning_forest
3140,3201,maximum_spanning_forest
3141,3224,maximum_spanning_forest
3141,3259,maximum_spanning_forest
3142,3267,maximum_spanning_forest
3143,3256,maximum_spanning_forest
3144,3217,maximum_spanning_forest
3146,3160,maximum_spanning_forest
3147,3175,maximum_spanning_forest
3149,3246,maximum_spanning_forest
3151,3176,maximum_spanning_forest
3151,3202,maximum_spanning_forest
3153,3247,maximum_spanning_forest
3158,3263,maximum_spanning_forest
3159,3164,maximum_spanning_forest
3161,3243,maximum_spanning_forest
3161,3244,maximum_spanning_forest
3162,3191,maximum_spanning_forest
3162,3211,maximum_spanning_forest
3167,3223,maximum_spanning_forest
3169,3252,maximum_spanning_forest
3170,3217,maximum_spanning_forest
3175,3206,maximum_spanning_forest
3175,3212,maximum_spanning_forest
3175,3213,maximum_spanning_forest
3178,3238,maximum_spanning_forest
3178,3251,maximum_spanning_forest
3179,3202,maximum_spanning_forest
3180,3254,maximum_spanning_forest
3184,3267,maximum_spanning_forest
3190,3267,maximum_spanning_forest
3192,3247,maximum_spanning_forest
3194,3231,maximum_spanning_forest
3194,3248,maximum_spanning_forest
3195,3198,maximum_spanning_forest
3195,3217,maximum_spanning_forest
3197,3204,maximum_spanning_forest
3197,3217,maximum_spanning_forest
3197,3249,maximum_spanning_forest
3198,3208,maximum_spanning_forest
3200,3248,maximum_spanning_forest
3202,3203,maximum_spanning_forest
3205,3264,maximum_spanning_forest
3208,3257,maximum_spanning_forest
3209,3232,maximum_spanning_forest
3217,3279,maximum_spanning_forest
3221,3225,maximum_spanning_forest
3222,3278,maximum_spanning_forest
3224,3277,maximum_spanning_forest
3230,3265,maximum_spanning_forest
3233,3234,maximum_spanning_forest
3236,3237,maximum_spanning_forest
3239,3240,maximum_spanning_forest
3239,3281,maximum_spanning_forest
3240,3253,maximum_spanning_forest
3242,3269,maximum_spanning_forest
3244,3245,maximum_spanning_forest
3244,3273,maximum_spanning_forest
3244,3276,maximum_spanning_forest
3250,3270,maximum_spanning_forest
3256,3282,maximum_spanning_forest
3258,3267,maximum_spanning_forest
3261,3279,maximum_spanning_forest
3263,3268,maximum_spanning_forest
3278,3282,maximum_spanning_forest
3287,3835,maximum_spanning_forest
3293,3386,maximum_spanning_forest
3293,3513,maximum_spanning_forest
3293,3518,maximum_spanning_forest
3294,3399,maximum_spanning_forest
3295,3370,maximum_spanning_forest
3295,3407,maximum_spanning_forest
3295,3410,maximum_spanning_forest
3295,3527,maximum_spanning_forest
3295,3545,maximum_spanning_forest
3295,3562,maximum_spanning_forest
3296,3585,maximum_spanning_forest
3297,3310,maximum_spanning_forest
3300,3301,maximum_spanning_forest
3300,3418,maximum_spanning_forest
3302,3305,maximum_spanning_forest
3303,3304,maximum_spanning_forest
3304,3307,maximum_spanning_forest
3304,3584,maximum_spanning_forest
3305,3307,maximum_spanning_forest
3306,3567,maximum_spanning_forest
3306,3577,maximum_spanning_forest
3308,3323,maximum_spanning_forest
3309,3318,maximum_spanning_forest
3310,3311,maximum_spanning_forest
3310,3313,maximum_spanning_forest
3312,3586,maximum_spanning_forest
3314,3315,maximum_spanning_forest
3314,3316,maximum_spanning_forest
3314,3320,maximum_spanning_forest
3315,3582,maximum_spanning_forest
3316,3322,maximum_spanning_forest
3316,3323,maximum_spanning_forest
3316,3393,maximum_spanning_forest
3316,3585,maximum_spanning_forest
3317,3329,maximum_spanning_forest
3317,3503,maximum_spanning_forest
3317,3546,maximum_spanning_forest
3317,3555,maximum_spanning_forest
3319,3323,maximum_spanning_forest
3320,3588,maximum_spanning_forest
3321,3589,maximum_spanning_forest
3322,3586,maximum_spanning_forest
3325,3570,maximum_spanning_forest
3326,3356,maximum_spanning_forest
3326,3527,maximum_spanning_forest
3327,3360,maximum_spanning_forest
3327,3554,maximum_spanning_forest
3327,3579,maximum_spanning_forest
3328,3341,maximum_spanning_forest
3328,3537,maximum_spanning_forest
3329,3340,maximum_spanning_forest
3330,3496,maximum_spanning_forest
3330,3552,maximum_spanning_forest
3331,3471,maximum_spanning_forest
3331,3476,maximum_spanning_forest
3332,3463,maximum_spanning_forest
3333,3401,maximum_spanning_forest
3333,3403,maximum_spanning_forest
3333,3533,maximum_spanning_forest
3334,3491,maximum_spanning_forest
3335,3387,maximum_spanning_forest
3336,3366,maximum_spanning_forest
3336,3385,maximum_spanning_forest
3336,3412,maximum_spanning_forest
3337,3352,maximum_spanning_forest
3338,3470,maximum_spanning_forest
3339,3396,maximum_spanning_forest
3340,3567,maximum_spanning_forest
3341,3423,maximum_spanning_forest
3342,3372,maximum_spanning_forest
3342,3536,maximum_spanning_forest
3342,3581,maximum_spanning_forest
3343,3361,maximum_spanning_forest
3343,3400,maximum_spanning_forest
3343,3492,maximum_spanning_forest
3344,3387,maximum_spanning_forest
3344,3516,maximum_spanning_forest
3344,3555,maximum_spanning_forest
3345,3575,maximum_spanning_forest
3346,3390,maximum_spanning_forest
3347,3524,maximum_spanning_forest
3347,3537,maximum_spanning_forest
3348,3385,maximum_spanning_forest
3348,3450,maximum_spanning_forest
3348,3453,maximum_spanning_forest
3349,3486,maximum_spanning_forest
3349,3575,maximum_spanning_forest
3350,3564,maximum_spanning_forest
3351,3360,maximum_spanning_forest
3351,3458,maximum_spanning_forest
3352,3370,maximum_spanning_forest
3352,3372,maximum_spanning_forest
3352,3550,maximum_spanning_forest
3353,3411,maximum_spanning_forest
3354,3355,maximum_spanning_forest
3354,3388,maximum_spanning_forest
3354,3522,maximum_spanning_forest
3354,3523,maximum_spanning_forest
3355,3446,maximum_spanning_forest
3357,3536,maximum_spanning_forest
3358,3361,maximum_spanning_forest
3358,3535,maximum_spanning_forest
3359,3373,maximum_spanning_forest
3359,3519,maximum_spanning_forest
3359,3520,maximum_spanning_forest
3360,3472,maximum_spanning_forest
3362,3377,maximum_spanning_forest
3363,3536,maximum_spanning_forest
3364,3399,maximum_spanning_forest
3365,3482,maximum_spanning_forest
3365,3551,maximum_spanning_forest
3367,3379,maximum_spanning_forest
3368,3458,maximum_spanning_forest
3368,3569,maximum_spanning_forest
3369,3401,maximum_spanning_forest
3370,3528,maximum_spanning_forest
3370,3542,maximum_spanning_forest
3370,3563,maximum_spanning_forest
3371,3379,maximum_spanning_forest
3372,3404,maximum_spanning_forest
3374,3426,maximum_spanning_forest
3375,3400,maximum_spanning_forest
3376,3525,maximum_spanning_forest
3377,3447,maximum_spanning_forest
3377,3493,maximum_spanning_forest
3378,3505,maximum_spanning_forest
3379,3531,maximum_spanning_forest
3380,3513,maximum_spanning_forest
3380,3541,maximum_spanning_forest
3381,3400,maximum_spanning_forest
3381,3540,maximum_spanning_forest
3382,3390,maximum_spanning_forest
3382,3405,maximum_spanning_forest
3382,3470,maximum_spanning_forest
3383,3565,maximum_spanning_forest
3384,3583,maximum_spanning_forest
3385,3484,maximum_spanning_forest
3385,3518,maximum_spanning_forest
3385,3566,maximum_spanning_forest
3386,3411,maximum_spanning_forest
3387,3401,maximum_spanning_forest
3387,3558,maximum_spanning_forest
3388,3574,maximum_spanning_forest
3389,3447,maximum_spanning_forest
3390,3513,maximum_spanning_forest
3391,3550,maximum_spanning_forest
3392,3435,maximum_spanning_forest
3392,3518,maximum_spanning_forest
3392,3544,maximum_spanning_forest
3394,3460,maximum_spanning_forest
3394,3545,maximum_spanning_forest
3394,3557,maximum_spanning_forest
3394,3559,maximum_spanning_forest
3394,3564,maximum_spanning_forest
3395,3396,maximum_spanning_forest
3395,3420,maximum_spanning_forest
3395,3552,maximum_spanning_forest
3397,3528,maximum_spanning_forest
3398,3548,maximum_spanning_forest
3399,3562,maximum_spanning_forest
3400,3555,maximum_spanning_forest
3401,3441,maximum_spanning_forest
3402,3528,maximum_spanning_forest
3404,3507,maximum_spanning_forest
3406,3516,maximum_spanning_forest
3408,3540,maximum_spanning_forest
3409,3577,maximum_spanning_forest
3413,3427,maximum_spanning_forest
3414,3470,maximum_spanning_forest
3415,3575,maximum_spanning_forest
3416,3461,maximum_spanning_forest
3416,3469,maximum_spanning_forest
3417,3542,maximum_spanning_forest
3418,3426,maximum_spanning_forest
3418,3491,maximum_spanning_forest
3419,3466,maximum_spanning_forest
3420,3483,maximum_spanning_forest
3420,3486,maximum_spanning_forest
3421,3422,maximum_spanning_forest
3421,3485,maximum_spanning_forest
3422,3506,maximum_spanning_forest
3423,3454,maximum_spanning_forest
3424,3448,maximum_spanning_forest
3425,3466,maximum_spanning_forest
3425,3505,maximum_spanning_forest
3425,3511,maximum_spanning_forest
3427,3437,maximum_spanning_forest
3427,3493,maximum_spanning_forest
3428,3487,maximum_spanning_forest
3428,3503,maximum_spanning_forest
3429,3444,maximum_spanning_forest
3429,3473,maximum_spanning_forest
3430,3451,maximum_spanning_forest
3430,3452,maximum_spanning_forest
3430,3501,maximum_spanning_forest
3431,3456,maximum_spanning_forest
3432,3434,maximum_spanning_forest
3433,3451,maximum_spanning_forest
3434,3446,maximum_spanning_forest
3434,3474,maximum_spanning_forest
3436,3572,maximum_spanning_forest
3437,3442,maximum_spanning_forest
3438,3494,maximum_spanning_forest
3438,3511,maximum_spanning_forest
3439,3529,maximum_spanning_forest
3440,3448,maximum_spanning_forest
3442,3452,maximum_spanning_forest
3443,3454,maximum_spanning_forest
3443,3509,maximum_spanning_forest
3444,3466,maximum_spanning_forest
3444,3470,maximum_spanning_forest
3445,3513,maximum_spanning_forest
3447,3499,maximum_spanning_forest
3448,3523,maximum_spanning_forest
3449,3505,maximum_spanning_forest
3451,3478,maximum_spanning_forest
3452,3490,maximum_spanning_forest
3455,3501,maximum_spanning_forest
3455,3505,maximum_spanning_forest
3455,3534,maximum_spanning_forest
3456,3502,maximum_spanning_forest
3457,3496,maximum_spanning_forest
3458,3507,maximum_spanning_forest
3459,3532,maximum_spanning_forest
3461,3552,maximum_spanning_forest
3462,3480,maximum_spanning_forest
3462,3528,maximum_spanning_forest
3463,3466,maximum_spanning_forest
3463,3502,maximum_spanning_forest
3464,3466,maximum_spanning_forest
3465,3545,maximum_spanning_forest
3467,3494,maximum_spanning_forest
3468,3506,maximum_spanning_forest
3474,3479,maximum_spanning_forest
3474,3494,maximum_spanning_forest
3475,3476,maximum_spanning_forest
3475,3480,maximum_spanning_forest
3476,3488,maximum_spanning_forest
3477,3538,maximum_spanning_forest
3477,3539,maximum_spanning_forest
3478,3561,maximum_spanning_forest
3480,3497,maximum_spanning_forest
3480,3498,maximum_spanning_forest
3480,3506,maximum_spanning_forest
3481,3488,maximum_spanning_forest
3487,3532,maximum_spanning_forest
3487,3545,maximum_spanning_forest
3488,3500,maximum_spanning_forest
3489,3499,maximum_spanning_forest
3491,3534,maximum_spanning_forest
3492,3530,maximum_spanning_forest
3495,3498,maximum_spanning_forest
3496,3508,maximum_spanning_forest
3496,3547,maximum_spanning_forest
3499,3504,maximum_spanning_forest
3502,3572,maximum_spanning_forest
3510,3512,maximum_spanning_forest
3512,3516,maximum_spanning_forest
3513,3551,maximum_spanning_forest
3514,3533,maximum_spanning_forest
3514,3537,maximum_spanning_forest
3515,3538,maximum_spanning_forest
3517,3548,maximum_spanning_forest
3517,3551,maximum_spanning_forest
3518,3537,maximum_spanning_forest
3520,3552,maximum_spanning_forest
3521,3544,maximum_spanning_forest
3522,3525,maximum_spanning_forest
3525,3547,maximum_spanning_forest
3526,3559,maximum_spanning_forest
3528,3539,maximum_spanning_forest
3529,3551,maximum_spanning_forest
3531,3555,maximum_spanning_forest
3534,3580,maximum_spanning_forest
3542,3568,maximum_spanning_forest
3543,3579,maximum_spanning_forest
3547,3571,maximum_spanning_forest
3551,3560,maximum_spanning_forest
3553,3560,maximum_spanning_forest
3557,3570,maximum_spanning_forest
3565,3572,maximum_spanning_forest
3567,3576,maximum_spanning_forest
3568,3578,maximum_spanning_forest
3570,3573,maximum_spanning_forest
3585,3587,maximum_spanning_forest
3588,3589,maximum_spanning_forest
3593,3594,maximum_spanning_forest
3594,3595,maximum_spanning_forest
3598,3703,maximum_spanning_forest
3598,3765,maximum_spanning_forest
3599,3852,maximum_spanning_forest
3600,3646,maximum_spanning_forest
3600,3720,maximum_spanning_forest
3600,3721,maximum_spanning_forest
3600,3866,maximum_spanning_forest
3601,3786,maximum_spanning_forest
3602,3880,maximum_spanning_forest
3602,3895,maximum_spanning_forest
3603,3615,maximum_spanning_forest
3603,3708,maximum_spanning_forest
3603,3737,maximum_spanning_forest
3604,3642,maximum_spanning_forest
3605,3782,maximum_spanning_forest
3606,3875,maximum_spanning_forest
3607,3861,maximum_spanning_forest
3607,3862,maximum_spanning_forest
3608,3755,maximum_spanning_forest
3608,3886,maximum_spanning_forest
3609,3845,maximum_spanning_forest
3609,3860,maximum_spanning_forest
3610,3775,maximum_spanning_forest
3611,3891,maximum_spanning_forest
3612,3624,maximum_spanning_forest
3612,3870,maximum_spanning_forest
3612,3884,maximum_spanning_forest
3613,3651,maximum_spanning_forest
3613,3668,maximum_spanning_forest
3613,3725,maximum_spanning_forest
3614,3690,maximum_spanning_forest
3615,3834,maximum_spanning_forest
3616,3638,maximum_spanning_forest
3616,3790,maximum_spanning_forest
3617,3626,maximum_spanning_forest
3617,3680,maximum_spanning_forest
3617,3684,maximum_spanning_forest
3618,3774,maximum_spanning_forest
3619,3883,maximum_spanning_forest
3620,3674,maximum_spanning_forest
3620,3894,maximum_spanning_forest
3620,3896,maximum_spanning_forest
3621,3879,maximum_spanning_forest
3622,3888,maximum_spanning_forest
3622,3892,maximum_spanning_forest
3623,3684,maximum_spanning_forest
3624,3719,maximum_spanning_forest
3624,3724,maximum_spanning_forest
3624,3745,maximum_spanning_forest
3624,3798,maximum_spanning_forest
3624,3801,maximum_spanning_forest
3625,3709,maximum_spanning_forest
3625,3819,maximum_spanning_forest
3626,3697,maximum_spanning_forest
3626,3850,maximum_spanning_forest
3627,3639,maximum_spanning_forest
3628,3849,maximum_spanning_forest
3629,3683,maximum_spanning_forest
3629,3686,maximum_spanning_forest
3629,3883,maximum_spanning_forest
3630,3656,maximum_spanning_forest
3630,3693,maximum_spanning_forest
3630,3748,maximum_spanning_forest
3631,3771,maximum_spanning_forest
3631,3798,maximum_spanning_forest
3632,3724,maximum_spanning_forest
3632,3829,maximum_spanning_forest
3633,3698,maximum_spanning_forest
3634,3671,maximum_spanning_forest
3634,3722,maximum_spanning_forest
3634,3817,maximum_spanning_forest
3634,3857,maximum_spanning_forest
3635,3704,maximum_spanning_forest
3636,3676,maximum_spanning_forest
3637,3645,maximum_spanning_forest
3638,3684,maximum_spanning_forest
3638,3796,maximum_spanning_forest
3639,3661,maximum_spanning_forest
3640,3688,maximum_spanning_forest
3640,3836,maximum_spanning_forest
3641,3846,maximum_spanning_forest
3641,3893,maximum_spanning_forest
3642,3687,maximum_spanning_forest
3642,3862,maximum_spanning_forest
3643,3831,maximum_spanning_forest
3644,3649,maximum_spanning_forest
3644,3722,maximum_spanning_forest
3645,3774,maximum_spanning_forest
3645,3804,maximum_spanning_forest
3645,3886,maximum_spanning_forest
3646,3744,maximum_spanning_forest
3646,3885,maximum_spanning_forest
3647,3805,maximum_spanning_forest
3647,3810,maximum_spanning_forest
3648,3740,maximum_spanning_forest
3650,3658,maximum_spanning_forest
3650,3764,maximum_spanning_forest
3650,3792,maximum_spanning_forest
3651,3658,maximum_spanning_forest
3651,3767,maximum_spanning_forest
3651,3856,maximum_spanning_forest
3652,3659,maximum_spanning_forest
3652,3695,maximum_spanning_forest
3652,3759,maximum_spanning_forest
3652,3809,maximum_spanning_forest
3653,3735,maximum_spanning_forest
3654,3755,maximum_spanning_forest
3655,3755,maximum_spanning_forest
3656,3730,maximum_spanning_forest
3657,3661,maximum_spanning_forest
3658,3667,maximum_spanning_forest
3659,3689,maximum_spanning_forest
3660,3734,maximum_spanning_forest
3661,3830,maximum_spanning_forest
3661,3872,maximum_spanning_forest
3662,3878,maximum_spanning_forest
3663,3792,maximum_spanning_forest
3664,3727,maximum_spanning_forest
3665,3681,maximum_spanning_forest
3666,3881,maximum_spanning_forest
3666,3885,maximum_spanning_forest
3668,3811,maximum_spanning_forest
3669,3700,maximum_spanning_forest
3670,3802,maximum_spanning_forest
3672,3815,maximum_spanning_forest
3673,3787,maximum_spanning_forest
3675,3839,maximum_spanning_forest
3676,3815,maximum_spanning_forest
3676,3879,maximum_spanning_forest
3677,3884,maximum_spanning_forest
3678,3697,maximum_spanning_forest
3678,3733,maximum_spanning_forest
3679,3698,maximum_spanning_forest
3679,3766,maximum_spanning_forest
3680,3895,maximum_spanning_forest
3681,3871,maximum_spanning_forest
3682,3687,maximum_spanning_forest
3682,3758,maximum_spanning_forest
3683,3814,maximum_spanning_forest
3684,3692,maximum_spanning_forest
3685,3833,maximum_spanning_forest
3685,3849,maximum_spanning_forest
3686,3747,maximum_spanning_forest
3686,3769,maximum_spanning_forest
3688,3755,maximum_spanning_forest
3688,3781,maximum_spanning_forest
3689,3788,maximum_spanning_forest
3690,3709,maximum_spanning_forest
3691,3692,maximum_spanning_forest
3691,3839,maximum_spanning_forest
3692,3714,maximum_spanning_forest
3692,3825,maximum_spanning_forest
3694,3777,maximum_spanning_forest
3694,3803,maximum_spanning_forest
3695,3749,maximum_spanning_forest
3695,3770,maximum_spanning_forest
3695,3797,maximum_spanning_forest
3696,3834,maximum_spanning_forest
3697,3762,maximum_spanning_forest
3697,3783,maximum_spanning_forest
3698,3723,maximum_spanning_forest
3699,3858,maximum_spanning_forest
3699,3896,maximum_spanning_forest
3700,3713,maximum_spanning_forest
3701,3860,maximum_spanning_forest
3702,3853,maximum_spanning_forest
3702,3876,maximum_spanning_forest
3703,3762,maximum_spanning_forest
3704,3797,maximum_spanning_forest
3704,3802,maximum_spanning_forest
3705,3831,maximum_spanning_forest
3706,3810,maximum_spanning_forest
3706,3856,maximum_spanning_forest
3707,3825,maximum_spanning_forest
3709,3734,maximum_spanning_forest
3709,3745,maximum_spanning_forest
3710,3845,maximum_spanning_forest
3711,3741,maximum_spanning_forest
3712,3733,maximum_spanning_forest
3712,3751,maximum_spanning_forest
3712,3766,maximum_spanning_forest
3713,3756,maximum_spanning_forest
3713,3848,maximum_spanning_forest
3713,3877,maximum_spanning_forest
3715,3849,maximum_spanning_forest
3716,3748,maximum_spanning_forest
3716,3749,maximum_spanning_forest
3716,3780,maximum_spanning_forest
3717,3728,maximum_spanning_forest
3717,3789,maximum_spanning_forest
3718,3746,maximum_spanning_forest
3718,3846,maximum_spanning_forest
3719,3775,maximum_spanning_forest
3721,3748,maximum_spanning_forest
3721,3752,maximum_spanning_forest
3722,3778,maximum_spanning_forest
3722,3873,maximum_spanning_forest
3724,3845,maximum_spanning_forest
3724,3868,maximum_spanning_forest
3725,3852,maximum_spanning_forest
3725,3878,maximum_spanning_forest
3725,3887,maximum_spanning_forest
3726,3816,maximum_spanning_forest
3726,3891,maximum_spanning_forest
3727,3740,maximum_spanning_forest
3727,3813,maximum_spanning_forest
3729,3896,maximum_spanning_forest
3731,3820,maximum_spanning_forest
3732,3747,maximum_spanning_forest
3734,3785,maximum_spanning_forest
3735,3747,maximum_spanning_forest
3736,3890,maximum_spanning_forest
3738,3776,maximum_spanning_forest
3739,3893,maximum_spanning_forest
3740,3761,maximum_spanning_forest
3740,3812,maximum_spanning_forest
3740,3829,maximum_spanning_forest
3740,3876,maximum_spanning_forest
3741,3755,maximum_spanning_forest
3742,3748,maximum_spanning_forest
3742,3847,maximum_spanning_forest
3742,3888,maximum_spanning_forest
3743,3855,maximum_spanning_forest
3745,3869,maximum_spanning_forest
3745,3897,maximum_spanning_forest
3747,3840,maximum_spanning_forest
3750,3880,maximum_spanning_forest
3751,3784,maximum_spanning_forest
3753,3757,maximum_spanning_forest
3754,3788,maximum_spanning_forest
3755,3820,maximum_spanning_forest
3755,3828,maximum_spanning_forest
3756,3793,maximum_spanning_forest
3756,3837,maximum_spanning_forest
3757,3782,maximum_spanning_forest
3757,3861,maximum_spanning_forest
3760,3833,maximum_spanning_forest
3761,3793,maximum_spanning_forest
3763,3768,maximum_spanning_forest
3766,3847,maximum_spanning_forest
3768,3882,maximum_spanning_forest
3771,3808,maximum_spanning_forest
3772,3888,maximum_spanning_forest
3773,3853,maximum_spanning_forest
3774,3816,maximum_spanning_forest
3775,3787,maximum_spanning_forest
3775,3834,maximum_spanning_forest
3776,3845,maximum_spanning_forest
3777,3881,maximum_spanning_forest
3778,3793,maximum_spanning_forest
3778,3844,maximum_spanning_forest
3779,3805,maximum_spanning_forest
3779,3818,maximum_spanning_forest
3782,3871,maximum_spanning_forest
3782,3895,maximum_spanning_forest
3784,3815,maximum_spanning_forest
3784,3831,maximum_spanning_forest
3786,3868,maximum_spanning_forest
3789,3815,maximum_spanning_forest
3791,3864,maximum_spanning_forest
3793,3832,maximum_spanning_forest
3794,3806,maximum_spanning_forest
3794,3833,maximum_spanning_forest
3795,3873,maximum_spanning_forest
3796,3805,maximum_spanning_forest
3799,3868,maximum_spanning_forest
3800,3855,maximum_spanning_forest
3802,3864,maximum_spanning_forest
3804,3865,maximum_spanning_forest
3804,3867,maximum_spanning_forest
3804,3889,maximum_spanning_forest
3806,3883,maximum_spanning_forest
3807,3833,maximum_spanning_forest
3821,3871,maximum_spanning_forest
3822,3862,maximum_spanning_forest
3822,3896,maximum_spanning_forest
3823,3878,maximum_spanning_forest
3824,3846,maximum_spanning_forest
3826,3842,maximum_spanning_forest
3830,3859,maximum_spanning_forest
3833,3882,maximum_spanning_forest
3834,3859,maximum_spanning_forest
3841,3856,maximum_spanning_forest
3842,3844,maximum_spanning_forest
3843,3876,maximum_spanning_forest
3848,3883,maximum_spanning_forest
3851,3852,maximum_spanning_forest
3852,3893,maximum_spanning_forest
3854,3887,maximum_spanning_forest
3855,3888,maximum_spanning_forest
3863,3888,maximum_spanning_forest
3864,3867,maximum_spanning_forest
3868,3890,maximum_spanning_forest
3873,3875,maximum_spanning_forest
3874,3883,maximum_spanning_forest
3898,3904,maximum_spanning_forest
3899,3901,maximum_spanning_forest
3899,3915,maximum_spanning_forest
3900,3912,maximum_spanning_forest
3901,3908,maximum_spanning_forest
3902,3903,maximum_spanning_forest
3902,3909,maximum_spanning_forest
3902,3913,maximum_spanning_forest
3903,3910,maximum_spanning_forest
3904,3905,maximum_spanning_forest
3904,3910,maximum_spanning_forest
3906,3911,maximum_spanning_forest
3907,3911,maximum_spanning_forest
3907,3924,maximum_spanning_forest
3908,3912,maximum_spanning_forest
3909,3912,maximum_spanning_forest
3909,3919,maximum_spanning_forest
3910,3916,maximum_spanning_forest
3910,3917,maximum_spanning_forest
3911,3913,maximum_spanning_forest
3914,3917,maximum_spanning_forest
3917,3918,maximum_spanning_forest
3919,3921,maximum_spanning_forest
3920,3924,maximum_spanning_forest
3922,3923,maximum_spanning_forest
3922,3924,maximum_spanning_forest
0,200,mutual_neighbor_extra
0,690,mutual_neighbor_extra
1,278,mutual_neighbor_extra
1,1018,mutual_neighbor_extra
2,820,mutual_neighbor_extra
3,15,mutual_neighbor_extra
3,77,mutual_neighbor_extra
4,109,mutual_neighbor_extra
5,299,mutual_neighbor_extra
5,800,mutual_neighbor_extra
7,97,mutual_neighbor_extra
7,877,mutual_neighbor_extra
8,191,mutual_neighbor_extra
8,1254,mutual_neighbor_extra
9,277,mutual_neighbor_extra
9,797,mutual_neighbor_extra
10,165,mutual_neighbor_extra
10,333,mutual_neighbor_extra
11,677,mutual_neighbor_extra
11,983,mutual_neighbor_extra
12,776,mutual_neighbor_extra
12,1010,mutual_neighbor_extra
13,299,mutual_neighbor_extra
13,771,mutual_neighbor_extra
14,851,mutual_neighbor_extra
14,853,mutual_neighbor_extra
15,393,mutual_neighbor_extra
16,777,mutual_neighbor_extra
17,26,mutual_neighbor_extra
17,108,mutual_neighbor_extra
18,298,mutual_neighbor_extra
18,446,mutual_neighbor_extra
20,214,mutual_neighbor_extra
20,801,mutual_neighbor_extra
21,470,mutual_neighbor_extra
21,710,mutual_neighbor_extra
22,716,mutual_neighbor_extra
23,40,mutual_neighbor_extra
23,891,mutual_neighbor_extra
24,822,mutual_neighbor_extra
24,843,mutual_neighbor_extra
25,401,mutual_neighbor_extra
25,858,mutual_neighbor_extra
26,694,mutual_neighbor_extra
27,206,mutual_neighbor_extra
27,813,mutual_neighbor_extra
29,341,mutual_neighbor_extra
29,375,mutual_neighbor_extra
30,762,mutual_neighbor_extra
30,3299,mutual_neighbor_extra
31,178,mutual_neighbor_extra
31,848,mutual_neighbor_extra
32,286,mutual_neighbor_extra
32,886,mutual_neighbor_extra
34,340,mutual_neighbor_extra
34,1314,mutual_neighbor_extra
35,335,mutual_neighbor_extra
35,434,mutual_neighbor_extra
36,118,mutual_neighbor_extra
36,466,mutual_neighbor_extra
37,93,mutual_neighbor_extra
37,237,mutual_neighbor_extra
38,98,mutual_neighbor_extra
39,454,mutual_neighbor_extra
40,828,mutual_neighbor_extra
41,68,mutual_neighbor_extra
41,258,mutual_neighbor_extra
42,232,mutual_neighbor_extra
42,494,mutual_neighbor_extra
43,482,mutual_neighbor_extra
43,1332,mutual_neighbor_extra
44,265,mutual_neighbor_extra
44,854,mutual_neighbor_extra
45,478,mutual_neighbor_extra
45,3591,mutual_neighbor_extra
46,187,mutual_neighbor_extra
46,314,mutual_neighbor_extra
47,182,mutual_neighbor_extra
47,480,mutual_neighbor_extra
48,151,mutual_neighbor_extra
48,358,mutual_neighbor_extra
49,169,mutual_neighbor_extra
49,2524,mutual_neighbor_extra
50,773,mutual_neighbor_extra
50,1015,mutual_neighbor_extra
51,80,mutual_neighbor_extra
51,174,mutual_neighbor_extra
52,285,mutual_neighbor_extra
52,1319,mutual_neighbor_extra
53,283,mutual_neighbor_extra
53,339,mutual_neighbor_extra
54,201,mutual_neighbor_extra
54,872,mutual_neighbor_extra
55,213,mutual_neighbor_extra
56,73,mutual_neighbor_extra
56,173,mutual_neighbor_extra
58,910,mutual_neighbor_extra
58,987,mutual_neighbor_extra
59,821,mutual_neighbor_extra
60,794,mutual_neighbor_extra
60,1331,mutual_neighbor_extra
61,138,mutual_neighbor_extra
61,207,mutual_neighbor_extra
63,371,mutual_neighbor_extra
63,467,mutual_neighbor_extra
64,168,mutual_neighbor_extra
64,551,mutual_neighbor_extra
65,173,mutual_neighbor_extra
65,199,mutual_neighbor_extra
66,804,mutual_neighbor_extra
66,812,mutual_neighbor_extra
67,838,mutual_neighbor_extra
67,930,mutual_neighbor_extra
68,787,mutual_neighbor_extra
69,177,mutual_neighbor_extra
69,889,mutual_neighbor_extra
70,115,mutual_neighbor_extra
70,1261,mutual_neighbor_extra
71,255,mutual_neighbor_extra
71,455,mutual_neighbor_extra
72,104,mutual_neighbor_extra
72,144,mutual_neighbor_extra
73,815,mutual_neighbor_extra
74,465,mutual_neighbor_extra
74,743,mutual_neighbor_extra
75,1012,mutual_neighbor_extra
75,1326,mutual_neighbor_extra
76,495,mutual_neighbor_extra
76,983,mutual_neighbor_extra
77,485,mutual_neighbor_extra
78,145,mutual_neighbor_extra
78,276,mutual_neighbor_extra
79,388,mutual_neighbor_extra
79,1314,mutual_neighbor_extra
80,1427,mutual_neighbor_extra
81,221,mutual_neighbor_extra
81,832,mutual_neighbor_extra
82,882,mutual_neighbor_extra
82,2595,mutual_neighbor_extra
83,179,mutual_neighbor_extra
83,282,mutual_neighbor_extra
84,461,mutual_neighbor_extra
84,549,mutual_neighbor_extra
85,184,mutual_neighbor_extra
85,3291,mutual_neighbor_extra
86,87,mutual_neighbor_extra
86,142,mutual_neighbor_extra
87,131,mutual_neighbor_extra
88,809,mutual_neighbor_extra
88,1255,mutual_neighbor_extra
89,134,mutual_neighbor_extra
89,339,mutual_neighbor_extra
90,99,mutual_neighbor_extra
90,178,mutual_neighbor_extra
91,847,mutual_neighbor_extra
91,3596,mutual_neighbor_extra
92,678,mutual_neighbor_extra
92,1338,mutual_neighbor_extra
93,400,mutual_neighbor_extra
94,979,mutual_neighbor_extra
94,1375,mutual_neighbor_extra
95,1524,mutual_neighbor_extra
95,3291,mutual_neighbor_extra
96,982,mutual_neighbor_extra
96,1022,mutual_neighbor_extra
97,2262,mutual_neighbor_extra
98,284,mutual_neighbor_extra
99,467,mutual_neighbor_extra
100,690,mutual_neighbor_extra
100,911,mutual_neighbor_extra
101,107,mutual_neighbor_extra
101,854,mutual_neighbor_extra
102,256,mutual_neighbor_extra
102,882,mutual_neighbor_extra
103,239,mutual_neighbor_extra
103,797,mutual_neighbor_extra
104,282,mutual_neighbor_extra
105,480,mutual_neighbor_extra
105,694,mutual_neighbor_extra
106,3595,mutual_neighbor_extra
107,202,mutual_neighbor_extra
108,978,mutual_neighbor_extra
109,911,mutual_neighbor_extra
110,682,mutual_neighbor_extra
110,693,mutual_neighbor_extra
111,255,mutual_neighbor_extra
111,260,mutual_neighbor_extra
112,275,mutual_neighbor_extra
112,755,mutual_neighbor_extra
113,241,mutual_neighbor_extra
113,756,mutual_neighbor_extra
115,753,mutual_neighbor_extra
116,836,mutual_neighbor_extra
116,912,mutual_neighbor_extra
117,337,mutual_neighbor_extra
117,805,mutual_neighbor_extra
118,466,mutual_neighbor_extra
119,444,mutual_neighbor_extra
119,682,mutual_neighbor_extra
120,272,mutual_neighbor_extra
121,150,mutual_neighbor_extra
121,475,mutual_neighbor_extra
122,1270,mutual_neighbor_extra
122,1345,mutual_neighbor_extra
123,345,mutual_neighbor_extra
123,406,mutual_neighbor_extra
124,156,mutual_neighbor_extra
124,197,mutual_neighbor_extra
125,166,mutual_neighbor_extra
125,1272,mutual_neighbor_extra
126,127,mutual_neighbor_extra
126,191,mutual_neighbor_extra
127,129,mutual_neighbor_extra
128,130,mutual_neighbor_extra
128,154,mutual_neighbor_extra
129,153,mutual_neighbor_extra
130,154,mutual_neighbor_extra
132,333,mutual_neighbor_extra
132,477,mutual_neighbor_extra
133,171,mutual_neighbor_extra
134,769,mutual_neighbor_extra
135,317,mutual_neighbor_extra
135,692,mutual_neighbor_extra
136,683,mutual_neighbor_extra
136,1321,mutual_neighbor_extra
137,710,mutual_neighbor_extra
137,769,mutual_neighbor_extra
138,1023,mutual_neighbor_extra
139,558,mutual_neighbor_extra
139,817,mutual_neighbor_extra
140,478,mutual_neighbor_extra
140,481,mutual_neighbor_extra
141,312,mutual_neighbor_extra
141,784,mutual_neighbor_extra
142,981,mutual_neighbor_extra
143,387,mutual_neighbor_extra
143,445,mutual_neighbor_extra
144,958,mutual_neighbor_extra
145,489,mutual_neighbor_extra
146,200,mutual_neighbor_extra
146,863,mutual_neighbor_extra
148,775,mutual_neighbor_extra
148,1016,mutual_neighbor_extra
149,209,mutual_neighbor_extra
149,662,mutual_neighbor_extra
150,332,mutual_neighbor_extra
151,693,mutual_neighbor_extra
152,798,mutual_neighbor_extra
152,825,mutual_neighbor_extra
153,352,mutual_neighbor_extra
155,195,mutual_neighbor_extra
155,222,mutual_neighbor_extra
156,222,mutual_neighbor_extra
157,246,mutual_neighbor_extra
157,320,mutual_neighbor_extra
158,293,mutual_neighbor_extra
158,370,mutual_neighbor_extra
159,161,mutual_neighbor_extra
159,386,mutual_neighbor_extra
160,408,mutual_neighbor_extra
160,409,mutual_neighbor_extra
161,188,mutual_neighbor_extra
162,409,mutual_neighbor_extra
162,1378,mutual_neighbor_extra
163,176,mutual_neighbor_extra
163,981,mutual_neighbor_extra
164,807,mutual_neighbor_extra
164,839,mutual_neighbor_extra
165,680,mutual_neighbor_extra
166,1316,mutual_neighbor_extra
167,391,mutual_neighbor_extra
167,1716,mutual_neighbor_extra
168,806,mutual_neighbor_extra
169,179,mutual_neighbor_extra
170,1007,mutual_neighbor_extra
170,1340,mutual_neighbor_extra
171,973,mutual_neighbor_extra
172,329,mutual_neighbor_extra
172,1317,mutual_neighbor_extra
174,281,mutual_neighbor_extra
175,556,mutual_neighbor_extra
175,759,mutual_neighbor_extra
176,760,mutual_neighbor_extra
177,1013,mutual_neighbor_extra
180,558,mutual_neighbor_extra
180,878,mutual_neighbor_extra
181,1455,mutual_neighbor_extra
181,1456,mutual_neighbor_extra
182,765,mutual_neighbor_extra
183,813,mutual_neighbor_extra
184,809,mutual_neighbor_extra
185,925,mutual_neighbor_extra
185,1260,mutual_neighbor_extra
186,336,mutual_neighbor_extra
186,1500,mutual_neighbor_extra
187,355,mutual_neighbor_extra
188,229,mutual_neighbor_extra
189,305,mutual_neighbor_extra
189,569,mutual_neighbor_extra
190,229,mutual_neighbor_extra
190,247,mutual_neighbor_extra
192,251,mutual_neighbor_extra
192,254,mutual_neighbor_extra
193,324,mutual_neighbor_extra
193,569,mutual_neighbor_extra
194,363,mutual_neighbor_extra
194,378,mutual_neighbor_extra
195,197,mutual_neighbor_extra
196,290,mutual_neighbor_extra
196,295,mutual_neighbor_extra
198,217,mutual_neighbor_extra
198,482,mutual_neighbor_extra
199,884,mutual_neighbor_extra
201,297,mutual_neighbor_extra
202,648,mutual_neighbor_extra
203,277,mutual_neighbor_extra
203,696,mutual_neighbor_extra
204,856,mutual_neighbor_extra
205,958,mutual_neighbor_extra
205,2665,mutual_neighbor_extra
206,329,mutual_neighbor_extra
207,310,mutual_neighbor_extra
209,2533,mutual_neighbor_extra
210,1425,mutual_neighbor_extra
210,1426,mutual_neighbor_extra
212,980,mutual_neighbor_extra
212,1260,mutual_neighbor_extra
213,2127,mutual_neighbor_extra
214,688,mutual_neighbor_extra
215,707,mutual_neighbor_extra
215,766,mutual_neighbor_extra
216,286,mutual_neighbor_extra
216,400,mutual_neighbor_extra
217,789,mutual_neighbor_extra
218,557,mutual_neighbor_extra
218,945,mutual_neighbor_extra
219,870,mutual_neighbor_extra
219,3292,mutual_neighbor_extra
220,240,mutual_neighbor_extra
220,472,mutual_neighbor_extra
221,777,mutual_neighbor_extra
223,224,mutual_neighbor_extra
223,1381,mutual_neighbor_extra
224,225,mutual_neighbor_extra
225,1382,mutual_neighbor_extra
226,245,mutual_neighbor_extra
226,367,mutual_neighbor_extra
227,228,mutual_neighbor_extra
227,1271,mutual_neighbor_extra
228,249,mutual_neighbor_extra
230,326,mutual_neighbor_extra
230,1400,mutual_neighbor_extra
231,287,mutual_neighbor_extra
231,1271,mutual_neighbor_extra
232,928,mutual_neighbor_extra
233,354,mutual_neighbor_extra
233,561,mutual_neighbor_extra
234,487,mutual_neighbor_extra
234,3930,mutual_neighbor_extra
235,412,mutual_neighbor_extra
235,1593,mutual_neighbor_extra
236,794,mutual_neighbor_extra
238,316,mutual_neighbor_extra
238,842,mutual_neighbor_extra
239,742,mutual_neighbor_extra
240,811,mutual_neighbor_extra
241,757,mutual_neighbor_extra
242,695,mutual_neighbor_extra
243,338,mutual_neighbor_extra
243,3286,mutual_neighbor_extra
245,319,mutual_neighbor_extra
246,248,mutual_neighbor_extra
247,288,mutual_neighbor_extra
248,288,mutual_neighbor_extra
249,404,mutual_neighbor_extra
250,326,mutual_neighbor_extra
250,1274,mutual_neighbor_extra
251,289,mutual_neighbor_extra
252,405,mutual_neighbor_extra
253,320,mutual_neighbor_extra
253,346,mutual_neighbor_extra
254,1346,mutual_neighbor_extra
256,790,mutual_neighbor_extra
258,762,mutual_neighbor_extra
259,752,mutual_neighbor_extra
259,885,mutual_neighbor_extra
260,444,mutual_neighbor_extra
261,328,mutual_neighbor_extra
261,490,mutual_neighbor_extra
262,1315,mutual_neighbor_extra
263,552,mutual_neighbor_extra
263,880,mutual_neighbor_extra
264,740,mutual_neighbor_extra
264,988,mutual_neighbor_extra
265,831,mutual_neighbor_extra
266,485,mutual_neighbor_extra
266,859,mutual_neighbor_extra
267,552,mutual_neighbor_extra
267,856,mutual_neighbor_extra
268,476,mutual_neighbor_extra
268,1299,mutual_neighbor_extra
269,397,mutual_neighbor_extra
269,488,mutual_neighbor_extra
270,554,mutual_neighbor_extra
270,761,mutual_neighbor_extra
271,878,mutual_neighbor_extra
271,890,mutual_neighbor_extra
272,1455,mutual_neighbor_extra
273,1333,mutual_neighbor_extra
273,1454,mutual_neighbor_extra
274,1328,mutual_neighbor_extra
275,818,mutual_neighbor_extra
276,470,mutual_neighbor_extra
278,317,mutual_neighbor_extra
279,454,mutual_neighbor_extra
279,736,mutual_neighbor_extra
281,390,mutual_neighbor_extra
283,892,mutual_neighbor_extra
284,477,mutual_neighbor_extra
285,1319,mutual_neighbor_extra
287,327,mutual_neighbor_extra
289,720,mutual_neighbor_extra
290,303,mutual_neighbor_extra
291,362,mutual_neighbor_extra
291,384,mutual_neighbor_extra
292,363,mutual_neighbor_extra
292,1341,mutual_neighbor_extra
293,307,mutual_neighbor_extra
294,295,mutual_neighbor_extra
294,1396,mutual_neighbor_extra
296,461,mutual_neighbor_extra
296,896,mutual_neighbor_extra
297,2597,mutual_neighbor_extra
298,413,mutual_neighbor_extra
300,526,mutual_neighbor_extra
300,1255,mutual_neighbor_extra
301,1273,mutual_neighbor_extra
301,1274,mutual_neighbor_extra
302,1269,mutual_neighbor_extra
302,1345,mutual_neighbor_extra
303,380,mutual_neighbor_extra
304,306,mutual_neighbor_extra
304,720,mutual_neighbor_extra
305,324,mutual_neighbor_extra
306,381,mutual_neighbor_extra
307,308,mutual_neighbor_extra
309,315,mutual_neighbor_extra
309,422,mutual_neighbor_extra
310,489,mutual_neighbor_extra
311,464,mutual_neighbor_extra
311,932,mutual_neighbor_extra
312,910,mutual_neighbor_extra
314,353,mutual_neighbor_extra
315,1653,mutual_neighbor_extra
316,3289,mutual_neighbor_extra
318,492,mutual_neighbor_extra
318,1023,mutual_neighbor_extra
319,405,mutual_neighbor_extra
321,1269,mutual_neighbor_extra
321,1270,mutual_neighbor_extra
322,1434,mutual_neighbor_extra
323,346,mutual_neighbor_extra
323,369,mutual_neighbor_extra
325,1273,mutual_neighbor_extra
325,1434,mutual_neighbor_extra
327,348,mutual_neighbor_extra
328,490,mutual_neighbor_extra
330,494,mutual_neighbor_extra
330,564,mutual_neighbor_extra
332,648,mutual_neighbor_extra
335,1654,mutual_neighbor_extra
337,1715,mutual_neighbor_extra
338,985,mutual_neighbor_extra
340,526,mutual_neighbor_extra
341,393,mutual_neighbor_extra
342,548,mutual_neighbor_extra
342,844,mutual_neighbor_extra
343,1343,mutual_neighbor_extra
343,1344,mutual_neighbor_extra
344,408,mutual_neighbor_extra
344,1341,mutual_neighbor_extra
345,379,mutual_neighbor_extra
347,349,mutual_neighbor_extra
347,351,mutual_neighbor_extra
348,350,mutual_neighbor_extra
349,351,mutual_neighbor_extra
350,1029,mutual_neighbor_extra
353,355,mutual_neighbor_extra
354,945,mutual_neighbor_extra
356,644,mutual_neighbor_extra
356,837,mutual_neighbor_extra
357,716,mutual_neighbor_extra
357,1304,mutual_neighbor_extra
358,793,mutual_neighbor_extra
359,436,mutual_neighbor_extra
359,1655,mutual_neighbor_extra
360,967,mutual_neighbor_extra
360,1716,mutual_neighbor_extra
361,926,mutual_neighbor_extra
362,366,mutual_neighbor_extra
364,366,mutual_neighbor_extra
364,385,mutual_neighbor_extra
365,382,mutual_neighbor_extra
367,383,mutual_neighbor_extra
368,378,mutual_neighbor_extra
368,381,mutual_neighbor_extra
369,380,mutual_neighbor_extra
370,379,mutual_neighbor_extra
371,848,mutual_neighbor_extra
374,741,mutual_neighbor_extra
374,830,mutual_neighbor_extra
375,868,mutual_neighbor_extra
376,493,mutual_neighbor_extra
377,389,mutual_neighbor_extra
377,1657,mutual_neighbor_extra
382,385,mutual_neighbor_extra
383,415,mutual_neighbor_extra
384,415,mutual_neighbor_extra
386,876,mutual_neighbor_extra
387,389,mutual_neighbor_extra
388,909,mutual_neighbor_extra
390,445,mutual_neighbor_extra
391,3289,mutual_neighbor_extra
392,872,mutual_neighbor_extra
392,1013,mutual_neighbor_extra
394,570,mutual_neighbor_extra
395,915,mutual_neighbor_extra
395,1299,mutual_neighbor_extra
396,743,mutual_neighbor_extra
397,708,mutual_neighbor_extra
398,1333,mutual_neighbor_extra
398,1335,mutual_neighbor_extra
401,858,mutual_neighbor_extra
402,421,mutual_neighbor_extra
402,1673,mutual_neighbor_extra
404,1276,mutual_neighbor_extra
406,1029,mutual_neighbor_extra
407,421,mutual_neighbor_extra
407,430,mutual_neighbor_extra
410,439,mutual_neighbor_extra
410,1375,mutual_neighbor_extra
411,413,mutual_neighbor_extra
411,1020,mutual_neighbor_extra
412,422,mutual_neighbor_extra
414,432,mutual_neighbor_extra
414,449,mutual_neighbor_extra
416,418,mutual_neighbor_extra
416,450,mutual_neighbor_extra
417,434,mutual_neighbor_extra
417,439,mutual_neighbor_extra
418,420,mutual_neighbor_extra
419,435,mutual_neighbor_extra
419,438,mutual_neighbor_extra
420,727,mutual_neighbor_extra
423,712,mutual_neighbor_extra
423,3308,mutual_neighbor_extra
424,426,mutual_neighbor_extra
424,733,mutual_neighbor_extra
425,729,mutual_neighbor_extra
425,748,mutual_neighbor_extra
426,705,mutual_neighbor_extra
427,448,mutual_neighbor_extra
428,451,mutual_neighbor_extra
428,746,mutual_neighbor_extra
429,431,mutual_neighbor_extra
429,449,mutual_neighbor_extra
430,436,mutual_neighbor_extra
431,432,mutual_neighbor_extra
433,1370,mutual_neighbor_extra
433,1560,mutual_neighbor_extra
435,438,mutual_neighbor_extra
437,442,mutual_neighbor_extra
437,443,mutual_neighbor_extra
440,441,mutual_neighbor_extra
440,447,mutual_neighbor_extra
441,443,mutual_neighbor_extra
442,447,mutual_neighbor_extra
446,1020,mutual_neighbor_extra
448,450,mutual_neighbor_extra
451,735,mutual_neighbor_extra
452,476,mutual_neighbor_extra
452,834,mutual_neighbor_extra
453,976,mutual_neighbor_extra
453,1335,mutual_neighbor_extra
455,840,mutual_neighbor_extra
456,758,mutual_neighbor_extra
456,825,mutual_neighbor_extra
457,686,mutual_neighbor_extra
457,834,mutual_neighbor_extra
458,644,mutual_neighbor_extra
458,1330,mutual_neighbor_extra
459,925,mutual_neighbor_extra
459,3435,mutual_neighbor_extra
460,562,mutual_neighbor_extra
460,879,mutual_neighbor_extra
463,781,mutual_neighbor_extra
463,833,mutual_neighbor_extra
464,1336,mutual_neighbor_extra
465,816,mutual_neighbor_extra
468,1452,mutual_neighbor_extra
468,2114,mutual_neighbor_extra
469,974,mutual_neighbor_extra
469,984,mutual_neighbor_extra
471,659,mutual_neighbor_extra
471,792,mutual_neighbor_extra
473,1019,mutual_neighbor_extra
474,1315,mutual_neighbor_extra
475,689,mutual_neighbor_extra
479,2537,mutual_neighbor_extra
479,2642,mutual_neighbor_extra
481,3285,mutual_neighbor_extra
483,671,mutual_neighbor_extra
483,803,mutual_neighbor_extra
484,870,mutual_neighbor_extra
484,988,mutual_neighbor_extra
486,865,mutual_neighbor_extra
486,1472,mutual_neighbor_extra
487,907,mutual_neighbor_extra
488,974,mutual_neighbor_extra
491,774,mutual_neighbor_extra
491,805,mutual_neighbor_extra
492,680,mutual_neighbor_extra
495,788,mutual_neighbor_extra
496,647,mutual_neighbor_extra
496,2089,mutual_neighbor_extra
497,633,mutual_neighbor_extra
497,1977,mutual_neighbor_extra
498,588,mutual_neighbor_extra
498,609,mutual_neighbor_extra
499,538,mutual_neighbor_extra
499,581,mutual_neighbor_extra
500,664,mutual_neighbor_extra
500,1351,mutual_neighbor_extra
501,513,mutual_neighbor_extra
501,2212,mutual_neighbor_extra
502,1384,mutual_neighbor_extra
503,1388,mutual_neighbor_extra
503,1423,mutual_neighbor_extra
504,594,mutual_neighbor_extra
504,651,mutual_neighbor_extra
505,616,mutual_neighbor_extra
505,2255,mutual_neighbor_extra
506,542,mutual_neighbor_extra
506,673,mutual_neighbor_extra
507,587,mutual_neighbor_extra
507,1353,mutual_neighbor_extra
508,647,mutual_neighbor_extra
508,2000,mutual_neighbor_extra
509,604,mutual_neighbor_extra
510,516,mutual_neighbor_extra
510,612,mutual_neighbor_extra
511,573,mutual_neighbor_extra
511,597,mutual_neighbor_extra
512,1358,mutual_neighbor_extra
512,2044,mutual_neighbor_extra
513,2055,mutual_neighbor_extra
514,642,mutual_neighbor_extra
514,2005,mutual_neighbor_extra
515,739,mutual_neighbor_extra
515,871,mutual_neighbor_extra
516,579,mutual_neighbor_extra
517,593,mutual_neighbor_extra
517,633,mutual_neighbor_extra
518,595,mutual_neighbor_extra
518,655,mutual_neighbor_extra
519,580,mutual_neighbor_extra
519,632,mutual_neighbor_extra
520,585,mutual_neighbor_extra
520,624,mutual_neighbor_extra
521,524,mutual_neighbor_extra
521,531,mutual_neighbor_extra
522,524,mutual_neighbor_extra
522,525,mutual_neighbor_extra
523,617,mutual_neighbor_extra
523,624,mutual_neighbor_extra
525,619,mutual_neighbor_extra
527,621,mutual_neighbor_extra
528,532,mutual_neighbor_extra
528,582,mutual_neighbor_extra
529,530,mutual_neighbor_extra
529,1385,mutual_neighbor_extra
530,2193,mutual_neighbor_extra
531,581,mutual_neighbor_extra
532,636,mutual_neighbor_extra
533,1309,mutual_neighbor_extra
533,1384,mutual_neighbor_extra
534,1308,mutual_neighbor_extra
534,1350,mutual_neighbor_extra
535,698,mutual_neighbor_extra
535,2031,mutual_neighbor_extra
536,545,mutual_neighbor_extra
536,546,mutual_neighbor_extra
537,632,mutual_neighbor_extra
537,653,mutual_neighbor_extra
538,543,mutual_neighbor_extra
539,540,mutual_neighbor_extra
539,2211,mutual_neighbor_extra
540,653,mutual_neighbor_extra
541,576,mutual_neighbor_extra
541,2204,mutual_neighbor_extra
542,544,mutual_neighbor_extra
543,591,mutual_neighbor_extra
544,568,mutual_neighbor_extra
545,601,mutual_neighbor_extra
546,2244,mutual_neighbor_extra
547,1015,mutual_neighbor_extra
547,3285,mutual_neighbor_extra
548,926,mutual_neighbor_extra
549,691,mutual_neighbor_extra
550,871,mutual_neighbor_extra
551,806,mutual_neighbor_extra
553,786,mutual_neighbor_extra
553,1017,mutual_neighbor_extra
554,818,mutual_neighbor_extra
555,895,mutual_neighbor_extra
555,3219,mutual_neighbor_extra
556,759,mutual_neighbor_extra
557,1703,mutual_neighbor_extra
559,2529,mutual_neighbor_extra
559,2691,mutual_neighbor_extra
560,959,mutual_neighbor_extra
560,2717,mutual_neighbor_extra
561,868,mutual_neighbor_extra
563,687,mutual_neighbor_extra
563,3929,mutual_neighbor_extra
564,973,mutual_neighbor_extra
565,755,mutual_neighbor_extra
565,761,mutual_neighbor_extra
567,1259,mutual_neighbor_extra
568,2211,mutual_neighbor_extra
570,571,mutual_neighbor_extra
571,605,mutual_neighbor_extra
572,698,mutual_neighbor_extra
572,1359,mutual_neighbor_extra
573,2234,mutual_neighbor_extra
574,613,mutual_neighbor_extra
574,1362,mutual_neighbor_extra
575,1416,mutual_neighbor_extra
575,2220,mutual_neighbor_extra
576,656,mutual_neighbor_extra
577,1349,mutual_neighbor_extra
577,1354,mutual_neighbor_extra
578,700,mutual_neighbor_extra
578,1389,mutual_neighbor_extra
580,2225,mutual_neighbor_extra
582,2227,mutual_neighbor_extra
583,619,mutual_neighbor_extra
583,639,mutual_neighbor_extra
584,637,mutual_neighbor_extra
584,1999,mutual_neighbor_extra
585,640,mutual_neighbor_extra
586,1361,mutual_neighbor_extra
586,1362,mutual_neighbor_extra
587,667,mutual_neighbor_extra
588,625,mutual_neighbor_extra
589,614,mutual_neighbor_extra
589,1361,mutual_neighbor_extra
590,803,mutual_neighbor_extra
590,3929,mutual_neighbor_extra
591,656,mutual_neighbor_extra
592,2237,mutual_neighbor_extra
593,602,mutual_neighbor_extra
594,596,mutual_neighbor_extra
595,1417,mutual_neighbor_extra
596,1391,mutual_neighbor_extra
597,643,mutual_neighbor_extra
598,2245,mutual_neighbor_extra
598,2253,mutual_neighbor_extra
600,606,mutual_neighbor_extra
600,2247,mutual_neighbor_extra
601,1348,mutual_neighbor_extra
602,641,mutual_neighbor_extra
603,697,mutual_neighbor_extra
603,1349,mutual_neighbor_extra
604,1423,mutual_neighbor_extra
605,1387,mutual_neighbor_extra
606,2245,mutual_neighbor_extra
608,1300,mutual_neighbor_extra
608,2256,mutual_neighbor_extra
609,625,mutual_neighbor_extra
610,642,mutual_neighbor_extra
610,652,mutual_neighbor_extra
612,2260,mutual_neighbor_extra
613,614,mutual_neighbor_extra
615,674,mutual_neighbor_extra
615,1310,mutual_neighbor_extra
616,1358,mutual_neighbor_extra
617,620,mutual_neighbor_extra
618,622,mutual_neighbor_extra
618,1979,mutual_neighbor_extra
620,621,mutual_neighbor_extra
622,1984,mutual_neighbor_extra
623,1983,mutual_neighbor_extra
623,1984,mutual_neighbor_extra
626,631,mutual_neighbor_extra
626,635,mutual_neighbor_extra
627,634,mutual_neighbor_extra
627,635,mutual_neighbor_extra
628,629,mutual_neighbor_extra
628,636,mutual_neighbor_extra
629,630,mutual_neighbor_extra
630,1991,mutual_neighbor_extra
631,1992,mutual_neighbor_extra
637,638,mutual_neighbor_extra
638,640,mutual_neighbor_extra
639,1999,mutual_neighbor_extra
643,2005,mutual_neighbor_extra
645,665,mutual_neighbor_extra
645,2008,mutual_neighbor_extra
646,2007,mutual_neighbor_extra
646,2008,mutual_neighbor_extra
649,658,mutual_neighbor_extra
649,672,mutual_neighbor_extra
650,657,mutual_neighbor_extra
650,672,mutual_neighbor_extra
651,2199,mutual_neighbor_extra
652,673,mutual_neighbor_extra
654,668,mutual_neighbor_extra
654,669,mutual_neighbor_extra
655,699,mutual_neighbor_extra
657,670,mutual_neighbor_extra
658,670,mutual_neighbor_extra
659,1022,mutual_neighbor_extra
664,699,mutual_neighbor_extra
665,666,mutual_neighbor_extra
666,2024,mutual_neighbor_extra
668,669,mutual_neighbor_extra
671,687,mutual_neighbor_extra
674,1354,mutual_neighbor_extra
675,2113,mutual_neighbor_extra
675,2114,mutual_neighbor_extra
678,859,mutual_neighbor_extra
679,942,mutual_neighbor_extra
679,2583,mutual_neighbor_extra
681,3565,mutual_neighbor_extra
683,1321,mutual_neighbor_extra
685,2113,mutual_neighbor_extra
686,979,mutual_neighbor_extra
689,1262,mutual_neighbor_extra
691,980,mutual_neighbor_extra
692,839,mutual_neighbor_extra
695,930,mutual_neighbor_extra
696,826,mutual_neighbor_extra
697,2032,mutual_neighbor_extra
700,1386,mutual_neighbor_extra
701,726,mutual_neighbor_extra
701,1028,mutual_neighbor_extra
702,730,mutual_neighbor_extra
702,1026,mutual_neighbor_extra
703,749,mutual_neighbor_extra
703,1376,mutual_neighbor_extra
704,706,mutual_neighbor_extra
704,713,mutual_neighbor_extra
705,749,mutual_neighbor_extra
706,3589,mutual_neighbor_extra
707,1018,mutual_neighbor_extra
708,984,mutual_neighbor_extra
711,831,mutual_neighbor_extra
711,987,mutual_neighbor_extra
712,751,mutual_neighbor_extra
713,731,mutual_neighbor_extra
715,1368,mutual_neighbor_extra
715,1369,mutual_neighbor_extra
717,3301,mutual_neighbor_extra
718,3300,mutual_neighbor_extra
718,3301,mutual_neighbor_extra
719,725,mutual_neighbor_extra
719,3302,mutual_neighbor_extra
721,724,mutual_neighbor_extra
721,725,mutual_neighbor_extra
722,3303,mutual_neighbor_extra
722,3304,mutual_neighbor_extra
723,2623,mutual_neighbor_extra
724,3305,mutual_neighbor_extra
726,1364,mutual_neighbor_extra
728,731,mutual_neighbor_extra
728,732,mutual_neighbor_extra
729,732,mutual_neighbor_extra
730,3312,mutual_neighbor_extra
733,748,mutual_neighbor_extra
734,745,mutual_neighbor_extra
734,3314,mutual_neighbor_extra
736,982,mutual_neighbor_extra
739,1032,mutual_neighbor_extra
740,3594,mutual_neighbor_extra
741,852,mutual_neighbor_extra
742,2524,mutual_neighbor_extra
744,3262,mutual_neighbor_extra
745,750,mutual_neighbor_extra
746,1307,mutual_neighbor_extra
747,1027,mutual_neighbor_extra
747,3318,mutual_neighbor_extra
750,751,mutual_neighbor_extra
752,1262,mutual_neighbor_extra
753,1261,mutual_neighbor_extra
757,862,mutual_neighbor_extra
758,850,mutual_neighbor_extra
760,884,mutual_neighbor_extra
763,877,mutual_neighbor_extra
763,1032,mutual_neighbor_extra
765,942,mutual_neighbor_extra
766,924,mutual_neighbor_extra
767,986,mutual_neighbor_extra
767,3554,mutual_neighbor_extra
771,978,mutual_neighbor_extra
772,977,mutual_neighbor_extra
772,2563,mutual_neighbor_extra
773,829,mutual_neighbor_extra
774,1017,mutual_neighbor_extra
775,784,mutual_neighbor_extra
776,1326,mutual_neighbor_extra
778,861,mutual_neighbor_extra
778,888,mutual_neighbor_extra
780,1030,mutual_neighbor_extra
780,3167,mutual_neighbor_extra
781,787,mutual_neighbor_extra
782,888,mutual_neighbor_extra
783,883,mutual_neighbor_extra
783,959,mutual_neighbor_extra
786,836,mutual_neighbor_extra
788,885,mutual_neighbor_extra
789,857,mutual_neighbor_extra
790,2674,mutual_neighbor_extra
791,860,mutual_neighbor_extra
791,3926,mutual_neighbor_extra
792,822,mutual_neighbor_extra
795,2689,mutual_neighbor_extra
796,855,mutual_neighbor_extra
798,850,mutual_neighbor_extra
801,893,mutual_neighbor_extra
804,946,mutual_neighbor_extra
807,2698,mutual_neighbor_extra
811,907,mutual_neighbor_extra
812,946,mutual_neighbor_extra
814,815,mutual_neighbor_extra
814,947,mutual_neighbor_extra
816,1456,mutual_neighbor_extra
817,1008,mutual_neighbor_extra
819,827,mutual_neighbor_extra
819,961,mutual_neighbor_extra
820,821,mutual_neighbor_extra
826,880,mutual_neighbor_extra
827,961,mutual_neighbor_extra
828,975,mutual_neighbor_extra
829,1318,mutual_neighbor_extra
832,869,mutual_neighbor_extra
833,869,mutual_neighbor_extra
835,1334,mutual_neighbor_extra
835,1454,mutual_neighbor_extra
837,1014,mutual_neighbor_extra
838,873,mutual_neighbor_extra
840,1322,mutual_neighbor_extra
842,967,mutual_neighbor_extra
843,944,mutual_neighbor_extra
844,890,mutual_neighbor_extra
847,1021,mutual_neighbor_extra
851,853,mutual_neighbor_extra
852,944,mutual_neighbor_extra
860,989,mutual_neighbor_extra
861,3597,mutual_neighbor_extra
862,3554,mutual_neighbor_extra
863,1337,mutual_neighbor_extra
864,1428,mutual_neighbor_extra
866,1324,mutual_neighbor_extra
866,3928,mutual_neighbor_extra
873,892,mutual_neighbor_extra
875,1313,mutual_neighbor_extra
876,990,mutual_neighbor_extra
879,893,mutual_neighbor_extra
881,908,mutual_neighbor_extra
881,975,mutual_neighbor_extra
886,909,mutual_neighbor_extra
889,924,mutual_neighbor_extra
891,1470,mutual_neighbor_extra
894,908,mutual_neighbor_extra
894,985,mutual_neighbor_extra
896,3454,mutual_neighbor_extra
897,1356,mutual_neighbor_extra
897,1357,mutual_neighbor_extra
898,998,mutual_neighbor_extra
898,2439,mutual_neighbor_extra
899,970,mutual_neighbor_extra
899,1268,mutual_neighbor_extra
900,954,mutual_neighbor_extra
900,1421,mutual_neighbor_extra
901,904,mutual_neighbor_extra
902,903,mutual_neighbor_extra
902,1264,mutual_neighbor_extra
903,904,mutual_neighbor_extra
905,962,mutual_neighbor_extra
905,2448,mutual_neighbor_extra
912,1254,mutual_neighbor_extra
913,1329,mutual_neighbor_extra
913,1338,mutual_neighbor_extra
914,918,mutual_neighbor_extra
914,956,mutual_neighbor_extra
915,1436,mutual_neighbor_extra
916,948,mutual_neighbor_extra
916,965,mutual_neighbor_extra
917,918,mutual_neighbor_extra
917,941,mutual_neighbor_extra
919,940,mutual_neighbor_extra
919,1373,mutual_neighbor_extra
920,953,mutual_neighbor_extra
920,1372,mutual_neighbor_extra
921,931,mutual_neighbor_extra
921,952,mutual_neighbor_extra
922,952,mutual_neighbor_extra
922,1450,mutual_neighbor_extra
923,955,mutual_neighbor_extra
923,956,mutual_neighbor_extra
928,1016,mutual_neighbor_extra
929,3495,mutual_neighbor_extra
929,3497,mutual_neighbor_extra
931,933,mutual_neighbor_extra
932,1452,mutual_neighbor_extra
933,968,mutual_neighbor_extra
934,936,mutual_neighbor_extra
934,937,mutual_neighbor_extra
935,937,mutual_neighbor_extra
935,938,mutual_neighbor_extra
936,938,mutual_neighbor_extra
940,1373,mutual_neighbor_extra
941,972,mutual_neighbor_extra
943,3261,mutual_neighbor_extra
947,1331,mutual_neighbor_extra
948,953,mutual_neighbor_extra
949,992,mutual_neighbor_extra
949,2313,mutual_neighbor_extra
950,993,mutual_neighbor_extra
950,996,mutual_neighbor_extra
954,957,mutual_neighbor_extra
955,1424,mutual_neighbor_extra
957,963,mutual_neighbor_extra
962,1420,mutual_neighbor_extra
963,1355,mutual_neighbor_extra
964,970,mutual_neighbor_extra
964,971,mutual_neighbor_extra
965,1001,mutual_neighbor_extra
966,971,mutual_neighbor_extra
966,1002,mutual_neighbor_extra
968,1424,mutual_neighbor_extra
969,1003,mutual_neighbor_extra
969,1004,mutual_neighbor_extra
972,2468,mutual_neighbor_extra
977,3926,mutual_neighbor_extra
989,3292,mutual_neighbor_extra
990,1316,mutual_neighbor_extra
992,999,mutual_neighbor_extra
993,2480,mutual_neighbor_extra
994,2479,mutual_neighbor_extra
994,2480,mutual_neighbor_extra
995,1000,mutual_neighbor_extra
995,2413,mutual_neighbor_extra
996,1005,mutual_neighbor_extra
997,1002,mutual_neighbor_extra
998,1001,mutual_neighbor_extra
999,1004,mutual_neighbor_extra
1000,1005,mutual_neighbor_extra
1003,1420,mutual_neighbor_extra
1007,1340,mutual_neighbor_extra
1008,3930,mutual_neighbor_extra
1009,1010,mutual_neighbor_extra
1011,3925,mutual_neighbor_extra
1011,3927,mutual_neighbor_extra
1012,1470,mutual_neighbor_extra
1014,1330,mutual_neighbor_extra
1019,3512,mutual_neighbor_extra
1026,3582,mutual_neighbor_extra
1027,3318,mutual_neighbor_extra
1028,1428,mutual_neighbor_extra
1030,1453,mutual_neighbor_extra
1033,1045,mutual_neighbor_extra
1033,1068,mutual_neighbor_extra
1034,1143,mutual_neighbor_extra
1034,1151,mutual_neighbor_extra
1035,1228,mutual_neighbor_extra
1035,1231,mutual_neighbor_extra
1036,1131,mutual_neighbor_extra
1036,1201,mutual_neighbor_extra
1037,1064,mutual_neighbor_extra
1037,1115,mutual_neighbor_extra
1038,1092,mutual_neighbor_extra
1038,1111,mutual_neighbor_extra
1039,1073,mutual_neighbor_extra
1039,1152,mutual_neighbor_extra
1040,1057,mutual_neighbor_extra
1040,1102,mutual_neighbor_extra
1041,1068,mutual_neighbor_extra
1041,1084,mutual_neighbor_extra
1042,1145,mutual_neighbor_extra
1042,1149,mutual_neighbor_extra
1043,1144,mutual_neighbor_extra
1043,1162,mutual_neighbor_extra
1044,1156,mutual_neighbor_extra
1045,1182,mutual_neighbor_extra
1046,1059,mutual_neighbor_extra
1046,1220,mutual_neighbor_extra
1047,1147,mutual_neighbor_extra
1047,1150,mutual_neighbor_extra
1048,1142,mutual_neighbor_extra
1048,1161,mutual_neighbor_extra
1049,1084,mutual_neighbor_extra
1049,1183,mutual_neighbor_extra
1050,1116,mutual_neighbor_extra
1050,1164,mutual_neighbor_extra
1051,1067,mutual_neighbor_extra
1051,1140,mutual_neighbor_extra
1052,1172,mutual_neighbor_extra
1052,1184,mutual_neighbor_extra
1053,1074,mutual_neighbor_extra
1053,1077,mutual_neighbor_extra
1054,1134,mutual_neighbor_extra
1054,1205,mutual_neighbor_extra
1055,1078,mutual_neighbor_extra
1055,1127,mutual_neighbor_extra
1058,1163,mutual_neighbor_extra
1059,1195,mutual_neighbor_extra
1060,1065,mutual_neighbor_extra
1060,1241,mutual_neighbor_extra
1061,1064,mutual_neighbor_extra
1061,1173,mutual_neighbor_extra
1062,1115,mutual_neighbor_extra
1062,1141,mutual_neighbor_extra
1063,1065,mutual_neighbor_extra
1063,1216,mutual_neighbor_extra
1066,2948,mutual_neighbor_extra
1067,1091,mutual_neighbor_extra
1069,1077,mutual_neighbor_extra
1069,1170,mutual_neighbor_extra
1070,1175,mutual_neighbor_extra
1070,1195,mutual_neighbor_extra
1071,1105,mutual_neighbor_extra
1071,1139,mutual_neighbor_extra
1072,1148,mutual_neighbor_extra
1072,1224,mutual_neighbor_extra
1073,1152,mutual_neighbor_extra
1074,1079,mutual_neighbor_extra
1075,1132,mutual_neighbor_extra
1075,1201,mutual_neighbor_extra
1076,1119,mutual_neighbor_extra
1076,1121,mutual_neighbor_extra
1078,1193,mutual_neighbor_extra
1079,1148,mutual_neighbor_extra
1080,1103,mutual_neighbor_extra
1080,1149,mutual_neighbor_extra
1083,1131,mutual_neighbor_extra
1083,1143,mutual_neighbor_extra
1085,1230,mutual_neighbor_extra
1085,1251,mutual_neighbor_extra
1086,1133,mutual_neighbor_extra
1086,1246,mutual_neighbor_extra
1087,1102,mutual_neighbor_extra
1087,1134,mutual_neighbor_extra
1088,1114,mutual_neighbor_extra
1088,1186,mutual_neighbor_extra
1089,1127,mutual_neighbor_extra
1089,1229,mutual_neighbor_extra
1090,1132,mutual_neighbor_extra
1090,1165,mutual_neighbor_extra
1091,1130,mutual_neighbor_extra
1092,1203,mutual_neighbor_extra
1093,1226,mutual_neighbor_extra
1093,1242,mutual_neighbor_extra
1094,1154,mutual_neighbor_extra
1094,1167,mutual_neighbor_extra
1095,1171,mutual_neighbor_extra
1095,1207,mutual_neighbor_extra
1096,1097,mutual_neighbor_extra
1096,1179,mutual_neighbor_extra
1097,1107,mutual_neighbor_extra
1098,1116,mutual_neighbor_extra
1098,1192,mutual_neighbor_extra
1099,1110,mutual_neighbor_extra
1099,1241,mutual_neighbor_extra
1100,1118,mutual_neighbor_extra
1101,1130,mutual_neighbor_extra
1101,1185,mutual_neighbor_extra
1103,1232,mutual_neighbor_extra
1104,1142,mutual_neighbor_extra
1104,1175,mutual_neighbor_extra
1105,1139,mutual_neighbor_extra
1106,1108,mutual_neighbor_extra
1106,1211,mutual_neighbor_extra
1107,1181,mutual_neighbor_extra
1108,1243,mutual_neighbor_extra
1109,1157,mutual_neighbor_extra
1109,1200,mutual_neighbor_extra
1110,1216,mutual_neighbor_extra
1111,1235,mutual_neighbor_extra
1112,1211,mutual_neighbor_extra
1112,3290,mutual_neighbor_extra
1113,1120,mutual_neighbor_extra
1113,1198,mutual_neighbor_extra
1114,1217,mutual_neighbor_extra
1117,1122,mutual_neighbor_extra
1117,1138,mutual_neighbor_extra
1118,1154,mutual_neighbor_extra
1119,1121,mutual_neighbor_extra
1120,1198,mutual_neighbor_extra
1122,1189,mutual_neighbor_extra
1123,1125,mutual_neighbor_extra
1123,1219,mutual_neighbor_extra
1124,1128,mutual_neighbor_extra
1124,1169,mutual_neighbor_extra
1125,1468,mutual_neighbor_extra
1126,1186,mutual_neighbor_extra
1126,1228,mutual_neighbor_extra
1128,1206,mutual_neighbor_extra
1129,1197,mutual_neighbor_extra
1129,1245,mutual_neighbor_extra
1133,1185,mutual_neighbor_extra
1135,2949,mutual_neighbor_extra
1135,2989,mutual_neighbor_extra
1136,1153,mutual_neighbor_extra
1136,1155,mutual_neighbor_extra
1137,1158,mutual_neighbor_extra
1137,1236,mutual_neighbor_extra
1138,1231,mutual_neighbor_extra
1140,1250,mutual_neighbor_extra
1141,1249,mutual_neighbor_extra
1145,1187,mutual_neighbor_extra
1146,1212,mutual_neighbor_extra
1147,1248,mutual_neighbor_extra
1150,1190,mutual_neighbor_extra
1151,1237,mutual_neighbor_extra
1153,1229,mutual_neighbor_extra
1155,1250,mutual_neighbor_extra
1156,1200,mutual_neighbor_extra
1157,1236,mutual_neighbor_extra
1158,1194,mutual_neighbor_extra
1159,1166,mutual_neighbor_extra
1159,1174,mutual_neighbor_extra
1160,1199,mutual_neighbor_extra
1160,1245,mutual_neighbor_extra
1161,1221,mutual_neighbor_extra
1162,1222,mutual_neighbor_extra
1163,1199,mutual_neighbor_extra
1164,1170,mutual_neighbor_extra
1165,1208,mutual_neighbor_extra
1166,1202,mutual_neighbor_extra
1167,1247,mutual_neighbor_extra
1168,1184,mutual_neighbor_extra
1168,1227,mutual_neighbor_extra
1169,1240,mutual_neighbor_extra
1171,1177,mutual_neighbor_extra
1172,1203,mutual_neighbor_extra
1173,1239,mutual_neighbor_extra
1174,1239,mutual_neighbor_extra
1176,1193,mutual_neighbor_extra
1176,1202,mutual_neighbor_extra
1177,1207,mutual_neighbor_extra
1178,1183,mutual_neighbor_extra
1178,1251,mutual_neighbor_extra
1179,1205,mutual_neighbor_extra
1180,1214,mutual_neighbor_extra
1180,1227,mutual_neighbor_extra
1181,1189,mutual_neighbor_extra
1182,1240,mutual_neighbor_extra
1187,1222,mutual_neighbor_extra
1188,1220,mutual_neighbor_extra
1188,1242,mutual_neighbor_extra
1190,1204,mutual_neighbor_extra
1192,1224,mutual_neighbor_extra
1194,1232,mutual_neighbor_extra
1196,1249,mutual_neighbor_extra
1196,1621,mutual_neighbor_extra
1197,1226,mutual_neighbor_extra
1204,1217,mutual_neighbor_extra
1206,1237,mutual_neighbor_extra
1209,1213,mutual_neighbor_extra
1209,1225,mutual_neighbor_extra
1210,1247,mutual_neighbor_extra
1212,3877,mutual_neighbor_extra
1213,1238,mutual_neighbor_extra
1214,1233,mutual_neighbor_extra
1219,1223,mutual_neighbor_extra
1221,1230,mutual_neighbor_extra
1223,1238,mutual_neighbor_extra
1225,1234,mutual_neighbor_extra
1233,1234,mutual_neighbor_extra
1235,1246,mutual_neighbor_extra
1243,1759,mutual_neighbor_extra
1252,3233,mutual_neighbor_extra
1252,3288,mutual_neighbor_extra
1256,1715,mutual_neighbor_extra
1259,2967,mutual_neighbor_extra
1263,1265,mutual_neighbor_extra
1263,2411,mutual_neighbor_extra
1264,1266,mutual_neighbor_extra
1265,1266,mutual_neighbor_extra
1267,1357,mutual_neighbor_extra
1267,2272,mutual_neighbor_extra
1268,1422,mutual_neighbor_extra
1272,1275,mutual_neighbor_extra
1275,1276,mutual_neighbor_extra
1277,1278,mutual_neighbor_extra
1277,1280,mutual_neighbor_extra
1278,1296,mutual_neighbor_extra
1279,1294,mutual_neighbor_extra
1279,1295,mutual_neighbor_extra
1280,1294,mutual_neighbor_extra
1281,1293,mutual_neighbor_extra
1281,1297,mutual_neighbor_extra
1282,1286,mutual_neighbor_extra
1282,1287,mutual_neighbor_extra
1283,1285,mutual_neighbor_extra
1283,1287,mutual_neighbor_extra
1284,2239,mutual_neighbor_extra
1284,2246,mutual_neighbor_extra
1285,1286,mutual_neighbor_extra
1288,1292,mutual_neighbor_extra
1288,1347,mutual_neighbor_extra
1290,1291,mutual_neighbor_extra
1290,1292,mutual_neighbor_extra
1291,2298,mutual_neighbor_extra
1293,2077,mutual_neighbor_extra
1295,1296,mutual_neighbor_extra
1298,1305,mutual_neighbor_extra
1298,1306,mutual_neighbor_extra
1300,1363,mutual_neighbor_extra
1301,1302,mutual_neighbor_extra
1301,1391,mutual_neighbor_extra
1302,1308,mutual_neighbor_extra
1304,1307,mutual_neighbor_extra
1305,1306,mutual_neighbor_extra
1309,1380,mutual_neighbor_extra
1310,1311,mutual_neighbor_extra
1311,1389,mutual_neighbor_extra
1317,1337,mutual_neighbor_extra
1318,1336,mutual_neighbor_extra
1320,1327,mutual_neighbor_extra
1320,3928,mutual_neighbor_extra
1322,3591,mutual_neighbor_extra
1323,2605,mutual_neighbor_extra
1324,1327,mutual_neighbor_extra
1328,2632,mutual_neighbor_extra
1329,1432,mutual_neighbor_extra
1339,2666,mutual_neighbor_extra
1342,1346,mutual_neighbor_extra
1343,1344,mutual_neighbor_extra
1347,1348,mutual_neighbor_extra
1351,1352,mutual_neighbor_extra
1355,1356,mutual_neighbor_extra
1359,1360,mutual_neighbor_extra
1360,1363,mutual_neighbor_extra
1364,3298,mutual_neighbor_extra
1365,1367,mutual_neighbor_extra
1365,1369,mutual_neighbor_extra
1366,1367,mutual_neighbor_extra
1366,1368,mutual_neighbor_extra
1370,1374,mutual_neighbor_extra
1371,1374,mutual_neighbor_extra
1371,1525,mutual_neighbor_extra
1372,2455,mutual_neighbor_extra
1377,1379,mutual_neighbor_extra
1377,1382,mutual_neighbor_extra
1378,1379,mutual_neighbor_extra
1381,1383,mutual_neighbor_extra
1383,1399,mutual_neighbor_extra
1385,1386,mutual_neighbor_extra
1387,1390,mutual_neighbor_extra
1388,1390,mutual_neighbor_extra
1392,1396,mutual_neighbor_extra
1392,1398,mutual_neighbor_extra
1393,1399,mutual_neighbor_extra
1393,1419,mutual_neighbor_extra
1394,1395,mutual_neighbor_extra
1394,1397,mutual_neighbor_extra
1395,1397,mutual_neighbor_extra
1398,1400,mutual_neighbor_extra
1401,1404,mutual_neighbor_extra
1401,1406,mutual_neighbor_extra
1402,1407,mutual_neighbor_extra
1402,1413,mutual_neighbor_extra
1403,1405,mutual_neighbor_extra
1403,1414,mutual_neighbor_extra
1404,1405,mutual_neighbor_extra
1406,1409,mutual_neighbor_extra
1407,1411,mutual_neighbor_extra
1408,1409,mutual_neighbor_extra
1408,1412,mutual_neighbor_extra
1410,1412,mutual_neighbor_extra
1410,1414,mutual_neighbor_extra
1411,1413,mutual_neighbor_extra
1415,1417,mutual_neighbor_extra
1415,1418,mutual_neighbor_extra
1416,1418,mutual_neighbor_extra
1421,1422,mutual_neighbor_extra
1425,1426,mutual_neighbor_extra
1427,1663,mutual_neighbor_extra
1429,1439,mutual_neighbor_extra
1429,1441,mutual_neighbor_extra
1430,1444,mutual_neighbor_extra
1430,1447,mutual_neighbor_extra
1431,1448,mutual_neighbor_extra
1431,1449,mutual_neighbor_extra
1432,1433,mutual_neighbor_extra
1433,1448,mutual_neighbor_extra
1435,1678,mutual_neighbor_extra
1438,1439,mutual_neighbor_extra
1438,1442,mutual_neighbor_extra
1440,1441,mutual_neighbor_extra
1440,1442,mutual_neighbor_extra
1443,1445,mutual_neighbor_extra
1443,1446,mutual_neighbor_extra
1444,1446,mutual_neighbor_extra
1445,1447,mutual_neighbor_extra
1449,1450,mutual_neighbor_extra
1453,3279,mutual_neighbor_extra
1457,1458,mutual_neighbor_extra
1457,1652,mutual_neighbor_extra
1458,1580,mutual_neighbor_extra
1459,1475,mutual_neighbor_extra
1459,1709,mutual_neighbor_extra
1460,1591,mutual_neighbor_extra
1460,1664,mutual_neighbor_extra
1461,1558,mutual_neighbor_extra
1461,1676,mutual_neighbor_extra
1462,1633,mutual_neighbor_extra
1462,1684,mutual_neighbor_extra
1463,1511,mutual_neighbor_extra
1463,1592,mutual_neighbor_extra
1464,1637,mutual_neighbor_extra
1464,1686,mutual_neighbor_extra
1465,1508,mutual_neighbor_extra
1465,1528,mutual_neighbor_extra
1466,1543,mutual_neighbor_extra
1467,1591,mutual_neighbor_extra
1467,1689,mutual_neighbor_extra
1468,2557,mutual_neighbor_extra
1469,1529,mutual_neighbor_extra
1469,1712,mutual_neighbor_extra
1471,1487,mutual_neighbor_extra
1471,1569,mutual_neighbor_extra
1472,1549,mutual_neighbor_extra
1473,1480,mutual_neighbor_extra
1473,1487,mutual_neighbor_extra
1474,1490,mutual_neighbor_extra
1474,1575,mutual_neighbor_extra
1475,1546,mutual_neighbor_extra
1476,1600,mutual_neighbor_extra
1476,1690,mutual_neighbor_extra
1477,1694,mutual_neighbor_extra
1477,1698,mutual_neighbor_extra
1479,1651,mutual_neighbor_extra
1479,1675,mutual_neighbor_extra
1480,1691,mutual_neighbor_extra
1481,1647,mutual_neighbor_extra
1481,1671,mutual_neighbor_extra
1482,1550,mutual_neighbor_extra
1482,1594,mutual_neighbor_extra
1483,2137,mutual_neighbor_extra
1483,2182,mutual_neighbor_extra
1485,1520,mutual_neighbor_extra
1485,1575,mutual_neighbor_extra
1486,1527,mutual_neighbor_extra
1486,1537,mutual_neighbor_extra
1488,1523,mutual_neighbor_extra
1488,1527,mutual_neighbor_extra
1489,1554,mutual_neighbor_extra
1489,1562,mutual_neighbor_extra
1490,1644,mutual_neighbor_extra
1491,1680,mutual_neighbor_extra
1491,1688,mutual_neighbor_extra
1492,1568,mutual_neighbor_extra
1492,1647,mutual_neighbor_extra
1493,1685,mutual_neighbor_extra
1494,1516,mutual_neighbor_extra
1494,1662,mutual_neighbor_extra
1495,1539,mutual_neighbor_extra
1495,1608,mutual_neighbor_extra
1496,1502,mutual_neighbor_extra
1496,1635,mutual_neighbor_extra
1497,1526,mutual_neighbor_extra
1497,1639,mutual_neighbor_extra
1498,1511,mutual_neighbor_extra
1498,1599,mutual_neighbor_extra
1499,1562,mutual_neighbor_extra
1500,1501,mutual_neighbor_extra
1501,1595,mutual_neighbor_extra
1502,1619,mutual_neighbor_extra
1503,1612,mutual_neighbor_extra
1503,1657,mutual_neighbor_extra
1504,1582,mutual_neighbor_extra
1505,1548,mutual_neighbor_extra
1505,1611,mutual_neighbor_extra
1506,1609,mutual_neighbor_extra
1506,1628,mutual_neighbor_extra
1507,1551,mutual_neighbor_extra
1507,1636,mutual_neighbor_extra
1508,1549,mutual_neighbor_extra
1509,1576,mutual_neighbor_extra
1509,1707,mutual_neighbor_extra
1510,1513,mutual_neighbor_extra
1510,1515,mutual_neighbor_extra
1512,1513,mutual_neighbor_extra
1512,1626,mutual_neighbor_extra
1514,1577,mutual_neighbor_extra
1514,1672,mutual_neighbor_extra
1515,1559,mutual_neighbor_extra
1516,1561,mutual_neighbor_extra
1518,1556,mutual_neighbor_extra
1518,1631,mutual_neighbor_extra
1519,2948,mutual_neighbor_extra
1519,3025,mutual_neighbor_extra
1520,1572,mutual_neighbor_extra
1521,1586,mutual_neighbor_extra
1521,1610,mutual_neighbor_extra
1522,1616,mutual_neighbor_extra
1522,1627,mutual_neighbor_extra
1524,1704,mutual_neighbor_extra
1525,1538,mutual_neighbor_extra
1526,1637,mutual_neighbor_extra
1528,1695,mutual_neighbor_extra
1530,1622,mutual_neighbor_extra
1530,1693,mutual_neighbor_extra
1531,1620,mutual_neighbor_extra
1531,1662,mutual_neighbor_extra
1532,1551,mutual_neighbor_extra
1532,1650,mutual_neighbor_extra
1533,1618,mutual_neighbor_extra
1533,1634,mutual_neighbor_extra
1534,1577,mutual_neighbor_extra
1534,3309,mutual_neighbor_extra
1535,1548,mutual_neighbor_extra
1535,1682,mutual_neighbor_extra
1537,1669,mutual_neighbor_extra
1538,1605,mutual_neighbor_extra
1540,1639,mutual_neighbor_extra
1540,1652,mutual_neighbor_extra
1541,1614,mutual_neighbor_extra
1541,1638,mutual_neighbor_extra
1542,1565,mutual_neighbor_extra
1542,1568,mutual_neighbor_extra
1543,1600,mutual_neighbor_extra
1544,2914,mutual_neighbor_extra
1544,2927,mutual_neighbor_extra
1545,1624,mutual_neighbor_extra
1545,1684,mutual_neighbor_extra
1546,1571,mutual_neighbor_extra
1547,1661,mutual_neighbor_extra
1547,1674,mutual_neighbor_extra
1550,1693,mutual_neighbor_extra
1552,1596,mutual_neighbor_extra
1552,1636,mutual_neighbor_extra
1554,1564,mutual_neighbor_extra
1555,1623,mutual_neighbor_extra
1555,1701,mutual_neighbor_extra
1556,1631,mutual_neighbor_extra
1557,1619,mutual_neighbor_extra
1557,1635,mutual_neighbor_extra
1558,1710,mutual_neighbor_extra
1559,1566,mutual_neighbor_extra
1560,1695,mutual_neighbor_extra
1561,1705,mutual_neighbor_extra
1563,1670,mutual_neighbor_extra
1563,1708,mutual_neighbor_extra
1564,1610,mutual_neighbor_extra
1565,1713,mutual_neighbor_extra
1566,1667,mutual_neighbor_extra
1567,1690,mutual_neighbor_extra
1567,1697,mutual_neighbor_extra
1569,1676,mutual_neighbor_extra
1570,1596,mutual_neighbor_extra
1570,1681,mutual_neighbor_extra
1571,1612,mutual_neighbor_extra
1572,1644,mutual_neighbor_extra
1573,1627,mutual_neighbor_extra
1573,1660,mutual_neighbor_extra
1574,2442,mutual_neighbor_extra
1574,2445,mutual_neighbor_extra
1576,1638,mutual_neighbor_extra
1578,1625,mutual_neighbor_extra
1578,1683,mutual_neighbor_extra
1579,1620,mutual_neighbor_extra
1581,1617,mutual_neighbor_extra
1581,1713,mutual_neighbor_extra
1582,1697,mutual_neighbor_extra
1583,1607,mutual_neighbor_extra
1583,1643,mutual_neighbor_extra
1584,1653,mutual_neighbor_extra
1584,1710,mutual_neighbor_extra
1585,1629,mutual_neighbor_extra
1585,1702,mutual_neighbor_extra
1586,1607,mutual_neighbor_extra
1588,1656,mutual_neighbor_extra
1588,1711,mutual_neighbor_extra
1589,1625,mutual_neighbor_extra
1589,1688,mutual_neighbor_extra
1590,1668,mutual_neighbor_extra
1590,2142,mutual_neighbor_extra
1592,1615,mutual_neighbor_extra
1593,1658,mutual_neighbor_extra
1594,1622,mutual_neighbor_extra
1595,1666,mutual_neighbor_extra
1597,1706,mutual_neighbor_extra
1598,1630,mutual_neighbor_extra
1598,1692,mutual_neighbor_extra
1599,1709,mutual_neighbor_extra
1602,1679,mutual_neighbor_extra
1602,1683,mutual_neighbor_extra
1604,1642,mutual_neighbor_extra
1604,1645,mutual_neighbor_extra
1605,1685,mutual_neighbor_extra
1606,1623,mutual_neighbor_extra
1606,1702,mutual_neighbor_extra
1609,1628,mutual_neighbor_extra
1611,1699,mutual_neighbor_extra
1613,1670,mutual_neighbor_extra
1614,1706,mutual_neighbor_extra
1615,1714,mutual_neighbor_extra
1616,1643,mutual_neighbor_extra
1617,1650,mutual_neighbor_extra
1618,1714,mutual_neighbor_extra
1621,1633,mutual_neighbor_extra
1624,1629,mutual_neighbor_extra
1626,1698,mutual_neighbor_extra
1630,1641,mutual_neighbor_extra
1632,1691,mutual_neighbor_extra
1632,1703,mutual_neighbor_extra
1640,1645,mutual_neighbor_extra
1640,1696,mutual_neighbor_extra
1641,1692,mutual_neighbor_extra
1642,1705,mutual_neighbor_extra
1646,1659,mutual_neighbor_extra
1646,1687,mutual_neighbor_extra
1648,1673,mutual_neighbor_extra
1648,1675,mutual_neighbor_extra
1651,1655,mutual_neighbor_extra
1654,1687,mutual_neighbor_extra
1656,1666,mutual_neighbor_extra
1658,1677,mutual_neighbor_extra
1659,1674,mutual_neighbor_extra
1660,1701,mutual_neighbor_extra
1661,1677,mutual_neighbor_extra
1663,1665,mutual_neighbor_extra
1664,1686,mutual_neighbor_extra
1665,1669,mutual_neighbor_extra
1667,1704,mutual_neighbor_extra
1668,2586,mutual_neighbor_extra
1671,2442,mutual_neighbor_extra
1672,1678,mutual_neighbor_extra
1679,1712,mutual_neighbor_extra
1680,1711,mutual_neighbor_extra
1682,1699,mutual_neighbor_extra
1689,1862,mutual_neighbor_extra
1700,1976,mutual_neighbor_extra
1700,3827,mutual_neighbor_extra
1717,1748,mutual_neighbor_extra
1717,1757,mutual_neighbor_extra
1718,1789,mutual_neighbor_extra
1718,1815,mutual_neighbor_extra
1719,1848,mutual_neighbor_extra
1719,1897,mutual_neighbor_extra
1721,1742,mutual_neighbor_extra
1721,1775,mutual_neighbor_extra
1722,1781,mutual_neighbor_extra
1722,1844,mutual_neighbor_extra
1723,1828,mutual_neighbor_extra
1723,1924,mutual_neighbor_extra
1724,1790,mutual_neighbor_extra
1724,1952,mutual_neighbor_extra
1725,1895,mutual_neighbor_extra
1725,1898,mutual_neighbor_extra
1726,1814,mutual_neighbor_extra
1726,1870,mutual_neighbor_extra
1727,1892,mutual_neighbor_extra
1728,1769,mutual_neighbor_extra
1728,1937,mutual_neighbor_extra
1729,1793,mutual_neighbor_extra
1729,1941,mutual_neighbor_extra
1730,1930,mutual_neighbor_extra
1730,1933,mutual_neighbor_extra
1731,1883,mutual_neighbor_extra
1731,1896,mutual_neighbor_extra
1732,1834,mutual_neighbor_extra
1732,1839,mutual_neighbor_extra
1733,1834,mutual_neighbor_extra
1733,1857,mutual_neighbor_extra
1734,1960,mutual_neighbor_extra
1734,1965,mutual_neighbor_extra
1735,1784,mutual_neighbor_extra
1735,1825,mutual_neighbor_extra
1736,1751,mutual_neighbor_extra
1736,1916,mutual_neighbor_extra
1737,1846,mutual_neighbor_extra
1737,3567,mutual_neighbor_extra
1738,1823,mutual_neighbor_extra
1738,1954,mutual_neighbor_extra
1739,1791,mutual_neighbor_extra
1739,1833,mutual_neighbor_extra
1740,1760,mutual_neighbor_extra
1740,1906,mutual_neighbor_extra
1741,1846,mutual_neighbor_extra
1741,1874,mutual_neighbor_extra
1742,1967,mutual_neighbor_extra
1743,1785,mutual_neighbor_extra
1743,1948,mutual_neighbor_extra
1744,1745,mutual_neighbor_extra
1744,1781,mutual_neighbor_extra
1745,1947,mutual_neighbor_extra
1746,1827,mutual_neighbor_extra
1746,1879,mutual_neighbor_extra
1747,1779,mutual_neighbor_extra
1747,1812,mutual_neighbor_extra
1748,1789,mutual_neighbor_extra
1749,1830,mutual_neighbor_extra
1749,1845,mutual_neighbor_extra
1750,1772,mutual_neighbor_extra
1750,1914,mutual_neighbor_extra
1751,1884,mutual_neighbor_extra
1752,1918,mutual_neighbor_extra
1752,1954,mutual_neighbor_extra
1753,1777,mutual_neighbor_extra
1753,1964,mutual_neighbor_extra
1754,1758,mutual_neighbor_extra
1754,1761,mutual_neighbor_extra
1755,1767,mutual_neighbor_extra
1755,1816,mutual_neighbor_extra
1756,1765,mutual_neighbor_extra
1756,1891,mutual_neighbor_extra
1757,1802,mutual_neighbor_extra
1758,1903,mutual_neighbor_extra
1759,1966,mutual_neighbor_extra
1760,1811,mutual_neighbor_extra
1761,1932,mutual_neighbor_extra
1762,1896,mutual_neighbor_extra
1762,1965,mutual_neighbor_extra
1763,1836,mutual_neighbor_extra
1763,1893,mutual_neighbor_extra
1764,1804,mutual_neighbor_extra
1764,1861,mutual_neighbor_extra
1765,1949,mutual_neighbor_extra
1766,1782,mutual_neighbor_extra
1766,1957,mutual_neighbor_extra
1767,1816,mutual_neighbor_extra
1768,1810,mutual_neighbor_extra
1768,1939,mutual_neighbor_extra
1769,1804,mutual_neighbor_extra
1770,1850,mutual_neighbor_extra
1770,1944,mutual_neighbor_extra
1771,1945,mutual_neighbor_extra
1772,1800,mutual_neighbor_extra
1773,1831,mutual_neighbor_extra
1773,1955,mutual_neighbor_extra
1774,1801,mutual_neighbor_extra
1774,1962,mutual_neighbor_extra
1775,1822,mutual_neighbor_extra
1776,1829,mutual_neighbor_extra
1776,1863,mutual_neighbor_extra
1777,1808,mutual_neighbor_extra
1780,1803,mutual_neighbor_extra
1780,1955,mutual_neighbor_extra
1782,1957,mutual_neighbor_extra
1783,1792,mutual_neighbor_extra
1783,1797,mutual_neighbor_extra
1784,1839,mutual_neighbor_extra
1785,1796,mutual_neighbor_extra
1787,1907,mutual_neighbor_extra
1787,1940,mutual_neighbor_extra
1788,1841,mutual_neighbor_extra
1788,1962,mutual_neighbor_extra
1790,1952,mutual_neighbor_extra
1791,1801,mutual_neighbor_extra
1792,1936,mutual_neighbor_extra
1793,1800,mutual_neighbor_extra
1794,1802,mutual_neighbor_extra
1794,1865,mutual_neighbor_extra
1795,1944,mutual_neighbor_extra
1795,1950,mutual_neighbor_extra
1796,1943,mutual_neighbor_extra
1797,1805,mutual_neighbor_extra
1798,3260,mutual_neighbor_extra
1799,1830,mutual_neighbor_extra
1799,1975,mutual_neighbor_extra
1803,1853,mutual_neighbor_extra
1805,1942,mutual_neighbor_extra
1806,1837,mutual_neighbor_extra
1806,2931,mutual_neighbor_extra
1807,1877,mutual_neighbor_extra
1807,1908,mutual_neighbor_extra
1808,1959,mutual_neighbor_extra
1811,1890,mutual_neighbor_extra
1812,1887,mutual_neighbor_extra
1813,1975,mutual_neighbor_extra
1814,1835,mutual_neighbor_extra
1815,1895,mutual_neighbor_extra
1817,1819,mutual_neighbor_extra
1818,1851,mutual_neighbor_extra
1818,1951,mutual_neighbor_extra
1819,1936,mutual_neighbor_extra
1820,1835,mutual_neighbor_extra
1820,1942,mutual_neighbor_extra
1822,1840,mutual_neighbor_extra
1823,1948,mutual_neighbor_extra
1824,1919,mutual_neighbor_extra
1824,1928,mutual_neighbor_extra
1825,1938,mutual_neighbor_extra
1826,1897,mutual_neighbor_extra
1826,1968,mutual_neighbor_extra
1827,1927,mutual_neighbor_extra
1828,1845,mutual_neighbor_extra
1829,1935,mutual_neighbor_extra
1831,1951,mutual_neighbor_extra
1833,1950,mutual_neighbor_extra
1836,1855,mutual_neighbor_extra
1837,1921,mutual_neighbor_extra
1838,1938,mutual_neighbor_extra
1838,1939,mutual_neighbor_extra
1840,1967,mutual_neighbor_extra
1841,1917,mutual_neighbor_extra
1843,1880,mutual_neighbor_extra
1843,3137,mutual_neighbor_extra
1844,1909,mutual_neighbor_extra
1847,3360,mutual_neighbor_extra
1847,3526,mutual_neighbor_extra
1848,1893,mutual_neighbor_extra
1849,1867,mutual_neighbor_extra
1849,1873,mutual_neighbor_extra
1850,1861,mutual_neighbor_extra
1851,1960,mutual_neighbor_extra
1852,1856,mutual_neighbor_extra
1853,1934,mutual_neighbor_extra
1855,1968,mutual_neighbor_extra
1856,1881,mutual_neighbor_extra
1857,1892,mutual_neighbor_extra
1858,1889,mutual_neighbor_extra
1858,1890,mutual_neighbor_extra
1859,1875,mutual_neighbor_extra
1859,1901,mutual_neighbor_extra
1860,1873,mutual_neighbor_extra
1860,1970,mutual_neighbor_extra
1862,1946,mutual_neighbor_extra
1863,1929,mutual_neighbor_extra
1864,1869,mutual_neighbor_extra
1864,1899,mutual_neighbor_extra
1866,1923,mutual_neighbor_extra
1866,1943,mutual_neighbor_extra
1867,1908,mutual_neighbor_extra
1868,3556,mutual_neighbor_extra
1868,3579,mutual_neighbor_extra
1869,1929,mutual_neighbor_extra
1870,1947,mutual_neighbor_extra
1871,1902,mutual_neighbor_extra
1871,1958,mutual_neighbor_extra
1872,1899,mutual_neighbor_extra
1872,1912,mutual_neighbor_extra
1874,1925,mutual_neighbor_extra
1875,1916,mutual_neighbor_extra
1877,1884,mutual_neighbor_extra
1879,1937,mutual_neighbor_extra
1880,3824,mutual_neighbor_extra
1881,1894,mutual_neighbor_extra
1882,1905,mutual_neighbor_extra
1882,1913,mutual_neighbor_extra
1883,1959,mutual_neighbor_extra
1885,1909,mutual_neighbor_extra
1886,1930,mutual_neighbor_extra
1886,1933,mutual_neighbor_extra
1887,1926,mutual_neighbor_extra
1888,1904,mutual_neighbor_extra
1888,1926,mutual_neighbor_extra
1889,1911,mutual_neighbor_extra
1891,1927,mutual_neighbor_extra
1894,1932,mutual_neighbor_extra
1898,1910,mutual_neighbor_extra
1900,1915,mutual_neighbor_extra
1900,1931,mutual_neighbor_extra
1901,1918,mutual_neighbor_extra
1902,3239,mutual_neighbor_extra
1903,1912,mutual_neighbor_extra
1904,1964,mutual_neighbor_extra
1905,1913,mutual_neighbor_extra
1906,1911,mutual_neighbor_extra
1907,1946,mutual_neighbor_extra
1910,1970,mutual_neighbor_extra
1914,1941,mutual_neighbor_extra
1915,1931,mutual_neighbor_extra
1917,1945,mutual_neighbor_extra
1919,1928,mutual_neighbor_extra
1921,2931,mutual_neighbor_extra
1922,1958,mutual_neighbor_extra
1923,1924,mutual_neighbor_extra
1925,3338,mutual_neighbor_extra
1934,1935,mutual_neighbor_extra
1940,1949,mutual_neighbor_extra
1953,1972,mutual_neighbor_extra
1963,3583,mutual_neighbor_extra
1963,3689,mutual_neighbor_extra
1966,1972,mutual_neighbor_extra
1969,2659,mutual_neighbor_extra
1969,3165,mutual_neighbor_extra
1976,2243,mutual_neighbor_extra
1977,2190,mutual_neighbor_extra
1978,2007,mutual_neighbor_extra
1978,2250,mutual_neighbor_extra
1979,1980,mutual_neighbor_extra
1980,2265,mutual_neighbor_extra
1981,1982,mutual_neighbor_extra
1981,2229,mutual_neighbor_extra
1982,1983,mutual_neighbor_extra
1985,1994,mutual_neighbor_extra
1986,1987,mutual_neighbor_extra
1986,1994,mutual_neighbor_extra
1987,1996,mutual_neighbor_extra
1988,1995,mutual_neighbor_extra
1988,1997,mutual_neighbor_extra
1989,2063,mutual_neighbor_extra
1989,2232,mutual_neighbor_extra
1990,1993,mutual_neighbor_extra
1990,2191,mutual_neighbor_extra
1991,1992,mutual_neighbor_extra
1993,1998,mutual_neighbor_extra
1995,1996,mutual_neighbor_extra
1997,2218,mutual_neighbor_extra
1998,2195,mutual_neighbor_extra
2000,2077,mutual_neighbor_extra
2001,2228,mutual_neighbor_extra
2002,2196,mutual_neighbor_extra
2002,2230,mutual_neighbor_extra
2003,2122,mutual_neighbor_extra
2003,2204,mutual_neighbor_extra
2004,2022,mutual_neighbor_extra
2004,2214,mutual_neighbor_extra
2006,2054,mutual_neighbor_extra
2006,2087,mutual_neighbor_extra
2009,2012,mutual_neighbor_extra
2009,2030,mutual_neighbor_extra
2010,2072,mutual_neighbor_extra
2010,2075,mutual_neighbor_extra
2011,2040,mutual_neighbor_extra
2011,2251,mutual_neighbor_extra
2012,2029,mutual_neighbor_extra
2013,2244,mutual_neighbor_extra
2013,2447,mutual_neighbor_extra
2014,2020,mutual_neighbor_extra
2014,2235,mutual_neighbor_extra
2015,2182,mutual_neighbor_extra
2015,2205,mutual_neighbor_extra
2016,2027,mutual_neighbor_extra
2016,2028,mutual_neighbor_extra
2017,2100,mutual_neighbor_extra
2017,2177,mutual_neighbor_extra
2018,2081,mutual_neighbor_extra
2018,2124,mutual_neighbor_extra
2019,2028,mutual_neighbor_extra
2019,2035,mutual_neighbor_extra
2020,2202,mutual_neighbor_extra
2021,2192,mutual_neighbor_extra
2022,2260,mutual_neighbor_extra
2023,2259,mutual_neighbor_extra
2023,2261,mutual_neighbor_extra
2024,2222,mutual_neighbor_extra
2025,2085,mutual_neighbor_extra
2025,2097,mutual_neighbor_extra
2026,2027,mutual_neighbor_extra
2026,2228,mutual_neighbor_extra
2029,2030,mutual_neighbor_extra
2031,2254,mutual_neighbor_extra
2032,2069,mutual_neighbor_extra
2033,2151,mutual_neighbor_extra
2033,2184,mutual_neighbor_extra
2034,2039,mutual_neighbor_extra
2034,2198,mutual_neighbor_extra
2035,2216,mutual_neighbor_extra
2036,2067,mutual_neighbor_extra
2036,2112,mutual_neighbor_extra
2037,2078,mutual_neighbor_extra
2037,2102,mutual_neighbor_extra
2038,2100,mutual_neighbor_extra
2038,2146,mutual_neighbor_extra
2039,2134,mutual_neighbor_extra
2040,2066,mutual_neighbor_extra
2041,2056,mutual_neighbor_extra
2042,2043,mutual_neighbor_extra
2042,2150,mutual_neighbor_extra
2043,2061,mutual_neighbor_extra
2044,2112,mutual_neighbor_extra
2045,2046,mutual_neighbor_extra
2045,2138,mutual_neighbor_extra
2046,2162,mutual_neighbor_extra
2047,2098,mutual_neighbor_extra
2048,2068,mutual_neighbor_extra
2048,2140,mutual_neighbor_extra
2049,2168,mutual_neighbor_extra
2049,2189,mutual_neighbor_extra
2050,2099,mutual_neighbor_extra
2050,2249,mutual_neighbor_extra
2051,2073,mutual_neighbor_extra
2051,2249,mutual_neighbor_extra
2052,2253,mutual_neighbor_extra
2053,2126,mutual_neighbor_extra
2054,2145,mutual_neighbor_extra
2055,2066,mutual_neighbor_extra
2056,2190,mutual_neighbor_extra
2057,2070,mutual_neighbor_extra
2057,2101,mutual_neighbor_extra
2058,2121,mutual_neighbor_extra
2058,2230,mutual_neighbor_extra
2059,2060,mutual_neighbor_extra
2059,2090,mutual_neighbor_extra
2060,2090,mutual_neighbor_extra
2061,2067,mutual_neighbor_extra
2062,2064,mutual_neighbor_extra
2062,2092,mutual_neighbor_extra
2063,2132,mutual_neighbor_extra
2065,2104,mutual_neighbor_extra
2065,2353,mutual_neighbor_extra
2068,2189,mutual_neighbor_extra
2070,2091,mutual_neighbor_extra
2071,2258,mutual_neighbor_extra
2071,2262,mutual_neighbor_extra
2072,2256,mutual_neighbor_extra
2073,2163,mutual_neighbor_extra
2074,3145,mutual_neighbor_extra
2074,3827,mutual_neighbor_extra
2075,2233,mutual_neighbor_extra
2076,2079,mutual_neighbor_extra
2076,2080,mutual_neighbor_extra
2078,2082,mutual_neighbor_extra
2079,2116,mutual_neighbor_extra
2080,2083,mutual_neighbor_extra
2081,2184,mutual_neighbor_extra
2082,2084,mutual_neighbor_extra
2083,2084,mutual_neighbor_extra
2085,2247,mutual_neighbor_extra
2086,2130,mutual_neighbor_extra
2086,2233,mutual_neighbor_extra
2087,2135,mutual_neighbor_extra
2088,2208,mutual_neighbor_extra
2088,2257,mutual_neighbor_extra
2089,2238,mutual_neighbor_extra
2091,2183,mutual_neighbor_extra
2092,2094,mutual_neighbor_extra
2093,2104,mutual_neighbor_extra
2093,2105,mutual_neighbor_extra
2094,2116,mutual_neighbor_extra
2095,2160,mutual_neighbor_extra
2095,2178,mutual_neighbor_extra
2096,2181,mutual_neighbor_extra
2096,2212,mutual_neighbor_extra
2097,2131,mutual_neighbor_extra
2098,2107,mutual_neighbor_extra
2099,2158,mutual_neighbor_extra
2101,2163,mutual_neighbor_extra
2102,2176,mutual_neighbor_extra
2103,2105,mutual_neighbor_extra
2106,2159,mutual_neighbor_extra
2106,2169,mutual_neighbor_extra
2107,2121,mutual_neighbor_extra
2108,2109,mutual_neighbor_extra
2108,2169,mutual_neighbor_extra
2109,2154,mutual_neighbor_extra
2110,2187,mutual_neighbor_extra
2110,2200,mutual_neighbor_extra
2111,2202,mutual_neighbor_extra
2111,2225,mutual_neighbor_extra
2115,2140,mutual_neighbor_extra
2115,2254,mutual_neighbor_extra
2117,2118,mutual_neighbor_extra
2117,2119,mutual_neighbor_extra
2118,2119,mutual_neighbor_extra
2120,2123,mutual_neighbor_extra
2120,2143,mutual_neighbor_extra
2122,2223,mutual_neighbor_extra
2123,2158,mutual_neighbor_extra
2124,2135,mutual_neighbor_extra
2125,2147,mutual_neighbor_extra
2125,2164,mutual_neighbor_extra
2129,2139,mutual_neighbor_extra
2129,2141,mutual_neighbor_extra
2130,2138,mutual_neighbor_extra
2131,2143,mutual_neighbor_extra
2132,2161,mutual_neighbor_extra
2133,2227,mutual_neighbor_extra
2133,2243,mutual_neighbor_extra
2134,2162,mutual_neighbor_extra
2137,2200,mutual_neighbor_extra
2139,2187,mutual_neighbor_extra
2141,2145,mutual_neighbor_extra
2142,2319,mutual_neighbor_extra
2144,2166,mutual_neighbor_extra
2144,2226,mutual_neighbor_extra
2146,2157,mutual_neighbor_extra
2148,2258,mutual_neighbor_extra
2149,2178,mutual_neighbor_extra
2149,2240,mutual_neighbor_extra
2150,2161,mutual_neighbor_extra
2151,2261,mutual_neighbor_extra
2152,2154,mutual_neighbor_extra
2152,2156,mutual_neighbor_extra
2153,2156,mutual_neighbor_extra
2153,2159,mutual_neighbor_extra
2155,2177,mutual_neighbor_extra
2155,2265,mutual_neighbor_extra
2157,2160,mutual_neighbor_extra
2164,2167,mutual_neighbor_extra
2165,2175,mutual_neighbor_extra
2165,2180,mutual_neighbor_extra
2166,2188,mutual_neighbor_extra
2168,2181,mutual_neighbor_extra
2170,2173,mutual_neighbor_extra
2170,2174,mutual_neighbor_extra
2171,2172,mutual_neighbor_extra
2171,2174,mutual_neighbor_extra
2172,2173,mutual_neighbor_extra
2175,2186,mutual_neighbor_extra
2180,2218,mutual_neighbor_extra
2183,2185,mutual_neighbor_extra
2185,2186,mutual_neighbor_extra
2188,2229,mutual_neighbor_extra
2191,2195,mutual_neighbor_extra
2192,2226,mutual_neighbor_extra
2193,2194,mutual_neighbor_extra
2194,2264,mutual_neighbor_extra
2196,2241,mutual_neighbor_extra
2197,2252,mutual_neighbor_extra
2197,2360,mutual_neighbor_extra
2198,2263,mutual_neighbor_extra
2199,2207,mutual_neighbor_extra
2201,2217,mutual_neighbor_extra
2201,2255,mutual_neighbor_extra
2203,2207,mutual_neighbor_extra
2203,2214,mutual_neighbor_extra
2205,2465,mutual_neighbor_extra
2206,2208,mutual_neighbor_extra
2206,2215,mutual_neighbor_extra
2210,2241,mutual_neighbor_extra
2210,2445,mutual_neighbor_extra
2215,2236,mutual_neighbor_extra
2216,2231,mutual_neighbor_extra
2217,2221,mutual_neighbor_extra
2219,2234,mutual_neighbor_extra
2219,2257,mutual_neighbor_extra
2220,2248,mutual_neighbor_extra
2221,2222,mutual_neighbor_extra
2223,2513,mutual_neighbor_extra
2231,2235,mutual_neighbor_extra
2232,2259,mutual_neighbor_extra
2236,2240,mutual_neighbor_extra
2237,2238,mutual_neighbor_extra
2248,2250,mutual_neighbor_extra
2263,2264,mutual_neighbor_extra
2266,2477,mutual_neighbor_extra
2267,2388,mutual_neighbor_extra
2267,2504,mutual_neighbor_extra
2268,2388,mutual_neighbor_extra
2268,2474,mutual_neighbor_extra
2269,2405,mutual_neighbor_extra
2269,2498,mutual_neighbor_extra
2270,2414,mutual_neighbor_extra
2270,2483,mutual_neighbor_extra
2271,2299,mutual_neighbor_extra
2271,2351,mutual_neighbor_extra
2272,2485,mutual_neighbor_extra
2273,2363,mutual_neighbor_extra
2273,2476,mutual_neighbor_extra
2274,2391,mutual_neighbor_extra
2274,2440,mutual_neighbor_extra
2275,2354,mutual_neighbor_extra
2275,2516,mutual_neighbor_extra
2276,2283,mutual_neighbor_extra
2276,2479,mutual_neighbor_extra
2277,2308,mutual_neighbor_extra
2277,2487,mutual_neighbor_extra
2278,2302,mutual_neighbor_extra
2278,2357,mutual_neighbor_extra
2279,2345,mutual_neighbor_extra
2279,2367,mutual_neighbor_extra
2280,2282,mutual_neighbor_extra
2280,2290,mutual_neighbor_extra
2281,2311,mutual_neighbor_extra
2281,2382,mutual_neighbor_extra
2282,2293,mutual_neighbor_extra
2284,2493,mutual_neighbor_extra
2284,2496,mutual_neighbor_extra
2285,2289,mutual_neighbor_extra
2285,2495,mutual_neighbor_extra
2286,2484,mutual_neighbor_extra
2287,2421,mutual_neighbor_extra
2288,2399,mutual_neighbor_extra
2288,2432,mutual_neighbor_extra
2289,2312,mutual_neighbor_extra
2290,2408,mutual_neighbor_extra
2291,2300,mutual_neighbor_extra
2291,2509,mutual_neighbor_extra
2292,2326,mutual_neighbor_extra
2292,2431,mutual_neighbor_extra
2293,2424,mutual_neighbor_extra
2294,2399,mutual_neighbor_extra
2294,2473,mutual_neighbor_extra
2295,2357,mutual_neighbor_extra
2295,2422,mutual_neighbor_extra
2296,2374,mutual_neighbor_extra
2296,2395,mutual_neighbor_extra
2297,2421,mutual_neighbor_extra
2298,2462,mutual_neighbor_extra
2299,2508,mutual_neighbor_extra
2300,2509,mutual_neighbor_extra
2301,2325,mutual_neighbor_extra
2301,2400,mutual_neighbor_extra
2302,2489,mutual_neighbor_extra
2303,2513,mutual_neighbor_extra
2304,2321,mutual_neighbor_extra
2304,2337,mutual_neighbor_extra
2305,2497,mutual_neighbor_extra
2305,2503,mutual_neighbor_extra
2306,2449,mutual_neighbor_extra
2306,2520,mutual_neighbor_extra
2308,2419,mutual_neighbor_extra
2309,2377,mutual_neighbor_extra
2309,2511,mutual_neighbor_extra
2310,2335,mutual_neighbor_extra
2310,2347,mutual_neighbor_extra
2311,2352,mutual_neighbor_extra
2312,2405,mutual_neighbor_extra
2313,2344,mutual_neighbor_extra
2314,2324,mutual_neighbor_extra
2314,2358,mutual_neighbor_extra
2315,2342,mutual_neighbor_extra
2316,2327,mutual_neighbor_extra
2316,2373,mutual_neighbor_extra
2318,2348,mutual_neighbor_extra
2318,2450,mutual_neighbor_extra
2319,2384,mutual_neighbor_extra
2320,2466,mutual_neighbor_extra
2320,2475,mutual_neighbor_extra
2321,2389,mutual_neighbor_extra
2322,2512,mutual_neighbor_extra
2322,2521,mutual_neighbor_extra
2323,2335,mutual_neighbor_extra
2323,2355,mutual_neighbor_extra
2324,2515,mutual_neighbor_extra
2325,2389,mutual_neighbor_extra
2326,2511,mutual_neighbor_extra
2327,2336,mutual_neighbor_extra
2328,2380,mutual_neighbor_extra
2328,2451,mutual_neighbor_extra
2329,2498,mutual_neighbor_extra
2329,2506,mutual_neighbor_extra
2331,2340,mutual_neighbor_extra
2331,2420,mutual_neighbor_extra
2332,2344,mutual_neighbor_extra
2332,2372,mutual_neighbor_extra
2333,2392,mutual_neighbor_extra
2333,2486,mutual_neighbor_extra
2334,2346,mutual_neighbor_extra
2334,2350,mutual_neighbor_extra
2336,2350,mutual_neighbor_extra
2337,2397,mutual_neighbor_extra
2338,2452,mutual_neighbor_extra
2338,2502,mutual_neighbor_extra
2339,2352,mutual_neighbor_extra
2339,2400,mutual_neighbor_extra
2340,2437,mutual_neighbor_extra
2341,2342,mutual_neighbor_extra
2341,2356,mutual_neighbor_extra
2343,2365,mutual_neighbor_extra
2343,2371,mutual_neighbor_extra
2345,2517,mutual_neighbor_extra
2346,2373,mutual_neighbor_extra
2347,2355,mutual_neighbor_extra
2348,2450,mutual_neighbor_extra
2351,2410,mutual_neighbor_extra
2358,2372,mutual_neighbor_extra
2359,2419,mutual_neighbor_extra
2359,2466,mutual_neighbor_extra
2360,2451,mutual_neighbor_extra
2361,2428,mutual_neighbor_extra
2362,2426,mutual_neighbor_extra
2362,2519,mutual_neighbor_extra
2363,2515,mutual_neighbor_extra
2365,2371,mutual_neighbor_extra
2366,2383,mutual_neighbor_extra
2366,2407,mutual_neighbor_extra
2367,2434,mutual_neighbor_extra
2368,2396,mutual_neighbor_extra
2368,2504,mutual_neighbor_extra
2369,2472,mutual_neighbor_extra
2369,2495,mutual_neighbor_extra
2370,2380,mutual_neighbor_extra
2370,2491,mutual_neighbor_extra
2375,2411,mutual_neighbor_extra
2375,2449,mutual_neighbor_extra
2376,2499,mutual_neighbor_extra
2377,2512,mutual_neighbor_extra
2378,2471,mutual_neighbor_extra
2378,2507,mutual_neighbor_extra
2379,2414,mutual_neighbor_extra
2379,2496,mutual_neighbor_extra
2381,2444,mutual_neighbor_extra
2381,2470,mutual_neighbor_extra
2382,2408,mutual_neighbor_extra
2383,2488,mutual_neighbor_extra
2384,2422,mutual_neighbor_extra
2385,2485,mutual_neighbor_extra
2385,2523,mutual_neighbor_extra
2386,2394,mutual_neighbor_extra
2386,2430,mutual_neighbor_extra
2387,2501,mutual_neighbor_extra
2387,2520,mutual_neighbor_extra
2390,2402,mutual_neighbor_extra
2390,2440,mutual_neighbor_extra
2391,2402,mutual_neighbor_extra
2392,2393,mutual_neighbor_extra
2393,2476,mutual_neighbor_extra
2394,2430,mutual_neighbor_extra
2395,2410,mutual_neighbor_extra
2396,2494,mutual_neighbor_extra
2397,2469,mutual_neighbor_extra
2398,2406,mutual_neighbor_extra
2398,2508,mutual_neighbor_extra
2401,2433,mutual_neighbor_extra
2401,2465,mutual_neighbor_extra
2403,2416,mutual_neighbor_extra
2403,2503,mutual_neighbor_extra
2406,2427,mutual_neighbor_extra
2407,2521,mutual_neighbor_extra
2409,2436,mutual_neighbor_extra
2409,2487,mutual_neighbor_extra
2412,2431,mutual_neighbor_extra
2413,2457,mutual_neighbor_extra
2416,2497,mutual_neighbor_extra
2417,2484,mutual_neighbor_extra
2417,2500,mutual_neighbor_extra
2418,2436,mutual_neighbor_extra
2418,2444,mutual_neighbor_extra
2420,2474,mutual_neighbor_extra
2424,2473,mutual_neighbor_extra
2425,2427,mutual_neighbor_extra
2425,2490,mutual_neighbor_extra
2426,2492,mutual_neighbor_extra
2429,2507,mutual_neighbor_extra
2432,2494,mutual_neighbor_extra
2433,2522,mutual_neighbor_extra
2434,2489,mutual_neighbor_extra
2435,2462,mutual_neighbor_extra
2437,2456,mutual_neighbor_extra
2438,2443,mutual_neighbor_extra
2438,2453,mutual_neighbor_extra
2439,2458,mutual_neighbor_extra
2441,2468,mutual_neighbor_extra
2441,2491,mutual_neighbor_extra
2443,2448,mutual_neighbor_extra
2446,2467,mutual_neighbor_extra
2446,2478,mutual_neighbor_extra
2447,2481,mutual_neighbor_extra
2453,2471,mutual_neighbor_extra
2454,2461,mutual_neighbor_extra
2454,2510,mutual_neighbor_extra
2455,2502,mutual_neighbor_extra
2456,2493,mutual_neighbor_extra
2457,2514,mutual_neighbor_extra
2458,2464,mutual_neighbor_extra
2459,2460,mutual_neighbor_extra
2459,2463,mutual_neighbor_extra
2460,2463,mutual_neighbor_extra
2464,2467,mutual_neighbor_extra
2469,2470,mutual_neighbor_extra
2475,2490,mutual_neighbor_extra
2477,2514,mutual_neighbor_extra
2478,2481,mutual_neighbor_extra
2482,2501,mutual_neighbor_extra
2482,2517,mutual_neighbor_extra
2483,2506,mutual_neighbor_extra
2486,2510,mutual_neighbor_extra
2499,2516,mutual_neighbor_extra
2500,2519,mutual_neighbor_extra
2505,2935,mutual_neighbor_extra
2518,2522,mutual_neighbor_extra
2518,2523,mutual_neighbor_extra
2525,2713,mutual_neighbor_extra
2525,2727,mutual_neighbor_extra
2526,2724,mutual_neighbor_extra
2526,2732,mutual_neighbor_extra
2527,2534,mutual_neighbor_extra
2527,2603,mutual_neighbor_extra
2528,2592,mutual_neighbor_extra
2528,2663,mutual_neighbor_extra
2529,2550,mutual_neighbor_extra
2531,2542,mutual_neighbor_extra
2531,2549,mutual_neighbor_extra
2532,2545,mutual_neighbor_extra
2532,2688,mutual_neighbor_extra
2533,2723,mutual_neighbor_extra
2534,2748,mutual_neighbor_extra
2535,2579,mutual_neighbor_extra
2535,2587,mutual_neighbor_extra
2536,2622,mutual_neighbor_extra
2536,2638,mutual_neighbor_extra
2537,2673,mutual_neighbor_extra
2538,2571,mutual_neighbor_extra
2539,2702,mutual_neighbor_extra
2539,2748,mutual_neighbor_extra
2540,2555,mutual_neighbor_extra
2540,2574,mutual_neighbor_extra
2541,2555,mutual_neighbor_extra
2541,2716,mutual_neighbor_extra
2542,2595,mutual_neighbor_extra
2543,2572,mutual_neighbor_extra
2543,2699,mutual_neighbor_extra
2544,2677,mutual_neighbor_extra
2544,2718,mutual_neighbor_extra
2545,2716,mutual_neighbor_extra
2546,2582,mutual_neighbor_extra
2546,2615,mutual_neighbor_extra
2547,2656,mutual_neighbor_extra
2547,2676,mutual_neighbor_extra
2548,2552,mutual_neighbor_extra
2548,2676,mutual_neighbor_extra
2549,2608,mutual_neighbor_extra
2550,2742,mutual_neighbor_extra
2551,2556,mutual_neighbor_extra
2551,2734,mutual_neighbor_extra
2552,2734,mutual_neighbor_extra
2553,2560,mutual_neighbor_extra
2553,2586,mutual_neighbor_extra
2554,2565,mutual_neighbor_extra
2554,2600,mutual_neighbor_extra
2556,2672,mutual_neighbor_extra
2557,2645,mutual_neighbor_extra
2558,2681,mutual_neighbor_extra
2558,2739,mutual_neighbor_extra
2559,2610,mutual_neighbor_extra
2559,2732,mutual_neighbor_extra
2560,2679,mutual_neighbor_extra
2561,2692,mutual_neighbor_extra
2561,2697,mutual_neighbor_extra
2562,2607,mutual_neighbor_extra
2562,2658,mutual_neighbor_extra
2563,2720,mutual_neighbor_extra
2565,2696,mutual_neighbor_extra
2566,2694,mutual_neighbor_extra
2566,2704,mutual_neighbor_extra
2567,2573,mutual_neighbor_extra
2567,2749,mutual_neighbor_extra
2568,2570,mutual_neighbor_extra
2568,2582,mutual_neighbor_extra
2569,2576,mutual_neighbor_extra
2569,2714,mutual_neighbor_extra
2570,2615,mutual_neighbor_extra
2571,2731,mutual_neighbor_extra
2572,2718,mutual_neighbor_extra
2573,2672,mutual_neighbor_extra
2574,2738,mutual_neighbor_extra
2575,2629,mutual_neighbor_extra
2575,3234,mutual_neighbor_extra
2576,2591,mutual_neighbor_extra
2577,2675,mutual_neighbor_extra
2578,2606,mutual_neighbor_extra
2578,2687,mutual_neighbor_extra
2579,2726,mutual_neighbor_extra
2580,2581,mutual_neighbor_extra
2580,2687,mutual_neighbor_extra
2581,2684,mutual_neighbor_extra
2584,2621,mutual_neighbor_extra
2584,3594,mutual_neighbor_extra
2585,2652,mutual_neighbor_extra
2585,2741,mutual_neighbor_extra
2587,2634,mutual_neighbor_extra
2588,2630,mutual_neighbor_extra
2589,2599,mutual_neighbor_extra
2589,2648,mutual_neighbor_extra
2590,2719,mutual_neighbor_extra
2590,2721,mutual_neighbor_extra
2592,2598,mutual_neighbor_extra
2593,2693,mutual_neighbor_extra
2593,2702,mutual_neighbor_extra
2594,2611,mutual_neighbor_extra
2594,2715,mutual_neighbor_extra
2596,2650,mutual_neighbor_extra
2596,2655,mutual_neighbor_extra
2597,2689,mutual_neighbor_extra
2598,2743,mutual_neighbor_extra
2599,2746,mutual_neighbor_extra
2600,2693,mutual_neighbor_extra
2601,2645,mutual_neighbor_extra
2601,2646,mutual_neighbor_extra
2602,2608,mutual_neighbor_extra
2602,2627,mutual_neighbor_extra
2603,2747,mutual_neighbor_extra
2604,2719,mutual_neighbor_extra
2604,2733,mutual_neighbor_extra
2605,2681,mutual_neighbor_extra
2606,2680,mutual_neighbor_extra
2607,2750,mutual_neighbor_extra
2609,2722,mutual_neighbor_extra
2610,3007,mutual_neighbor_extra
2611,2634,mutual_neighbor_extra
2613,2620,mutual_neighbor_extra
2613,2708,mutual_neighbor_extra
2616,2671,mutual_neighbor_extra
2617,2680,mutual_neighbor_extra
2617,2684,mutual_neighbor_extra
2618,2627,mutual_neighbor_extra
2619,2620,mutual_neighbor_extra
2619,2673,mutual_neighbor_extra
2621,2670,mutual_neighbor_extra
2622,2635,mutual_neighbor_extra
2623,2708,mutual_neighbor_extra
2624,2709,mutual_neighbor_extra
2624,2737,mutual_neighbor_extra
2625,2628,mutual_neighbor_extra
2625,3007,mutual_neighbor_extra
2628,2691,mutual_neighbor_extra
2631,2682,mutual_neighbor_extra
2631,2712,mutual_neighbor_extra
2632,2695,mutual_neighbor_extra
2633,2655,mutual_neighbor_extra
2633,2664,mutual_neighbor_extra
2635,3925,mutual_neighbor_extra
2636,2649,mutual_neighbor_extra
2636,2660,mutual_neighbor_extra
2637,2678,mutual_neighbor_extra
2637,2695,mutual_neighbor_extra
2638,2729,mutual_neighbor_extra
2639,2644,mutual_neighbor_extra
2639,2730,mutual_neighbor_extra
2640,2643,mutual_neighbor_extra
2640,2668,mutual_neighbor_extra
2641,2669,mutual_neighbor_extra
2641,2675,mutual_neighbor_extra
2642,2686,mutual_neighbor_extra
2643,2678,mutual_neighbor_extra
2644,2650,mutual_neighbor_extra
2646,2658,mutual_neighbor_extra
2647,2667,mutual_neighbor_extra
2647,2683,mutual_neighbor_extra
2648,2730,mutual_neighbor_extra
2649,2653,mutual_neighbor_extra
2651,2654,mutual_neighbor_extra
2651,2665,mutual_neighbor_extra
2652,2656,mutual_neighbor_extra
2653,2663,mutual_neighbor_extra
2654,2660,mutual_neighbor_extra
2657,2661,mutual_neighbor_extra
2657,2669,mutual_neighbor_extra
2659,2666,mutual_neighbor_extra
2661,2706,mutual_neighbor_extra
2662,2668,mutual_neighbor_extra
2662,2712,mutual_neighbor_extra
2667,2683,mutual_neighbor_extra
2670,2674,mutual_neighbor_extra
2677,2699,mutual_neighbor_extra
2679,2735,mutual_neighbor_extra
2682,2685,mutual_neighbor_extra
2685,2745,mutual_neighbor_extra
2686,2739,mutual_neighbor_extra
2688,2700,mutual_neighbor_extra
2690,2698,mutual_neighbor_extra
2690,2967,mutual_neighbor_extra
2694,2704,mutual_neighbor_extra
2696,2724,mutual_neighbor_extra
2697,2740,mutual_neighbor_extra
2700,2707,mutual_neighbor_extra
2703,2710,mutual_neighbor_extra
2703,2727,mutual_neighbor_extra
2706,2742,mutual_neighbor_extra
2707,2709,mutual_neighbor_extra
2710,2737,mutual_neighbor_extra
2711,2722,mutual_neighbor_extra
2711,2751,mutual_neighbor_extra
2713,2743,mutual_neighbor_extra
2714,2725,mutual_neighbor_extra
2715,3593,mutual_neighbor_extra
2717,2750,mutual_neighbor_extra
2720,2721,mutual_neighbor_extra
2725,2745,mutual_neighbor_extra
2726,2729,mutual_neighbor_extra
2733,2744,mutual_neighbor_extra
2735,2747,mutual_neighbor_extra
2738,2751,mutual_neighbor_extra
2746,2749,mutual_neighbor_extra
2753,2871,mutual_neighbor_extra
2753,2901,mutual_neighbor_extra
2754,2755,mutual_neighbor_extra
2754,2900,mutual_neighbor_extra
2755,2837,mutual_neighbor_extra
2756,2802,mutual_neighbor_extra
2756,2854,mutual_neighbor_extra
2757,2864,mutual_neighbor_extra
2757,2875,mutual_neighbor_extra
2758,2770,mutual_neighbor_extra
2758,2891,mutual_neighbor_extra
2759,2766,mutual_neighbor_extra
2759,3001,mutual_neighbor_extra
2760,2766,mutual_neighbor_extra
2761,2944,mutual_neighbor_extra
2761,2964,mutual_neighbor_extra
2762,2981,mutual_neighbor_extra
2762,2987,mutual_neighbor_extra
2763,2812,mutual_neighbor_extra
2763,2841,mutual_neighbor_extra
2764,2940,mutual_neighbor_extra
2764,2979,mutual_neighbor_extra
2765,2785,mutual_neighbor_extra
2765,2999,mutual_neighbor_extra
2767,2869,mutual_neighbor_extra
2767,2876,mutual_neighbor_extra
2768,2969,mutual_neighbor_extra
2768,2988,mutual_neighbor_extra
2769,2858,mutual_neighbor_extra
2770,2771,mutual_neighbor_extra
2771,2826,mutual_neighbor_extra
2772,2859,mutual_neighbor_extra
2772,2904,mutual_neighbor_extra
2773,2920,mutual_neighbor_extra
2773,2963,mutual_neighbor_extra
2774,2917,mutual_neighbor_extra
2774,2984,mutual_neighbor_extra
2775,2960,mutual_neighbor_extra
2775,2981,mutual_neighbor_extra
2776,2848,mutual_neighbor_extra
2776,3003,mutual_neighbor_extra
2777,2847,mutual_neighbor_extra
2777,2958,mutual_neighbor_extra
2778,2795,mutual_neighbor_extra
2778,2823,mutual_neighbor_extra
2779,2828,mutual_neighbor_extra
2779,2834,mutual_neighbor_extra
2780,2809,mutual_neighbor_extra
2780,2854,mutual_neighbor_extra
2781,2813,mutual_neighbor_extra
2781,2858,mutual_neighbor_extra
2782,2853,mutual_neighbor_extra
2782,2861,mutual_neighbor_extra
2783,2822,mutual_neighbor_extra
2783,2850,mutual_neighbor_extra
2784,2873,mutual_neighbor_extra
2784,2956,mutual_neighbor_extra
2785,2929,mutual_neighbor_extra
2786,2892,mutual_neighbor_extra
2786,2915,mutual_neighbor_extra
2787,2790,mutual_neighbor_extra
2787,2842,mutual_neighbor_extra
2788,2805,mutual_neighbor_extra
2788,2832,mutual_neighbor_extra
2789,2815,mutual_neighbor_extra
2789,2832,mutual_neighbor_extra
2790,2849,mutual_neighbor_extra
2791,2838,mutual_neighbor_extra
2791,2865,mutual_neighbor_extra
2792,2809,mutual_neighbor_extra
2792,2839,mutual_neighbor_extra
2793,2827,mutual_neighbor_extra
2793,2856,mutual_neighbor_extra
2794,2801,mutual_neighbor_extra
2794,2870,mutual_neighbor_extra
2795,2872,mutual_neighbor_extra
2796,2909,mutual_neighbor_extra
2796,2922,mutual_neighbor_extra
2797,2853,mutual_neighbor_extra
2797,2968,mutual_neighbor_extra
2798,2950,mutual_neighbor_extra
2798,2957,mutual_neighbor_extra
2800,2945,mutual_neighbor_extra
2800,2997,mutual_neighbor_extra
2801,2870,mutual_neighbor_extra
2802,2968,mutual_neighbor_extra
2803,2822,mutual_neighbor_extra
2803,2965,mutual_neighbor_extra
2804,2828,mutual_neighbor_extra
2804,2874,mutual_neighbor_extra
2805,2815,mutual_neighbor_extra
2806,2961,mutual_neighbor_extra
2806,2972,mutual_neighbor_extra
2807,2823,mutual_neighbor_extra
2807,2844,mutual_neighbor_extra
2808,2882,mutual_neighbor_extra
2808,2933,mutual_neighbor_extra
2811,2846,mutual_neighbor_extra
2811,2850,mutual_neighbor_extra
2812,2857,mutual_neighbor_extra
2813,2851,mutual_neighbor_extra
2816,2898,mutual_neighbor_extra
2816,2936,mutual_neighbor_extra
2817,2827,mutual_neighbor_extra
2817,2835,mutual_neighbor_extra
2818,2841,mutual_neighbor_extra
2818,2844,mutual_neighbor_extra
2819,2908,mutual_neighbor_extra
2819,2930,mutual_neighbor_extra
2820,2893,mutual_neighbor_extra
2821,3468,mutual_neighbor_extra
2821,3545,mutual_neighbor_extra
2824,2836,mutual_neighbor_extra
2824,2862,mutual_neighbor_extra
2825,2852,mutual_neighbor_extra
2825,2866,mutual_neighbor_extra
2826,2928,mutual_neighbor_extra
2829,2833,mutual_neighbor_extra
2829,2958,mutual_neighbor_extra
2830,2833,mutual_neighbor_extra
2830,2998,mutual_neighbor_extra
2831,2889,mutual_neighbor_extra
2831,2910,mutual_neighbor_extra
2834,2874,mutual_neighbor_extra
2836,2862,mutual_neighbor_extra
2837,2868,mutual_neighbor_extra
2838,2876,mutual_neighbor_extra
2839,2863,mutual_neighbor_extra
2840,2943,mutual_neighbor_extra
2840,2994,mutual_neighbor_extra
2842,2857,mutual_neighbor_extra
2843,2991,mutual_neighbor_extra
2843,2995,mutual_neighbor_extra
2845,2864,mutual_neighbor_extra
2845,2875,mutual_neighbor_extra
2846,2867,mutual_neighbor_extra
2847,2966,mutual_neighbor_extra
2848,2990,mutual_neighbor_extra
2849,2872,mutual_neighbor_extra
2851,2963,mutual_neighbor_extra
2855,2926,mutual_neighbor_extra
2855,2983,mutual_neighbor_extra
2856,2969,mutual_neighbor_extra
2860,2920,mutual_neighbor_extra
2860,2965,mutual_neighbor_extra
2861,2865,mutual_neighbor_extra
2863,2998,mutual_neighbor_extra
2866,2867,mutual_neighbor_extra
2868,2940,mutual_neighbor_extra
2869,2873,mutual_neighbor_extra
2871,2937,mutual_neighbor_extra
2877,2917,mutual_neighbor_extra
2877,2928,mutual_neighbor_extra
2878,2890,mutual_neighbor_extra
2878,2938,mutual_neighbor_extra
2879,2943,mutual_neighbor_extra
2879,2961,mutual_neighbor_extra
2880,2926,mutual_neighbor_extra
2880,2935,mutual_neighbor_extra
2881,2934,mutual_neighbor_extra
2881,2942,mutual_neighbor_extra
2882,2924,mutual_neighbor_extra
2884,2915,mutual_neighbor_extra
2884,2991,mutual_neighbor_extra
2885,2937,mutual_neighbor_extra
2885,3005,mutual_neighbor_extra
2886,2921,mutual_neighbor_extra
2886,2962,mutual_neighbor_extra
2887,2896,mutual_neighbor_extra
2888,2916,mutual_neighbor_extra
2888,2939,mutual_neighbor_extra
2889,2985,mutual_neighbor_extra
2890,2983,mutual_neighbor_extra
2891,2942,mutual_neighbor_extra
2892,2960,mutual_neighbor_extra
2893,2895,mutual_neighbor_extra
2894,2899,mutual_neighbor_extra
2894,3000,mutual_neighbor_extra
2895,3367,mutual_neighbor_extra
2896,2996,mutual_neighbor_extra
2897,2923,mutual_neighbor_extra
2897,2959,mutual_neighbor_extra
2898,2902,mutual_neighbor_extra
2899,2971,mutual_neighbor_extra
2900,2954,mutual_neighbor_extra
2901,2903,mutual_neighbor_extra
2902,2936,mutual_neighbor_extra
2903,3005,mutual_neighbor_extra
2905,2906,mutual_neighbor_extra
2905,2995,mutual_neighbor_extra
2906,2954,mutual_neighbor_extra
2907,2974,mutual_neighbor_extra
2907,2977,mutual_neighbor_extra
2908,2930,mutual_neighbor_extra
2909,2913,mutual_neighbor_extra
2910,2985,mutual_neighbor_extra
2911,2919,mutual_neighbor_extra
2911,2990,mutual_neighbor_extra
2912,2933,mutual_neighbor_extra
2912,2992,mutual_neighbor_extra
2913,2925,mutual_neighbor_extra
2914,2927,mutual_neighbor_extra
2916,2947,mutual_neighbor_extra
2918,3003,mutual_neighbor_extra
2919,2938,mutual_neighbor_extra
2921,2999,mutual_neighbor_extra
2922,2925,mutual_neighbor_extra
2923,2959,mutual_neighbor_extra
2924,2939,mutual_neighbor_extra
2929,2993,mutual_neighbor_extra
2932,2975,mutual_neighbor_extra
2932,2976,mutual_neighbor_extra
2934,2952,mutual_neighbor_extra
2941,2973,mutual_neighbor_extra
2941,3134,mutual_neighbor_extra
2944,2984,mutual_neighbor_extra
2945,2997,mutual_neighbor_extra
2946,2971,mutual_neighbor_extra
2946,2986,mutual_neighbor_extra
2947,2950,mutual_neighbor_extra
2955,2957,mutual_neighbor_extra
2955,2986,mutual_neighbor_extra
2962,2982,mutual_neighbor_extra
2964,3004,mutual_neighbor_extra
2966,2970,mutual_neighbor_extra
2972,2994,mutual_neighbor_extra
2973,2982,mutual_neighbor_extra
2974,2977,mutual_neighbor_extra
2975,2976,mutual_neighbor_extra
2978,3002,mutual_neighbor_extra
2978,3006,mutual_neighbor_extra
2980,3002,mutual_neighbor_extra
2980,3006,mutual_neighbor_extra
2987,3000,mutual_neighbor_extra
2992,2996,mutual_neighbor_extra
2993,3739,mutual_neighbor_extra
3001,3004,mutual_neighbor_extra
3008,3026,mutual_neighbor_extra
3008,3173,mutual_neighbor_extra
3009,3035,mutual_neighbor_extra
3009,3254,mutual_neighbor_extra
3010,3074,mutual_neighbor_extra
3011,3077,mutual_neighbor_extra
3011,3268,mutual_neighbor_extra
3012,3273,mutual_neighbor_extra
3013,3068,mutual_neighbor_extra
3013,3266,mutual_neighbor_extra
3014,3079,mutual_neighbor_extra
3014,3087,mutual_neighbor_extra
3015,3135,mutual_neighbor_extra
3015,3244,mutual_neighbor_extra
3016,3108,mutual_neighbor_extra
3016,3283,mutual_neighbor_extra
3017,3032,mutual_neighbor_extra
3017,3139,mutual_neighbor_extra
3018,3019,mutual_neighbor_extra
3018,3187,mutual_neighbor_extra
3019,3059,mutual_neighbor_extra
3020,3040,mutual_neighbor_extra
3020,3051,mutual_neighbor_extra
3021,3136,mutual_neighbor_extra
3021,3170,mutual_neighbor_extra
3022,3185,mutual_neighbor_extra
3022,3251,mutual_neighbor_extra
3023,3147,mutual_neighbor_extra
3023,3248,mutual_neighbor_extra
3024,3062,mutual_neighbor_extra
3024,3228,mutual_neighbor_extra
3025,3133,mutual_neighbor_extra
3026,3240,mutual_neighbor_extra
3027,3132,mutual_neighbor_extra
3027,3135,mutual_neighbor_extra
3028,3113,mutual_neighbor_extra
3028,3223,mutual_neighbor_extra
3029,3094,mutual_neighbor_extra
3029,3258,mutual_neighbor_extra
3030,3145,mutual_neighbor_extra
3030,3242,mutual_neighbor_extra
3031,3206,mutual_neighbor_extra
3031,3240,mutual_neighbor_extra
3032,3250,mutual_neighbor_extra
3033,3149,mutual_neighbor_extra
3033,3249,mutual_neighbor_extra
3034,3049,mutual_neighbor_extra
3034,3128,mutual_neighbor_extra
3035,3092,mutual_neighbor_extra
3036,3094,mutual_neighbor_extra
3036,3186,mutual_neighbor_extra
3037,3040,mutual_neighbor_extra
3037,3086,mutual_neighbor_extra
3038,3091,mutual_neighbor_extra
3038,3197,mutual_neighbor_extra
3039,3081,mutual_neighbor_extra
3039,3224,mutual_neighbor_extra
3041,3087,mutual_neighbor_extra
3041,3158,mutual_neighbor_extra
3042,3178,mutual_neighbor_extra
3042,3214,mutual_neighbor_extra
3043,3176,mutual_neighbor_extra
3043,3272,mutual_neighbor_extra
3044,3143,mutual_neighbor_extra
3044,3208,mutual_neighbor_extra
3045,3079,mutual_neighbor_extra
3045,3158,mutual_neighbor_extra
3046,3061,mutual_neighbor_extra
3046,3095,mutual_neighbor_extra
3047,3204,mutual_neighbor_extra
3047,3207,mutual_neighbor_extra
3048,3103,mutual_neighbor_extra
3048,3256,mutual_neighbor_extra
3049,3210,mutual_neighbor_extra
3050,3053,mutual_neighbor_extra
3050,3156,mutual_neighbor_extra
3051,3125,mutual_neighbor_extra
3052,3154,mutual_neighbor_extra
3053,3110,mutual_neighbor_extra
3054,3121,mutual_neighbor_extra
3054,3201,mutual_neighbor_extra
3055,3068,mutual_neighbor_extra
3055,3202,mutual_neighbor_extra
3056,3072,mutual_neighbor_extra
3056,3090,mutual_neighbor_extra
3057,3063,mutual_neighbor_extra
3057,3225,mutual_neighbor_extra
3058,3196,mutual_neighbor_extra
3058,3257,mutual_neighbor_extra
3059,3187,mutual_neighbor_extra
3060,3108,mutual_neighbor_extra
3060,3121,mutual_neighbor_extra
3061,3095,mutual_neighbor_extra
3062,3128,mutual_neighbor_extra
3063,3154,mutual_neighbor_extra
3064,3067,mutual_neighbor_extra
3064,3214,mutual_neighbor_extra
3065,3194,mutual_neighbor_extra
3065,3200,mutual_neighbor_extra
3066,3179,mutual_neighbor_extra
3066,3283,mutual_neighbor_extra
3067,3185,mutual_neighbor_extra
3069,3098,mutual_neighbor_extra
3069,3102,mutual_neighbor_extra
3070,3175,mutual_neighbor_extra
3070,3195,mutual_neighbor_extra
3071,3116,mutual_neighbor_extra
3071,3166,mutual_neighbor_extra
3072,3083,mutual_neighbor_extra
3073,3181,mutual_neighbor_extra
3073,3247,mutual_neighbor_extra
3074,3163,mutual_neighbor_extra
3075,3168,mutual_neighbor_extra
3075,3197,mutual_neighbor_extra
3076,3217,mutual_neighbor_extra
3076,3269,mutual_neighbor_extra
3077,3160,mutual_neighbor_extra
3078,3254,mutual_neighbor_extra
3078,3270,mutual_neighbor_extra
3080,3198,mutual_neighbor_extra
3080,3212,mutual_neighbor_extra
3081,3224,mutual_neighbor_extra
3083,3265,mutual_neighbor_extra
3084,3133,mutual_neighbor_extra
3084,3138,mutual_neighbor_extra
3085,3142,mutual_neighbor_extra
3085,3267,mutual_neighbor_extra
3086,3208,mutual_neighbor_extra
3088,3207,mutual_neighbor_extra
3088,3256,mutual_neighbor_extra
3089,3153,mutual_neighbor_extra
3089,3260,mutual_neighbor_extra
3090,3152,mutual_neighbor_extra
3091,3139,mutual_neighbor_extra
3092,3216,mutual_neighbor_extra
3093,3193,mutual_neighbor_extra
3096,3196,mutual_neighbor_extra
3096,3204,mutual_neighbor_extra
3097,3219,mutual_neighbor_extra
3097,3275,mutual_neighbor_extra
3100,3239,mutual_neighbor_extra
3100,3259,mutual_neighbor_extra
3101,3152,mutual_neighbor_extra
3101,3271,mutual_neighbor_extra
3102,3191,mutual_neighbor_extra
3103,3257,mutual_neighbor_extra
3104,3157,mutual_neighbor_extra
3105,3160,mutual_neighbor_extra
3105,3192,mutual_neighbor_extra
3106,3140,mutual_neighbor_extra
3106,3263,mutual_neighbor_extra
3107,3161,mutual_neighbor_extra
3107,3245,mutual_neighbor_extra
3109,3168,mutual_neighbor_extra
3109,3195,mutual_neighbor_extra
3110,3117,mutual_neighbor_extra
3111,3137,mutual_neighbor_extra
3112,3232,mutual_neighbor_extra
3112,3264,mutual_neighbor_extra
3113,3215,mutual_neighbor_extra
3114,3223,mutual_neighbor_extra
3114,3281,mutual_neighbor_extra
3115,3120,mutual_neighbor_extra
3115,3229,mutual_neighbor_extra
3116,3140,mutual_neighbor_extra
3117,3165,mutual_neighbor_extra
3118,3202,mutual_neighbor_extra
3118,3203,mutual_neighbor_extra
3119,3270,mutual_neighbor_extra
3120,3229,mutual_neighbor_extra
3122,3244,mutual_neighbor_extra
3122,3253,mutual_neighbor_extra
3123,3134,mutual_neighbor_extra
3123,3209,mutual_neighbor_extra
3125,3284,mutual_neighbor_extra
3126,3230,mutual_neighbor_extra
3126,3271,mutual_neighbor_extra
3127,3129,mutual_neighbor_extra
3127,3169,mutual_neighbor_extra
3129,3162,mutual_neighbor_extra
3131,3175,mutual_neighbor_extra
3131,3237,mutual_neighbor_extra
3132,3243,mutual_neighbor_extra
3136,3280,mutual_neighbor_extra
3138,3177,mutual_neighbor_extra
3141,3147,mutual_neighbor_extra
3141,3248,mutual_neighbor_extra
3142,3216,mutual_neighbor_extra
3143,3282,mutual_neighbor_extra
3144,3198,mutual_neighbor_extra
3144,3236,mutual_neighbor_extra
3146,3184,mutual_neighbor_extra
3146,3221,mutual_neighbor_extra
3148,3178,mutual_neighbor_extra
3148,3251,mutual_neighbor_extra
3149,3238,mutual_neighbor_extra
3150,3209,mutual_neighbor_extra
3151,3174,mutual_neighbor_extra
3151,3274,mutual_neighbor_extra
3153,3186,mutual_neighbor_extra
3155,3267,mutual_neighbor_extra
3155,3269,mutual_neighbor_extra
3157,3278,mutual_neighbor_extra
3161,3245,mutual_neighbor_extra
3162,3181,mutual_neighbor_extra
3164,3171,mutual_neighbor_extra
3164,3262,mutual_neighbor_extra
3166,3190,mutual_neighbor_extra
3167,3273,mutual_neighbor_extra
3169,3211,mutual_neighbor_extra
3170,3183,mutual_neighbor_extra
3171,3282,mutual_neighbor_extra
3172,3180,mutual_neighbor_extra
3172,3226,mutual_neighbor_extra
3173,3182,mutual_neighbor_extra
3174,3203,mutual_neighbor_extra
3176,3191,mutual_neighbor_extra
3177,3220,mutual_neighbor_extra
3179,3274,mutual_neighbor_extra
3180,3264,mutual_neighbor_extra
3182,3265,mutual_neighbor_extra
3183,3280,mutual_neighbor_extra
3184,3258,mutual_neighbor_extra
3188,3279,mutual_neighbor_extra
3189,3227,mutual_neighbor_extra
3189,3241,mutual_neighbor_extra
3190,3252,mutual_neighbor_extra
3194,3225,mutual_neighbor_extra
3200,3255,mutual_neighbor_extra
3201,3263,mutual_neighbor_extra
3206,3212,mutual_neighbor_extra
3210,3228,mutual_neighbor_extra
3211,3252,mutual_neighbor_extra
3213,3236,mutual_neighbor_extra
3213,3242,mutual_neighbor_extra
3215,3235,mutual_neighbor_extra
3217,3237,mutual_neighbor_extra
3218,3255,mutual_neighbor_extra
3218,3281,mutual_neighbor_extra
3220,3231,mutual_neighbor_extra
3221,3249,mutual_neighbor_extra
3227,3241,mutual_neighbor_extra
3230,3235,mutual_neighbor_extra
3231,3250,mutual_neighbor_extra
3233,3288,mutual_neighbor_extra
3234,3286,mutual_neighbor_extra
3238,3284,mutual_neighbor_extra
3243,3276,mutual_neighbor_extra
3253,3266,mutual_neighbor_extra
3259,3319,mutual_neighbor_extra
3268,3272,mutual_neighbor_extra
3276,3278,mutual_neighbor_extra
3293,3537,mutual_neighbor_extra
3293,3571,mutual_neighbor_extra
3294,3417,mutual_neighbor_extra
3294,3562,mutual_neighbor_extra
3295,3326,mutual_neighbor_extra
3295,3356,mutual_neighbor_extra
3296,3309,mutual_neighbor_extra
3296,3324,mutual_neighbor_extra
3297,3313,mutual_neighbor_extra
3297,3322,mutual_neighbor_extra
3298,3584,mutual_neighbor_extra
3299,3586,mutual_neighbor_extra
3300,3424,mutual_neighbor_extra
3302,3307,mutual_neighbor_extra
3303,3307,mutual_neighbor_extra
3304,3305,mutual_neighbor_extra
3306,3535,mutual_neighbor_extra
3306,3558,mutual_neighbor_extra
3308,3584,mutual_neighbor_extra
3310,3320,mutual_neighbor_extra
3310,3588,mutual_neighbor_extra
3311,3312,mutual_neighbor_extra
3311,3313,mutual_neighbor_extra
3314,3585,mutual_neighbor_extra
3315,3316,mutual_neighbor_extra
3315,3320,mutual_neighbor_extra
3316,3586,mutual_neighbor_extra
3317,3358,mutual_neighbor_extra
3317,3400,mutual_neighbor_extra
3319,3398,mutual_neighbor_extra
3321,3324,mutual_neighbor_extra
3321,3587,mutual_neighbor_extra
3322,3323,mutual_neighbor_extra
3323,3585,mutual_neighbor_extra
3325,3577,mutual_neighbor_extra
3326,3578,mutual_neighbor_extra
3327,3335,mutual_neighbor_extra
3328,3392,mutual_neighbor_extra
3328,3518,mutual_neighbor_extra
3329,3358,mutual_neighbor_extra
3329,3375,mutual_neighbor_extra
3330,3457,mutual_neighbor_extra
3330,3461,mutual_neighbor_extra
3331,3481,mutual_neighbor_extra
3331,3488,mutual_neighbor_extra
3332,3438,mutual_neighbor_extra
3332,3502,mutual_neighbor_extra
3333,3369,mutual_neighbor_extra
3333,3514,mutual_neighbor_extra
3334,3425,mutual_neighbor_extra
3334,3534,mutual_neighbor_extra
3335,3558,mutual_neighbor_extra
3336,3423,mutual_neighbor_extra
3336,3484,mutual_neighbor_extra
3337,3372,mutual_neighbor_extra
3337,3536,mutual_neighbor_extra
3339,3373,mutual_neighbor_extra
3339,3519,mutual_neighbor_extra
3340,3379,mutual_neighbor_extra
3340,3576,mutual_neighbor_extra
3341,3445,mutual_neighbor_extra
3341,3453,mutual_neighbor_extra
3342,3363,mutual_neighbor_extra
3342,3404,mutual_neighbor_extra
3343,3381,mutual_neighbor_extra
3343,3555,mutual_neighbor_extra
3344,3371,mutual_neighbor_extra
3344,3400,mutual_neighbor_extra
3345,3359,mutual_neighbor_extra
3345,3362,mutual_neighbor_extra
3346,3384,mutual_neighbor_extra
3346,3513,mutual_neighbor_extra
3347,3411,mutual_neighbor_extra
3347,3518,mutual_neighbor_extra
3348,3517,mutual_neighbor_extra
3348,3566,mutual_neighbor_extra
3349,3395,mutual_neighbor_extra
3349,3420,mutual_neighbor_extra
3350,3368,mutual_neighbor_extra
3350,3477,mutual_neighbor_extra
3351,3471,mutual_neighbor_extra
3351,3507,mutual_neighbor_extra
3352,3404,mutual_neighbor_extra
3352,3476,mutual_neighbor_extra
3353,3524,mutual_neighbor_extra
3353,3560,mutual_neighbor_extra
3354,3448,mutual_neighbor_extra
3354,3552,mutual_neighbor_extra
3355,3448,mutual_neighbor_extra
3355,3523,mutual_neighbor_extra
3356,3528,mutual_neighbor_extra
3357,3397,mutual_neighbor_extra
3357,3500,mutual_neighbor_extra
3359,3580,mutual_neighbor_extra
3360,3458,mutual_neighbor_extra
3361,3531,mutual_neighbor_extra
3361,3555,mutual_neighbor_extra
3362,3382,mutual_neighbor_extra
3363,3460,mutual_neighbor_extra
3364,3407,mutual_neighbor_extra
3365,3380,mutual_neighbor_extra
3365,3513,mutual_neighbor_extra
3366,3385,mutual_neighbor_extra
3366,3509,mutual_neighbor_extra
3368,3477,mutual_neighbor_extra
3369,3533,mutual_neighbor_extra
3370,3410,mutual_neighbor_extra
3370,3568,mutual_neighbor_extra
3371,3531,mutual_neighbor_extra
3372,3536,mutual_neighbor_extra
3373,3519,mutual_neighbor_extra
3374,3449,mutual_neighbor_extra
3374,3478,mutual_neighbor_extra
3375,3401,mutual_neighbor_extra
3376,3486,mutual_neighbor_extra
3377,3388,mutual_neighbor_extra
3377,3390,mutual_neighbor_extra
3378,3393,mutual_neighbor_extra
3379,3565,mutual_neighbor_extra
3381,3408,mutual_neighbor_extra
3382,3493,mutual_neighbor_extra
3383,3405,mutual_neighbor_extra
3383,3572,mutual_neighbor_extra
3384,3543,mutual_neighbor_extra
3385,3517,mutual_neighbor_extra
3386,3482,mutual_neighbor_extra
3386,3548,mutual_neighbor_extra
3387,3492,mutual_neighbor_extra
3387,3567,mutual_neighbor_extra
3388,3547,mutual_neighbor_extra
3389,3491,mutual_neighbor_extra
3389,3505,mutual_neighbor_extra
3390,3398,mutual_neighbor_extra
3391,3559,mutual_neighbor_extra
3392,3537,mutual_neighbor_extra
3394,3515,mutual_neighbor_extra
3394,3532,mutual_neighbor_extra
3395,3483,mutual_neighbor_extra
3396,3440,mutual_neighbor_extra
3397,3527,mutual_neighbor_extra
3399,3503,mutual_neighbor_extra
3399,3578,mutual_neighbor_extra
3401,3408,mutual_neighbor_extra
3403,3521,mutual_neighbor_extra
3403,3533,mutual_neighbor_extra
3405,3572,mutual_neighbor_extra
3406,3510,mutual_neighbor_extra
3406,3512,mutual_neighbor_extra
3407,3465,mutual_neighbor_extra
3409,3548,mutual_neighbor_extra
3409,3579,mutual_neighbor_extra
3410,3475,mutual_neighbor_extra
3411,3551,mutual_neighbor_extra
3413,3447,mutual_neighbor_extra
3413,3451,mutual_neighbor_extra
3415,3461,mutual_neighbor_extra
3415,3508,mutual_neighbor_extra
3416,3424,mutual_neighbor_extra
3416,3434,mutual_neighbor_extra
3417,3562,mutual_neighbor_extra
3418,3437,mutual_neighbor_extra
3418,3442,mutual_neighbor_extra
3419,3464,mutual_neighbor_extra
3419,3479,mutual_neighbor_extra
3420,3552,mutual_neighbor_extra
3421,3480,mutual_neighbor_extra
3421,3506,mutual_neighbor_extra
3422,3480,mutual_neighbor_extra
3422,3485,mutual_neighbor_extra
3423,3484,mutual_neighbor_extra
3425,3464,mutual_neighbor_extra
3426,3491,mutual_neighbor_extra
3426,3501,mutual_neighbor_extra
3427,3442,mutual_neighbor_extra
3427,3499,mutual_neighbor_extra
3428,3538,mutual_neighbor_extra
3428,3544,mutual_neighbor_extra
3429,3470,mutual_neighbor_extra
3429,3499,mutual_neighbor_extra
3430,3433,mutual_neighbor_extra
3430,3490,mutual_neighbor_extra
3431,3443,mutual_neighbor_extra
3433,3452,mutual_neighbor_extra
3434,3440,mutual_neighbor_extra
3435,3482,mutual_neighbor_extra
3436,3441,mutual_neighbor_extra
3437,3490,mutual_neighbor_extra
3438,3466,mutual_neighbor_extra
3441,3492,mutual_neighbor_extra
3444,3463,mutual_neighbor_extra
3444,3504,mutual_neighbor_extra
3445,3551,mutual_neighbor_extra
3446,3474,mutual_neighbor_extra
3447,3489,mutual_neighbor_extra
3449,3455,mutual_neighbor_extra
3451,3452,mutual_neighbor_extra
3453,3566,mutual_neighbor_extra
3454,3509,mutual_neighbor_extra
3455,3470,mutual_neighbor_extra
3456,3473,mutual_neighbor_extra
3457,3520,mutual_neighbor_extra
3458,3564,mutual_neighbor_extra
3459,3465,mutual_neighbor_extra
3459,3487,mutual_neighbor_extra
3460,3507,mutual_neighbor_extra
3462,3506,mutual_neighbor_extra
3462,3539,mutual_neighbor_extra
3463,3494,mutual_neighbor_extra
3466,3505,mutual_neighbor_extra
3467,3469,mutual_neighbor_extra
3468,3568,mutual_neighbor_extra
3469,3474,mutual_neighbor_extra
3471,3527,mutual_neighbor_extra
3473,3511,mutual_neighbor_extra
3475,3488,mutual_neighbor_extra
3476,3481,mutual_neighbor_extra
3478,3501,mutual_neighbor_extra
3479,3500,mutual_neighbor_extra
3483,3486,mutual_neighbor_extra
3485,3498,mutual_neighbor_extra
3487,3549,mutual_neighbor_extra
3489,3504,mutual_neighbor_extra
3493,3502,mutual_neighbor_extra
3494,3511,mutual_neighbor_extra
3495,3550,mutual_neighbor_extra
3496,3522,mutual_neighbor_extra
3496,3525,mutual_neighbor_extra
3497,3498,mutual_neighbor_extra
3503,3524,mutual_neighbor_extra
3508,3525,mutual_neighbor_extra
3510,3516,mutual_neighbor_extra
3514,3576,mutual_neighbor_extra
3515,3557,mutual_neighbor_extra
3516,3540,mutual_neighbor_extra
3520,3575,mutual_neighbor_extra
3521,3560,mutual_neighbor_extra
3522,3523,mutual_neighbor_extra
3526,3545,mutual_neighbor_extra
3528,3542,mutual_neighbor_extra
3532,3559,mutual_neighbor_extra
3534,3561,mutual_neighbor_extra
3535,3544,mutual_neighbor_extra
3538,3564,mutual_neighbor_extra
3539,3542,mutual_neighbor_extra
3540,3546,mutual_neighbor_extra
3543,3556,mutual_neighbor_extra
3546,3577,mutual_neighbor_extra
3547,3575,mutual_neighbor_extra
3549,3557,mutual_neighbor_extra
3561,3580,mutual_neighbor_extra
3563,3573,mutual_neighbor_extra
3571,3574,mutual_neighbor_extra
3588,3590,mutual_neighbor_extra
3589,3590,mutual_neighbor_extra
3593,3595,mutual_neighbor_extra
3598,3757,mutual_neighbor_extra
3598,3782,mutual_neighbor_extra
3599,3602,mutual_neighbor_extra
3599,3682,mutual_neighbor_extra
3600,3668,mutual_neighbor_extra
3600,3744,mutual_neighbor_extra
3602,3852,mutual_neighbor_extra
3604,3784,mutual_neighbor_extra
3604,3862,mutual_neighbor_extra
3605,3753,mutual_neighbor_extra
3605,3871,mutual_neighbor_extra
3606,3669,mutual_neighbor_extra
3607,3675,mutual_neighbor_extra
3607,3681,mutual_neighbor_extra
3608,3643,mutual_neighbor_extra
3608,3770,mutual_neighbor_extra
3609,3710,mutual_neighbor_extra
3609,3738,mutual_neighbor_extra
3610,3736,mutual_neighbor_extra
3610,3787,mutual_neighbor_extra
3611,3836,mutual_neighbor_extra
3612,3677,mutual_neighbor_extra
3612,3801,mutual_neighbor_extra
3613,3656,mutual_neighbor_extra
3613,3823,mutual_neighbor_extra
3614,3624,mutual_neighbor_extra
3614,3631,mutual_neighbor_extra
3615,3708,mutual_neighbor_extra
3615,3737,mutual_neighbor_extra
3616,3684,mutual_neighbor_extra
3616,3800,mutual_neighbor_extra
3617,3650,mutual_neighbor_extra
3617,3733,mutual_neighbor_extra
3618,3816,mutual_neighbor_extra
3618,3840,mutual_neighbor_extra
3619,3629,mutual_neighbor_extra
3619,3874,mutual_neighbor_extra
3620,3822,mutual_neighbor_extra
3621,3636,mutual_neighbor_extra
3621,3676,mutual_neighbor_extra
3622,3767,mutual_neighbor_extra
3622,3871,mutual_neighbor_extra
3623,3638,mutual_neighbor_extra
3623,3692,mutual_neighbor_extra
3624,3709,mutual_neighbor_extra
3625,3775,mutual_neighbor_extra
3625,3859,mutual_neighbor_extra
3626,3772,mutual_neighbor_extra
3626,3792,mutual_neighbor_extra
3627,3661,mutual_neighbor_extra
3627,3819,mutual_neighbor_extra
3628,3730,mutual_neighbor_extra
3628,3803,mutual_neighbor_extra
3629,3848,mutual_neighbor_extra
3630,3749,mutual_neighbor_extra
3630,3780,mutual_neighbor_extra
3631,3696,mutual_neighbor_extra
3632,3798,mutual_neighbor_extra
3632,3897,mutual_neighbor_extra
3633,3742,mutual_neighbor_extra
3633,3750,mutual_neighbor_extra
3634,3649,mutual_neighbor_extra
3634,3740,mutual_neighbor_extra
3635,3864,mutual_neighbor_extra
3635,3886,mutual_neighbor_extra
3636,3728,mutual_neighbor_extra
3637,3726,mutual_neighbor_extra
3637,3797,mutual_neighbor_extra
3638,3887,mutual_neighbor_extra
3639,3673,mutual_neighbor_extra
3639,3819,mutual_neighbor_extra
3640,3655,mutual_neighbor_extra
3640,3755,mutual_neighbor_extra
3641,3659,mutual_neighbor_extra
3641,3718,mutual_neighbor_extra
3642,3782,mutual_neighbor_extra
3642,3821,mutual_neighbor_extra
3643,3825,mutual_neighbor_extra
3644,3778,mutual_neighbor_extra
3644,3793,mutual_neighbor_extra
3645,3670,mutual_neighbor_extra
3645,3726,mutual_neighbor_extra
3646,3666,mutual_neighbor_extra
3646,3866,mutual_neighbor_extra
3647,3705,mutual_neighbor_extra
3647,3706,mutual_neighbor_extra
3648,3812,mutual_neighbor_extra
3648,3813,mutual_neighbor_extra
3649,3722,mutual_neighbor_extra
3650,3850,mutual_neighbor_extra
3652,3689,mutual_neighbor_extra
3652,3788,mutual_neighbor_extra
3653,3707,mutual_neighbor_extra
3653,3730,mutual_neighbor_extra
3654,3741,mutual_neighbor_extra
3654,3820,mutual_neighbor_extra
3655,3688,mutual_neighbor_extra
3656,3878,mutual_neighbor_extra
3657,3673,mutual_neighbor_extra
3657,3890,mutual_neighbor_extra
3658,3742,mutual_neighbor_extra
3658,3764,mutual_neighbor_extra
3659,3788,mutual_neighbor_extra
3660,3785,mutual_neighbor_extra
3660,3890,mutual_neighbor_extra
3661,3696,mutual_neighbor_extra
3662,3665,mutual_neighbor_extra
3662,3893,mutual_neighbor_extra
3663,3697,mutual_neighbor_extra
3663,3720,mutual_neighbor_extra
3664,3740,mutual_neighbor_extra
3664,3813,mutual_neighbor_extra
3665,3887,mutual_neighbor_extra
3666,3720,mutual_neighbor_extra
3667,3831,mutual_neighbor_extra
3667,3847,mutual_neighbor_extra
3668,3749,mutual_neighbor_extra
3669,3875,mutual_neighbor_extra
3670,3864,mutual_neighbor_extra
3671,3715,mutual_neighbor_extra
3671,3832,mutual_neighbor_extra
3672,3687,mutual_neighbor_extra
3672,3703,mutual_neighbor_extra
3674,3729,mutual_neighbor_extra
3674,3896,mutual_neighbor_extra
3675,3723,mutual_neighbor_extra
3676,3728,mutual_neighbor_extra
3677,3808,mutual_neighbor_extra
3678,3751,mutual_neighbor_extra
3678,3783,mutual_neighbor_extra
3679,3712,mutual_neighbor_extra
3679,3847,mutual_neighbor_extra
3680,3712,mutual_neighbor_extra
3680,3733,mutual_neighbor_extra
3681,3895,mutual_neighbor_extra
3683,3848,mutual_neighbor_extra
3683,3883,mutual_neighbor_extra
3684,3839,mutual_neighbor_extra
3685,3795,mutual_neighbor_extra
3685,3814,mutual_neighbor_extra
3686,3732,mutual_neighbor_extra
3686,3840,mutual_neighbor_extra
3687,3821,mutual_neighbor_extra
3688,3711,mutual_neighbor_extra
3690,3734,mutual_neighbor_extra
3690,3787,mutual_neighbor_extra
3691,3783,mutual_neighbor_extra
3691,3796,mutual_neighbor_extra
3692,3839,mutual_neighbor_extra
3694,3703,mutual_neighbor_extra
3694,3818,mutual_neighbor_extra
3695,3759,mutual_neighbor_extra
3695,3889,mutual_neighbor_extra
3697,3792,mutual_neighbor_extra
3698,3750,mutual_neighbor_extra
3698,3766,mutual_neighbor_extra
3699,3729,mutual_neighbor_extra
3699,3822,mutual_neighbor_extra
3700,3837,mutual_neighbor_extra
3700,3874,mutual_neighbor_extra
3702,3773,mutual_neighbor_extra
3702,3799,mutual_neighbor_extra
3704,3804,mutual_neighbor_extra
3704,3889,mutual_neighbor_extra
3705,3714,mutual_neighbor_extra
3706,3764,mutual_neighbor_extra
3707,3762,mutual_neighbor_extra
3708,3786,mutual_neighbor_extra
3709,3719,mutual_neighbor_extra
3710,3776,mutual_neighbor_extra
3711,3755,mutual_neighbor_extra
3713,3812,mutual_neighbor_extra
3713,3817,mutual_neighbor_extra
3714,3765,mutual_neighbor_extra
3716,3721,mutual_neighbor_extra
3716,3752,mutual_neighbor_extra
3717,3758,mutual_neighbor_extra
3717,3815,mutual_neighbor_extra
3718,3824,mutual_neighbor_extra
3719,3834,mutual_neighbor_extra
3721,3885,mutual_neighbor_extra
3722,3844,mutual_neighbor_extra
3723,3766,mutual_neighbor_extra
3724,3773,mutual_neighbor_extra
3724,3870,mutual_neighbor_extra
3725,3754,mutual_neighbor_extra
3725,3823,mutual_neighbor_extra
3727,3873,mutual_neighbor_extra
3727,3876,mutual_neighbor_extra
3731,3797,mutual_neighbor_extra
3731,3807,mutual_neighbor_extra
3732,3735,mutual_neighbor_extra
3735,3891,mutual_neighbor_extra
3736,3829,mutual_neighbor_extra
3738,3845,mutual_neighbor_extra
3741,3828,mutual_neighbor_extra
3743,3796,mutual_neighbor_extra
3743,3888,mutual_neighbor_extra
3744,3866,mutual_neighbor_extra
3745,3771,mutual_neighbor_extra
3745,3798,mutual_neighbor_extra
3746,3846,mutual_neighbor_extra
3746,3894,mutual_neighbor_extra
3747,3770,mutual_neighbor_extra
3747,3862,mutual_neighbor_extra
3748,3752,mutual_neighbor_extra
3748,3888,mutual_neighbor_extra
3751,3831,mutual_neighbor_extra
3753,3863,mutual_neighbor_extra
3754,3852,mutual_neighbor_extra
3756,3778,mutual_neighbor_extra
3756,3883,mutual_neighbor_extra
3757,3765,mutual_neighbor_extra
3758,3789,mutual_neighbor_extra
3759,3854,mutual_neighbor_extra
3760,3768,mutual_neighbor_extra
3760,3882,mutual_neighbor_extra
3761,3844,mutual_neighbor_extra
3761,3876,mutual_neighbor_extra
3762,3777,mutual_neighbor_extra
3763,3894,mutual_neighbor_extra
3767,3841,mutual_neighbor_extra
3768,3833,mutual_neighbor_extra
3771,3869,mutual_neighbor_extra
3772,3855,mutual_neighbor_extra
3774,3804,mutual_neighbor_extra
3774,3867,mutual_neighbor_extra
3775,3859,mutual_neighbor_extra
3776,3860,mutual_neighbor_extra
3777,3779,mutual_neighbor_extra
3779,3790,mutual_neighbor_extra
3781,3809,mutual_neighbor_extra
3784,3789,mutual_neighbor_extra
3785,3832,mutual_neighbor_extra
3790,3818,mutual_neighbor_extra
3791,3802,mutual_neighbor_extra
3791,3867,mutual_neighbor_extra
3793,3842,mutual_neighbor_extra
3794,3807,mutual_neighbor_extra
3794,3882,mutual_neighbor_extra
3795,3836,mutual_neighbor_extra
3799,3897,mutual_neighbor_extra
3800,3892,mutual_neighbor_extra
3801,3884,mutual_neighbor_extra
3802,3886,mutual_neighbor_extra
3803,3811,mutual_neighbor_extra
3805,3810,mutual_neighbor_extra
3805,3856,mutual_neighbor_extra
3806,3814,mutual_neighbor_extra
3806,3857,mutual_neighbor_extra
3808,3869,mutual_neighbor_extra
3809,3865,mutual_neighbor_extra
3810,3856,mutual_neighbor_extra
3811,3858,mutual_neighbor_extra
3815,3881,mutual_neighbor_extra
3816,3891,mutual_neighbor_extra
3817,3872,mutual_neighbor_extra
3820,3828,mutual_neighbor_extra
3825,3861,mutual_neighbor_extra
3826,3849,mutual_neighbor_extra
3829,3875,mutual_neighbor_extra
3830,3834,mutual_neighbor_extra
3830,3872,mutual_neighbor_extra
3833,3849,mutual_neighbor_extra
3837,3857,mutual_neighbor_extra
3841,3879,mutual_neighbor_extra
3842,3873,mutual_neighbor_extra
3845,3868,mutual_neighbor_extra
3846,3893,mutual_neighbor_extra
3850,3879,mutual_neighbor_extra
3853,3868,mutual_neighbor_extra
3855,3863,mutual_neighbor_extra
3858,3896,mutual_neighbor_extra
3861,3880,mutual_neighbor_extra
3870,3884,mutual_neighbor_extra
3878,3892,mutual_neighbor_extra
3880,3895,mutual_neighbor_extra
3881,3885,mutual_neighbor_extra
3898,3905,mutual_neighbor_extra
3898,3922,mutual_neighbor_extra
3899,3907,mutual_neighbor_extra
3899,3908,mutual_neighbor_extra
3900,3909,mutual_neighbor_extra
3900,3919,mutual_neighbor_extra
3901,3907,mutual_neighbor_extra
3901,3918,mutual_neighbor_extra
3902,3916,mutual_neighbor_extra
3902,3921,mutual_neighbor_extra
3903,3913,mutual_neighbor_extra
3903,3917,mutual_neighbor_extra
3904,3914,mutual_neighbor_extra
3904,3917,mutual_neighbor_extra
3905,3910,mutual_neighbor_extra
3906,3908,mutual_neighbor_extra
3906,3913,mutual_neighbor_extra
3909,3921,mutual_neighbor_extra
3910,3918,mutual_neighbor_extra
3911,3912,mutual_neighbor_extra
3911,3915,mutual_neighbor_extra
3912,3919,mutual_neighbor_extra
3914,3916,mutual_neighbor_extra
3915,3924,mutual_neighbor_extra
3920,3922,mutual_neighbor_extra
3920,3923,mutual_neighbor_extra
3923,3924,mutual_neighbor_extra
