family_internal,machine_family_id,visual_name_id,discovery_roles,regions,unique_parent_photos,evidence_strength_tier,global_community_span,global_community_entropy_normalized,largest_global_community_share,global_community_counts,source_product_context_span,source_product_context_counts,same_resolution_seed_jaccard_min,resolution_jaccard_min,dino_vs_two_view_jaccard,partition_jaccard_median,partition_jaccard_minimum,partition_jaccard_all,foreground_medoid_similarity_median,box_medoid_similarity_median,foreground_minus_box_mean,foreground_box_correlation,rendered_examples,medoid_and_diverse_examples,coherence_0_4,cross_context_0_4,novelty_vs_global_0_4,interpretability_0_4,analytical_usefulness_0_4,shortcut_risk_0_4,relation_tags,visual_review_note,r3_decision,r3_rejection_reason,r3_core_supports,r3_peripheral_supports,discovery_interest_score_0_100,semantic_status,claim_limit,discovery_interest_rank
41,F0041,kemasan sirkuit terpadu,recurring_part|cross_context_bridge|unusual_substructure,50,28,moderate_recurrence,2,0.9666186325481027,0.6071428571428571,"{""Tumpukan dan rakitan campuran"":17,""Papan rangkaian"":11}",3,"{""papan_rangkaian"":15,""nama_sumber_tidak_terstruktur"":12,""laptop"":1}",1.0,1.0,0.96,0.96,0.96,"{""dino_r0.5_s11"":0.96,""dino_r0.5_s23"":0.96,""dino_r0.5_s37"":0.96,""dino_r1_s11"":0.96,""dino_r1_s23"":0.96,""dino_r1_s37"":0.96,""dino_r1.5_s11"":0.96,""dino_r1.5_s23"":0.96,""dino_r1.5_s37"":0.96,""reweighted_r0.5_s11"":1.0,""reweighted_r0.5_s23"":1.0,""reweighted_r0.5_s37"":1.0,""reweighted_r1_s23"":1.0,""reweighted_r1_s37"":1.0,""reweighted_r1.5_s11"":1.0,""reweighted_r1.5_s23"":1.0,""reweighted_r1.5_s37"":1.0}",0.66009521484375,0.7171728610992432,-0.0356928557157516,0.4238750669017866,6,"[{""role"":""medoid"",""parent_id"":""7e54460056bb765a"",""path"":""1_Electronic/pcb_257.jpg"",""region_id"":""c6ba92b460c49a3f3541611d""},{""role"":""bagian kecil"",""parent_id"":""b69332fc331f10b9"",""path"":""1_Electronic/15.ceramic-cpu-processor-scrap-1742900108-7954153.jpg"",""region_id"":""59e7a1830de9187cb46125ba""},{""role"":""bagian besar"",""parent_id"":""2763d9d93b2b5345"",""path"":""1_Electronic/pcb_293.jpg"",""region_id"":""abc657868df864bffc906f8b""},{""role"":""variasi posisi"",""parent_id"":""ca66b16c7a8cca55"",""path"":""1_Electronic/72.190617-3875-RAM-Riegel_Arbeitsspeicher_web.jpg"",""region_id"":""779d90a038df793e11196933""},{""role"":""batas afinitas"",""parent_id"":""64c88b045908917c"",""path"":""1_Electronic/pcb_167.jpg"",""region_id"":""bfd5d9f2583de5749f4a8b36""},{""role"":""anggota tambahan"",""parent_id"":""538f1769cd09e928"",""path"":""1_Electronic/1.integrated-circuit-scrap-2219721128-57t7mgfu.jpg"",""region_id"":""b2a93b4a3e288e53866b0dbe""}]",4,4,4,4,4,0,pcb,Kemasan IC persegi terlihat pada papan tunggal rakitan dan tumpukan.,retained,,7,21,100.0,agent_evaluated_offline_from_original_photo_context_and_exact_region_crop,discovery_hypothesis_not_component_identity_or_hidden_content,1
34,F0034,retak dan pecah layar,visible_condition|cross_context_bridge,75,52,moderate_recurrence,4,0.8355375336215994,0.36538461538461536,"{""Tumpukan dan rakitan campuran"":19,""Ponsel"":19,""Layar dan televisi"":13,""Laptop"":1}",5,"{""nama_sumber_tidak_terstruktur"":16,""ponsel"":15,""laptop"":12,""televisi"":8,""monitor_layar"":1}",1.0,0.7244897959183674,0.5520833333333334,0.5631067961165048,0.20710059171597633,"{""dino_r0.5_s11"":0.3136094674556213,""dino_r0.5_s23"":0.20710059171597633,""dino_r0.5_s37"":0.3136094674556213,""dino_r1_s11"":0.5520833333333334,""dino_r1_s23"":0.5520833333333334,""dino_r1_s37"":0.5520833333333334,""dino_r1.5_s11"":0.4927536231884058,""dino_r1.5_s23"":0.5631067961165048,""dino_r1.5_s37"":0.4927536231884058,""reweighted_r0.5_s11"":0.7244897959183674,""reweighted_r0.5_s23"":0.7244897959183674,""reweighted_r0.5_s37"":0.7244897959183674,""reweighted_r1_s23"":1.0,""reweighted_r1_s37"":1.0,""reweighted_r1.5_s11"":1.0,""reweighted_r1.5_s23"":1.0,""reweighted_r1.5_s37"":1.0}",0.6450921297073364,0.6605212092399597,-0.0002505517040845,0.6598898176522233,6,"[{""role"":""medoid"",""parent_id"":""819b620de5d77e40"",""path"":""1_Electronic/360_F_293956024_kBwWKtf43tkvJKQgaJWSkqmmH9ZuLY3v.jpg"",""region_id"":""3f59fbb636afe9974e0d7249""},{""role"":""bagian kecil"",""parent_id"":""26ed5e3f5d9f3c5f"",""path"":""1_Electronic/Mobile_283.jpg"",""region_id"":""2c86c846f080ed7b46506ea2""},{""role"":""bagian besar"",""parent_id"":""cdaddb7baeb3fc45"",""path"":""1_Electronic/60.6.jpg"",""region_id"":""f0a76f9ee3dbe41e7a9c6ac9""},{""role"":""variasi posisi"",""parent_id"":""08ca70948a89531a"",""path"":""1_Electronic/89348728c084feb85f92af58de0f6df7.jpg"",""region_id"":""983c666b570e578ec9a1021d""},{""role"":""batas afinitas"",""parent_id"":""5043d5db057aa307"",""path"":""1_Electronic/236.jpeg"",""region_id"":""ca51fdbced69409e860d5a0c""},{""role"":""anggota tambahan"",""parent_id"":""e74c268f4b54ea8c"",""path"":""1_Electronic/Mobile_192.jpg"",""region_id"":""d2a8db100a9aae6fc9572d32""}]",4,4,4,4,4,0,screen_condition,Retak kaca dan kerusakan layar terlihat pada ponsel laptop dan televisi.,retained,,10,35,96.5,agent_evaluated_offline_from_original_photo_context_and_exact_region_crop,discovery_hypothesis_not_component_identity_or_hidden_content,2
64,F0064,retak layar langka,visible_condition|unusual_substructure,5,5,limited_recurrence,1,0.0,1.0,"{""Ponsel"":5}",1,"{""ponsel"":5}",1.0,1.0,1.0,1.0,1.0,"{""dino_r0.5_s11"":1.0,""dino_r0.5_s23"":1.0,""dino_r0.5_s37"":1.0,""dino_r1_s11"":1.0,""dino_r1_s23"":1.0,""dino_r1_s37"":1.0,""dino_r1.5_s11"":1.0,""dino_r1.5_s23"":1.0,""dino_r1.5_s37"":1.0,""reweighted_r0.5_s11"":1.0,""reweighted_r0.5_s23"":1.0,""reweighted_r0.5_s37"":1.0,""reweighted_r1_s23"":1.0,""reweighted_r1_s37"":1.0,""reweighted_r1.5_s11"":1.0,""reweighted_r1.5_s23"":1.0,""reweighted_r1.5_s37"":1.0}",0.8489823341369629,0.6202957034111023,0.158789187669754,0.8266920075337695,5,"[{""role"":""medoid"",""parent_id"":""9a2a6d2413333888"",""path"":""1_Electronic/Mobile_247.jpg"",""region_id"":""03475001f6da1b8f5486cc32""},{""role"":""bagian kecil"",""parent_id"":""c44c3f97a2595d5f"",""path"":""1_Electronic/Mobile_171.jpg"",""region_id"":""6ae60cc453ad398c45c96195""},{""role"":""bagian besar"",""parent_id"":""eeaf47facceba569"",""path"":""1_Electronic/Mobile_236.jpg"",""region_id"":""d5ad0c6315af8aa355f5fd9b""},{""role"":""variasi posisi"",""parent_id"":""34b799173faf6c17"",""path"":""1_Electronic/Mobile_208.jpg"",""region_id"":""ee5180145ba45fae9967967d""},{""role"":""anggota tambahan"",""parent_id"":""fa3b95b67851c13a"",""path"":""1_Electronic/Mobile_249.jpg"",""region_id"":""0b3c16df4d5d3ab0bc74b27b""}]",4,3,4,4,4,0,screen_condition,Lima layar menunjukkan retak jelas; kandidat langka dengan bukti visual kuat.,not_retained_low_support,support_below_20_unique_parents,0,0,95.5,agent_evaluated_offline_from_original_photo_context_and_exact_region_crop,discovery_hypothesis_not_component_identity_or_hidden_content,3
119,F0119,pola uji warna pada layar,visible_condition|unusual_substructure,2,2,rare_two_to_four_parent_hypothesis,1,0.0,1.0,"{""Layar dan televisi"":2}",1,"{""televisi"":2}",1.0,1.0,1.0,1.0,1.0,"{""dino_r0.5_s11"":1.0,""dino_r0.5_s23"":1.0,""dino_r0.5_s37"":1.0,""dino_r1_s11"":1.0,""dino_r1_s23"":1.0,""dino_r1_s37"":1.0,""dino_r1.5_s11"":1.0,""dino_r1.5_s23"":1.0,""dino_r1.5_s37"":1.0,""reweighted_r0.5_s11"":1.0,""reweighted_r0.5_s23"":1.0,""reweighted_r0.5_s37"":1.0,""reweighted_r1_s23"":1.0,""reweighted_r1_s37"":1.0,""reweighted_r1.5_s11"":1.0,""reweighted_r1.5_s23"":1.0,""reweighted_r1.5_s37"":1.0}",0.855004608631134,0.8918182849884033,-0.0368136465549469,1.0,2,"[{""role"":""medoid"",""parent_id"":""e60d740a69bc649a"",""path"":""1_Electronic/Television_281.jpg"",""region_id"":""fa4fb74b8d1014a028f99bcf""},{""role"":""bagian kecil"",""parent_id"":""2918aa4dca2f0145"",""path"":""1_Electronic/Television_284.jpg"",""region_id"":""4c1737deac270961848b32d8""}]",4,3,4,4,4,0,screen_condition,Dua perangkat berbeda menampilkan pola uji warna yang jelas.,not_retained_low_support,support_below_20_unique_parents,0,0,95.5,agent_evaluated_offline_from_original_photo_context_and_exact_region_crop,discovery_hypothesis_not_component_identity_or_hidden_content,3
52,F0052,garis dan panel layar rusak,visible_condition|cross_context_bridge,23,21,moderate_recurrence,2,0.7918583525674836,0.7619047619047619,"{""Layar dan televisi"":16,""Monitor dalam konteks meja"":5}",3,"{""nama_sumber_tidak_terstruktur"":13,""televisi"":7,""monitor_layar"":1}",1.0,0.24468085106382978,0.27631578947368424,0.27631578947368424,0.14093959731543623,"{""dino_r0.5_s11"":0.14093959731543623,""dino_r0.5_s23"":0.16030534351145037,""dino_r0.5_s37"":0.14093959731543623,""dino_r1_s11"":0.27631578947368424,""dino_r1_s23"":0.27631578947368424,""dino_r1_s37"":0.27631578947368424,""dino_r1.5_s11"":0.84,""dino_r1.5_s23"":0.23863636363636365,""dino_r1.5_s37"":0.84,""reweighted_r0.5_s11"":0.24468085106382978,""reweighted_r0.5_s23"":0.24468085106382978,""reweighted_r0.5_s37"":0.24468085106382978,""reweighted_r1_s23"":1.0,""reweighted_r1_s37"":1.0,""reweighted_r1.5_s11"":1.0,""reweighted_r1.5_s23"":1.0,""reweighted_r1.5_s37"":1.0}",0.5026084780693054,0.5276371836662292,-0.0240399222820997,0.8990652813247122,6,"[{""role"":""medoid"",""parent_id"":""045fe2157a17a75b"",""path"":""1_Electronic/sd.jpg"",""region_id"":""00705657fdf22915cb639426""},{""role"":""bagian kecil"",""parent_id"":""428014b4e5812279"",""path"":""1_Electronic/596f8aadc50c2931008b5381.jpeg"",""region_id"":""1f04bb3c4f3e1439750a7b98""},{""role"":""bagian besar"",""parent_id"":""c909b1ddda2e9e3f"",""path"":""1_Electronic/19.lcd.jpg"",""region_id"":""7927a8b902776c81f4e8e1b7""},{""role"":""variasi posisi"",""parent_id"":""fa4021b7190cce4e"",""path"":""1_Electronic/IMG-20200329-WA0078.jpg"",""region_id"":""86ee50a59776e56d95d6a022""},{""role"":""batas afinitas"",""parent_id"":""bcb1eb732acd5c44"",""path"":""1_Electronic/63.FA02LXHI697S5OH.png"",""region_id"":""2d747d762dfa09eb47357298""},{""role"":""anggota tambahan"",""parent_id"":""1bce4aabf304f135"",""path"":""1_Electronic/3.broken-led-tv-matrix-damage-260nw-1846494913.jpg"",""region_id"":""45b5096f04ae72e41ed202a3""}]",4,4,4,4,4,0,screen_condition,Panel bergaris pecah atau rusak konsisten pada perangkat berbeda.,retained,,3,12,93.0,agent_evaluated_offline_from_original_photo_context_and_exact_region_crop,discovery_hypothesis_not_component_identity_or_hidden_content,5
124,F0124,terminal positif baterai silinder,recurring_part|unusual_substructure,2,2,rare_two_to_four_parent_hypothesis,1,0.0,1.0,"{""Aki dan baterai kendaraan"":2}",1,"{""baterai"":2}",1.0,1.0,1.0,1.0,1.0,"{""dino_r0.5_s11"":1.0,""dino_r0.5_s23"":1.0,""dino_r0.5_s37"":1.0,""dino_r1_s11"":1.0,""dino_r1_s23"":1.0,""dino_r1_s37"":1.0,""dino_r1.5_s11"":1.0,""dino_r1.5_s23"":1.0,""dino_r1.5_s37"":1.0,""reweighted_r0.5_s11"":1.0,""reweighted_r0.5_s23"":1.0,""reweighted_r0.5_s37"":1.0,""reweighted_r1_s23"":1.0,""reweighted_r1_s37"":1.0,""reweighted_r1.5_s11"":1.0,""reweighted_r1.5_s23"":1.0,""reweighted_r1.5_s37"":1.0}",0.769200325012207,0.7971382141113281,-0.027937889099121,1.0,2,"[{""role"":""medoid"",""parent_id"":""7668ab21be841aac"",""path"":""1_Electronic/battery_61.jpg"",""region_id"":""2735634d19d280d8a58a1abf""},{""role"":""bagian besar"",""parent_id"":""5c87e208e9280bb1"",""path"":""1_Electronic/battery_42.jpg"",""region_id"":""e6f6106d92366e8fe2b53e8a""}]",4,2,4,4,4,0,battery,Terminal baterai terlihat jelas pada dua ukuran kemasan.,not_retained_low_support,support_below_20_unique_parents,0,0,91.00000000000001,agent_evaluated_offline_from_original_photo_context_and_exact_region_crop,discovery_hypothesis_not_component_identity_or_hidden_content,6
13,F0013,papan sirkuit dalam rakitan dan tumpukan,recurring_part|cross_context_bridge,129,104,moderate_recurrence,4,0.32010899338260557,0.875,"{""Tumpukan dan rakitan campuran"":91,""Pencetak"":1,""Papan rangkaian"":11,""Monitor dalam konteks meja"":1}",4,"{""nama_sumber_tidak_terstruktur"":63,""papan_rangkaian"":31,""laptop"":9,""monitor_layar"":1}",0.21927710843373494,0.17588932806324112,0.19329896907216496,0.19329896907216496,0.17588932806324112,"{""dino_r0.5_s11"":0.18235294117647058,""dino_r0.5_s23"":0.18235294117647058,""dino_r0.5_s37"":0.18235294117647058,""dino_r1_s11"":0.19329896907216496,""dino_r1_s23"":0.1889168765743073,""dino_r1_s37"":0.1889168765743073,""dino_r1.5_s11"":0.22935779816513763,""dino_r1.5_s23"":0.22522522522522523,""dino_r1.5_s37"":0.22935779816513763,""reweighted_r0.5_s11"":0.1830708661417323,""reweighted_r0.5_s23"":0.17588932806324112,""reweighted_r0.5_s37"":0.1830708661417323,""reweighted_r1_s23"":0.21927710843373494,""reweighted_r1_s37"":0.21927710843373494,""reweighted_r1.5_s11"":0.7131782945736435,""reweighted_r1.5_s23"":0.7131782945736435,""reweighted_r1.5_s37"":0.7829457364341085}",0.7111344337463379,0.8147249221801758,-0.0479209572076797,0.7136326921659455,6,"[{""role"":""medoid"",""parent_id"":""93bcd9f51f027f41"",""path"":""1_Electronic/72.24102021-singapore-republic-of-singapore-asia-electronic-waste-e-waste-pile-from-discarded-laptop-computer-components-with-circuit-board-2H32PRD.jpg"",""region_id"":""3c924a774442d2f716fe2dda""},{""role"":""bagian kecil"",""parent_id"":""af33ecc677f953e3"",""path"":""1_Electronic/15.1-19121G4131J13.jpg"",""region_id"":""6c1faa128535d9b2bc5a1db5""},{""role"":""bagian besar"",""parent_id"":""be49219ea0e39699"",""path"":""1_Electronic/20.computer-motherboard-scrap.jpg"",""region_id"":""19d0f5fae27c81d5f632029f""},{""role"":""variasi posisi"",""parent_id"":""3ff9cc730e9c220f"",""path"":""1_Electronic/16.large-pile-of-e-waste-sadoff-e-recycling.jpeg"",""region_id"":""53a830da7d5d5857a18c677b""},{""role"":""batas afinitas"",""parent_id"":""7ede4fe856d8ca57"",""path"":""1_Electronic/80.Untitled-design.jpg"",""region_id"":""c83d346d76d734b76f6a786d""},{""role"":""anggota tambahan"",""parent_id"":""1bf87a01bab2b907"",""path"":""1_Electronic/72.hand-technician-repairing-broken-laptop-260nw-1719826171.jpg"",""region_id"":""457ff6653f5a83772b725fef""}]",4,4,4,4,4,1,pcb|mounted_detached,Papan terlihat pada rakitan terbuka tumpukan dan bagian lepas; kandidat perubahan konteks kuat.,retained,,39,41,89.25,agent_evaluated_offline_from_original_photo_context_and_exact_region_crop,discovery_hypothesis_not_component_identity_or_hidden_content,7
0,F0000,permukaan papan sirkuit terpopulasi,recurring_part|cross_context_bridge,377,214,broad_recurrence,2,0.8683587934693187,0.7102803738317757,"{""Tumpukan dan rakitan campuran"":62,""Papan rangkaian"":152}",4,"{""papan_rangkaian"":166,""nama_sumber_tidak_terstruktur"":42,""laptop"":5,""audio_pemutar"":1}",0.6111111111111112,0.6737400530503979,0.566079295154185,0.6737400530503979,0.43171806167400884,"{""dino_r0.5_s11"":0.7953586497890295,""dino_r0.5_s23"":0.7953586497890295,""dino_r0.5_s37"":0.7953586497890295,""dino_r1_s11"":0.566079295154185,""dino_r1_s23"":0.5859030837004405,""dino_r1_s37"":0.5859030837004405,""dino_r1.5_s11"":0.43171806167400884,""dino_r1.5_s23"":0.44493392070484583,""dino_r1.5_s37"":0.43171806167400884,""reweighted_r0.5_s11"":0.798728813559322,""reweighted_r0.5_s23"":0.8090128755364807,""reweighted_r0.5_s37"":0.798728813559322,""reweighted_r1_s23"":0.6111111111111112,""reweighted_r1_s37"":0.6111111111111112,""reweighted_r1.5_s11"":0.6737400530503979,""reweighted_r1.5_s23"":0.6737400530503979,""reweighted_r1.5_s37"":0.6737400530503979}",0.6555558443069458,0.729475736618042,-0.0367757976055145,0.4706338217224679,6,"[{""role"":""medoid"",""parent_id"":""35bab23240072254"",""path"":""1_Electronic/pcb_294.jpg"",""region_id"":""159a4d55eea8a962f0070170""},{""role"":""bagian kecil"",""parent_id"":""d727cf6c4ab4e3d3"",""path"":""1_Electronic/79.6.jpg"",""region_id"":""cf53bf9117ebdc8f0c60df60""},{""role"":""bagian besar"",""parent_id"":""928412fc2e19b9ed"",""path"":""1_Electronic/pcb_296.jpg"",""region_id"":""55b22e70e91ed07a79da3d50""},{""role"":""variasi posisi"",""parent_id"":""8d1a3e3beec4d0e8"",""path"":""1_Electronic/pcb_200.jpg"",""region_id"":""1ebe514e1c136ca98548dbf4""},{""role"":""batas afinitas"",""parent_id"":""e14fd8301d0c2fc1"",""path"":""1_Electronic/pcb_260.jpg"",""region_id"":""31774f01633646474f5a5e94""},{""role"":""anggota tambahan"",""parent_id"":""b275c60a261cafd5"",""path"":""1_Electronic/pcb_50.jpg"",""region_id"":""05e0c93336966c3f88f9fa3b""}]",4,3,3,4,4,0,pcb|mounted_detached,Papan dan komponen terlihat konsisten pada papan lepas maupun rakitan.,retained,,41,154,88.25,agent_evaluated_offline_from_original_photo_context_and_exact_region_crop,discovery_hypothesis_not_component_identity_or_hidden_content,8
94,F0094,konektor kabel berwarna krem,recurring_part|unusual_substructure,2,2,rare_two_to_four_parent_hypothesis,1,0.0,1.0,"{""Tetikus"":2}",1,"{""tetikus"":2}",1.0,1.0,1.0,1.0,1.0,"{""dino_r0.5_s11"":1.0,""dino_r0.5_s23"":1.0,""dino_r0.5_s37"":1.0,""dino_r1_s11"":1.0,""dino_r1_s23"":1.0,""dino_r1_s37"":1.0,""dino_r1.5_s11"":1.0,""dino_r1.5_s23"":1.0,""dino_r1.5_s37"":1.0,""reweighted_r0.5_s11"":1.0,""reweighted_r0.5_s23"":1.0,""reweighted_r0.5_s37"":1.0,""reweighted_r1_s23"":1.0,""reweighted_r1_s37"":1.0,""reweighted_r1.5_s11"":1.0,""reweighted_r1.5_s23"":1.0,""reweighted_r1.5_s37"":1.0}",0.9957520961761476,0.9476349353790284,0.0481171607971191,1.0,2,"[{""role"":""medoid"",""parent_id"":""b214e80c36aaee12"",""path"":""1_Electronic/Mouse_199.jpg"",""region_id"":""cc35eb9399dddca67c81516f""},{""role"":""bagian kecil"",""parent_id"":""f5b25a252a5d441c"",""path"":""1_Electronic/Mouse_157.jpg"",""region_id"":""2b374f040186b010f3d6da67""}]",4,2,4,4,4,1,connector,Dua konektor kabel koheren dan berpotensi berguna untuk permintaan foto detail.,not_retained_low_support,support_below_20_unique_parents,0,0,87.25000000000001,agent_evaluated_offline_from_original_photo_context_and_exact_region_crop,discovery_hypothesis_not_component_identity_or_hidden_content,9
99,F0099,pad dan kontak papan sirkuit,recurring_part|unusual_substructure,2,2,rare_two_to_four_parent_hypothesis,1,0.0,1.0,"{""Papan rangkaian"":2}",1,"{""papan_rangkaian"":2}",1.0,1.0,1.0,1.0,1.0,"{""dino_r0.5_s11"":1.0,""dino_r0.5_s23"":1.0,""dino_r0.5_s37"":1.0,""dino_r1_s11"":1.0,""dino_r1_s23"":1.0,""dino_r1_s37"":1.0,""dino_r1.5_s11"":1.0,""dino_r1.5_s23"":1.0,""dino_r1.5_s37"":1.0,""reweighted_r0.5_s11"":1.0,""reweighted_r0.5_s23"":1.0,""reweighted_r0.5_s37"":1.0,""reweighted_r1_s23"":1.0,""reweighted_r1_s37"":1.0,""reweighted_r1.5_s11"":1.0,""reweighted_r1.5_s23"":1.0,""reweighted_r1.5_s37"":1.0}",0.8257281184196472,0.766480565071106,0.0592475235462188,1.0,2,"[{""role"":""medoid"",""parent_id"":""fe7c0b3f50083df0"",""path"":""1_Electronic/pcb_170.jpg"",""region_id"":""10997875b6fef83b1d999c54""},{""role"":""bagian besar"",""parent_id"":""703b334c80be008b"",""path"":""1_Electronic/pcb_203.jpg"",""region_id"":""fd15e42ff8ace7e3f0e7750b""}]",4,2,4,4,4,1,pcb,Pad atau kontak papan terlihat pada dua sumber berbeda.,not_retained_low_support,support_below_20_unique_parents,0,0,87.25000000000001,agent_evaluated_offline_from_original_photo_context_and_exact_region_crop,discovery_hypothesis_not_component_identity_or_hidden_content,9
116,F0116,pad dan jalur tepi papan,recurring_part|unusual_substructure,2,2,rare_two_to_four_parent_hypothesis,1,0.0,1.0,"{""Papan rangkaian"":2}",1,"{""papan_rangkaian"":2}",1.0,1.0,1.0,1.0,1.0,"{""dino_r0.5_s11"":1.0,""dino_r0.5_s23"":1.0,""dino_r0.5_s37"":1.0,""dino_r1_s11"":1.0,""dino_r1_s23"":1.0,""dino_r1_s37"":1.0,""dino_r1.5_s11"":1.0,""dino_r1.5_s23"":1.0,""dino_r1.5_s37"":1.0,""reweighted_r0.5_s11"":1.0,""reweighted_r0.5_s23"":1.0,""reweighted_r0.5_s37"":1.0,""reweighted_r1_s23"":1.0,""reweighted_r1_s37"":1.0,""reweighted_r1.5_s11"":1.0,""reweighted_r1.5_s23"":1.0,""reweighted_r1.5_s37"":1.0}",0.9041990637779236,0.9187302589416504,-0.0145312249660491,1.0,2,"[{""role"":""medoid"",""parent_id"":""62547ddbdae23960"",""path"":""1_Electronic/11.High-Purity-Gold-Plated-Scrap-From-Mobile-Phone-Boards-for-Gold-Recovery-Mobile-PCB-Scrap.jpg"",""region_id"":""2cc1130cd2ba94c955038860""},{""role"":""bagian kecil"",""parent_id"":""dea9563cfde67ba3"",""path"":""1_Electronic/pcb_202.jpg"",""region_id"":""e9a8eda92021e70198bc38de""}]",4,2,4,4,4,1,pcb,Kontak emas dan jalur tepi papan koheren pada dua sumber.,not_retained_low_support,support_below_20_unique_parents,0,0,87.25000000000001,agent_evaluated_offline_from_original_photo_context_and_exact_region_crop,discovery_hypothesis_not_component_identity_or_hidden_content,9
122,F0122,mekanisme internal pencetak,recurring_part|unusual_substructure,2,2,rare_two_to_four_parent_hypothesis,1,0.0,1.0,"{""Tumpukan dan rakitan campuran"":2}",1,"{""nama_sumber_tidak_terstruktur"":2}",1.0,1.0,1.0,1.0,1.0,"{""dino_r0.5_s11"":1.0,""dino_r0.5_s23"":1.0,""dino_r0.5_s37"":1.0,""dino_r1_s11"":1.0,""dino_r1_s23"":1.0,""dino_r1_s37"":1.0,""dino_r1.5_s11"":1.0,""dino_r1.5_s23"":1.0,""dino_r1.5_s37"":1.0,""reweighted_r0.5_s11"":1.0,""reweighted_r0.5_s23"":1.0,""reweighted_r0.5_s37"":1.0,""reweighted_r1_s23"":1.0,""reweighted_r1_s37"":1.0,""reweighted_r1.5_s11"":1.0,""reweighted_r1.5_s23"":1.0,""reweighted_r1.5_s37"":1.0}",0.8713638782501221,0.7948281168937683,0.0765357315540313,1.0,2,"[{""role"":""medoid"",""parent_id"":""92239d16959ba311"",""path"":""1_Electronic/2.obsolete_electronic_parts_TW.png"",""region_id"":""53d41cb14925964ac4ed0797""},{""role"":""bagian besar"",""parent_id"":""07a3a7081e277ab6"",""path"":""1_Electronic/3.jual-beli-barang-bekas-elektronik-600x400.jpg"",""region_id"":""e3e23f7755c4cf01ff2a0e73""}]",4,2,4,4,4,1,printer|mounted_detached,Roller tray dan mekanisme internal pencetak terlihat pada dua konteks.,not_retained_low_support,support_below_20_unique_parents,0,0,87.25000000000001,agent_evaluated_offline_from_original_photo_context_and_exact_region_crop,discovery_hypothesis_not_component_identity_or_hidden_content,9
61,F0061,bagian putar atau kipas pada rakitan,unusual_substructure|unresolved_pattern,5,5,limited_recurrence,2,0.7219280948873623,0.8,"{""Tumpukan dan rakitan campuran"":4,""Mesin cuci"":1}",2,"{""nama_sumber_tidak_terstruktur"":4,""monitor_layar"":1}",1.0,1.0,1.0,1.0,0.012437810945273632,"{""dino_r0.5_s11"":1.0,""dino_r0.5_s23"":0.012531328320802004,""dino_r0.5_s37"":0.012437810945273632,""dino_r1_s11"":1.0,""dino_r1_s23"":1.0,""dino_r1_s37"":1.0,""dino_r1.5_s11"":0.03968253968253968,""dino_r1.5_s23"":0.042735042735042736,""dino_r1.5_s37"":0.04,""reweighted_r0.5_s11"":1.0,""reweighted_r0.5_s23"":1.0,""reweighted_r0.5_s37"":1.0,""reweighted_r1_s23"":1.0,""reweighted_r1_s37"":1.0,""reweighted_r1.5_s11"":1.0,""reweighted_r1.5_s23"":1.0,""reweighted_r1.5_s37"":1.0}",0.5851625800132751,0.6962074637413025,-0.0077911140397191,0.9078317746847108,5,"[{""role"":""medoid"",""parent_id"":""41e60d7382d325f0"",""path"":""1_Electronic/12.347361369_e5270cedaa_o.jpg"",""region_id"":""25e70b638b8297bfdc988fb2""},{""role"":""bagian besar"",""parent_id"":""7ede4fe856d8ca57"",""path"":""1_Electronic/80.Untitled-design.jpg"",""region_id"":""6bf21e20fbee0a2539a6c56a""},{""role"":""variasi posisi"",""parent_id"":""a596b60b0bf5bc46"",""path"":""1_Electronic/s-l300.jpg"",""region_id"":""561305806568476f3b6d6c60""},{""role"":""batas afinitas"",""parent_id"":""e3387d1813ffc333"",""path"":""1_Electronic/s-l640.jpg"",""region_id"":""a1f6c6123fceec5ed3d01901""},{""role"":""anggota tambahan"",""parent_id"":""c77b609f9f3de57a"",""path"":""1_Electronic/14.computer-monitors.jpg"",""region_id"":""4c50ced91355b71ac608824c""}]",3,4,4,3,4,2,mounted_detached|electromechanical,Kipas hub motor dan bagian putar terlihat lintas adegan; identitas tunggal belum pasti.,not_retained_low_support,support_below_20_unique_parents,0,0,83.75000000000001,agent_evaluated_offline_from_original_photo_context_and_exact_region_crop,discovery_hypothesis_not_component_identity_or_hidden_content,13
85,F0085,tombol papan ketik bercahaya,visible_condition|unusual_substructure,2,2,rare_two_to_four_parent_hypothesis,2,1.0,0.5,"{""Tumpukan dan rakitan campuran"":1,""Papan ketik"":1}",2,"{""papan_ketik"":1,""nama_sumber_tidak_terstruktur"":1}",1.0,1.0,1.0,1.0,1.0,"{""dino_r0.5_s11"":1.0,""dino_r0.5_s23"":1.0,""dino_r0.5_s37"":1.0,""dino_r1_s11"":1.0,""dino_r1_s23"":1.0,""dino_r1_s37"":1.0,""dino_r1.5_s11"":1.0,""dino_r1.5_s23"":1.0,""dino_r1.5_s37"":1.0,""reweighted_r0.5_s11"":1.0,""reweighted_r0.5_s23"":1.0,""reweighted_r0.5_s37"":1.0,""reweighted_r1_s23"":1.0,""reweighted_r1_s37"":1.0,""reweighted_r1.5_s11"":1.0,""reweighted_r1.5_s23"":1.0,""reweighted_r1.5_s37"":1.0}",0.911760151386261,0.696815550327301,0.2149446159601211,1.0,2,"[{""role"":""medoid"",""parent_id"":""6fcbdd9a4e83001d"",""path"":""1_Electronic/Keyboard_92.jpg"",""region_id"":""3a3999a8b048c879efac2608""},{""role"":""bagian besar"",""parent_id"":""c2e1d1a8262993a6"",""path"":""1_Electronic/74.recycle-voluntary-program11.jpg"",""region_id"":""e84348dfd482f72811b38112""}]",4,2,4,4,3,1,key_matrix,Dua contoh menunjukkan tombol bercahaya di konteks berbeda.,not_retained_low_support,support_below_20_unique_parents,0,0,82.75,agent_evaluated_offline_from_original_photo_context_and_exact_region_crop,discovery_hypothesis_not_component_identity_or_hidden_content,14
70,F0070,corong gramofon,recurring_part|unusual_substructure,4,4,rare_two_to_four_parent_hypothesis,1,0.0,1.0,"{""Pemutar media dan radio"":4}",1,"{""audio_pemutar"":4}",1.0,1.0,1.0,1.0,1.0,"{""dino_r0.5_s11"":1.0,""dino_r0.5_s23"":1.0,""dino_r0.5_s37"":1.0,""dino_r1_s11"":1.0,""dino_r1_s23"":1.0,""dino_r1_s37"":1.0,""dino_r1.5_s11"":1.0,""dino_r1.5_s23"":1.0,""dino_r1.5_s37"":1.0,""reweighted_r0.5_s11"":1.0,""reweighted_r0.5_s23"":1.0,""reweighted_r0.5_s37"":1.0,""reweighted_r1_s23"":1.0,""reweighted_r1_s37"":1.0,""reweighted_r1.5_s11"":1.0,""reweighted_r1.5_s23"":1.0,""reweighted_r1.5_s37"":1.0}",0.9662506580352784,0.930773138999939,0.1220099478960037,0.8733220133205576,4,"[{""role"":""medoid"",""parent_id"":""cbd5b5e474717b64"",""path"":""1_Electronic/Player_162.jpg"",""region_id"":""fdc1bd1f55677dfc22a9d4b2""},{""role"":""bagian kecil"",""parent_id"":""408bc90adc3b6395"",""path"":""1_Electronic/Player_187.jpg"",""region_id"":""aae531a89505862ef89d2795""},{""role"":""bagian besar"",""parent_id"":""f651d18e87237409"",""path"":""1_Electronic/Player_263.jpg"",""region_id"":""df097c6dc5d9287fde61e613""},{""role"":""anggota tambahan"",""parent_id"":""3aeb311fe06de2bb"",""path"":""1_Electronic/Player_203.jpg"",""region_id"":""a43aeccb66c0384a13d52626""}]",4,1,4,4,3,0,audio,Corong gramofon koheren pada empat foto dan berbeda dari baseline foto utuh.,not_retained_low_support,support_below_20_unique_parents,0,0,82.0,agent_evaluated_offline_from_original_photo_context_and_exact_region_crop,discovery_hypothesis_not_component_identity_or_hidden_content,15
43,F0043,baki dan jalur media pencetak,recurring_part|unusual_substructure,41,35,moderate_recurrence,2,0.3159971329784247,0.9428571428571428,"{""Tumpukan dan rakitan campuran"":2,""Pencetak"":33}",2,"{""pencetak"":32,""nama_sumber_tidak_terstruktur"":3}",1.0,0.9512195121951219,0.5,0.9512195121951219,0.0975609756097561,"{""dino_r0.5_s11"":0.0975609756097561,""dino_r0.5_s23"":0.10606060606060606,""dino_r0.5_s37"":0.10606060606060606,""dino_r1_s11"":0.5,""dino_r1_s23"":0.9512195121951219,""dino_r1_s37"":0.5,""dino_r1.5_s11"":0.5,""dino_r1.5_s23"":0.5,""dino_r1.5_s37"":0.5,""reweighted_r0.5_s11"":1.0,""reweighted_r0.5_s23"":1.0,""reweighted_r0.5_s37"":0.9512195121951219,""reweighted_r1_s23"":1.0,""reweighted_r1_s37"":1.0,""reweighted_r1.5_s11"":1.0,""reweighted_r1.5_s23"":1.0,""reweighted_r1.5_s37"":1.0}",0.7986546158790588,0.622269868850708,0.1316722929477691,0.6054772712207063,6,"[{""role"":""medoid"",""parent_id"":""a90454ea7b714aac"",""path"":""1_Electronic/Printer_12.jpg"",""region_id"":""81d703383a83f9f3148089f2""},{""role"":""bagian kecil"",""parent_id"":""b00c711d087b10bc"",""path"":""1_Electronic/71.AdobeStock_82118310.jpeg"",""region_id"":""2d727088c00cb7bed346dd67""},{""role"":""bagian besar"",""parent_id"":""da6977b8dd0cffd6"",""path"":""1_Electronic/Printer_49.jpg"",""region_id"":""18551560a2866b3c7cf1cc8d""},{""role"":""variasi posisi"",""parent_id"":""2494cb5ab08db3e2"",""path"":""1_Electronic/Printer_254.jpg"",""region_id"":""18c3b07cfc95a8910643b3a5""},{""role"":""batas afinitas"",""parent_id"":""1a9e39fd8b2942e9"",""path"":""1_Electronic/istockphoto-1190367296-170667a.jpg"",""region_id"":""57bc6b6e4ba81d8d7892c1cd""},{""role"":""anggota tambahan"",""parent_id"":""25f25810ceb10011"",""path"":""1_Electronic/Printer_238.jpg"",""region_id"":""94c1368259dd897ba255b829""}]",4,2,3,4,4,1,printer,Baki jalur kertas dan bagian keluaran pencetak tampak konsisten.,retained,,11,23,81.75,agent_evaluated_offline_from_original_photo_context_and_exact_region_crop,discovery_hypothesis_not_component_identity_or_hidden_content,16
46,F0046,piringan dan rekaman pemutar,recurring_part|unusual_substructure,38,33,moderate_recurrence,1,0.0,1.0,"{""Pemutar media dan radio"":33}",1,"{""audio_pemutar"":33}",1.0,1.0,0.926829268292683,0.926829268292683,0.4634146341463415,"{""dino_r0.5_s11"":0.926829268292683,""dino_r0.5_s23"":0.4634146341463415,""dino_r0.5_s37"":0.926829268292683,""dino_r1_s11"":0.926829268292683,""dino_r1_s23"":0.926829268292683,""dino_r1_s37"":0.926829268292683,""dino_r1.5_s11"":0.926829268292683,""dino_r1.5_s23"":0.926829268292683,""dino_r1.5_s37"":0.926829268292683,""reweighted_r0.5_s11"":1.0,""reweighted_r0.5_s23"":1.0,""reweighted_r0.5_s37"":1.0,""reweighted_r1_s23"":1.0,""reweighted_r1_s37"":1.0,""reweighted_r1.5_s11"":1.0,""reweighted_r1.5_s23"":1.0,""reweighted_r1.5_s37"":1.0}",0.7942368984222412,0.7752857208251953,0.0261690989136695,0.6708609291817945,6,"[{""role"":""medoid"",""parent_id"":""e4c16b50d3c42e4a"",""path"":""1_Electronic/Player_172.jpg"",""region_id"":""9571d4d6def1759475c7d916""},{""role"":""bagian kecil"",""parent_id"":""cbd5b5e474717b64"",""path"":""1_Electronic/Player_162.jpg"",""region_id"":""090fd27a4c363f6b29f211cb""},{""role"":""bagian besar"",""parent_id"":""ae7a28deea5c15e0"",""path"":""1_Electronic/Player_132.jpg"",""region_id"":""ab9a50338c4191f758843aa8""},{""role"":""variasi posisi"",""parent_id"":""7f247965a7b35cbd"",""path"":""1_Electronic/Player_148.jpg"",""region_id"":""6cb7ce59907d04eb569f98dc""},{""role"":""batas afinitas"",""parent_id"":""8965b1b56cb47f8c"",""path"":""1_Electronic/Player_124.jpg"",""region_id"":""2db067c591076df94088baa7""},{""role"":""anggota tambahan"",""parent_id"":""ae08bf6e27898794"",""path"":""1_Electronic/Player_150.jpg"",""region_id"":""190249cf1b4ce274c35fc63a""}]",4,2,3,4,3,0,audio,Piringan dan rekaman terlihat pada gramofon dan pemutar modern.,retained,,6,24,81.0,agent_evaluated_offline_from_original_photo_context_and_exact_region_crop,discovery_hypothesis_not_component_identity_or_hidden_content,17
11,F0011,permukaan layar gelap monitor,recurring_part|cross_context_bridge,144,84,broad_recurrence,4,0.5906215370402185,0.6428571428571429,"{""Tumpukan dan rakitan campuran"":3,""Layar dan televisi"":26,""Papan ketik"":1,""Monitor dalam konteks meja"":54}",3,"{""nama_sumber_tidak_terstruktur"":51,""televisi"":32,""monitor_layar"":1}",1.0,0.6682464454976303,0.9726027397260274,0.9726027397260274,0.6682464454976303,"{""dino_r0.5_s11"":0.6729857819905213,""dino_r0.5_s23"":0.6729857819905213,""dino_r0.5_s37"":0.7553191489361702,""dino_r1_s11"":0.9726027397260274,""dino_r1_s23"":0.8819875776397516,""dino_r1_s37"":0.8819875776397516,""dino_r1.5_s11"":0.9726027397260274,""dino_r1.5_s23"":0.9726027397260274,""dino_r1.5_s37"":0.9726027397260274,""reweighted_r0.5_s11"":0.6682464454976303,""reweighted_r0.5_s23"":0.6682464454976303,""reweighted_r0.5_s37"":0.6682464454976303,""reweighted_r1_s23"":1.0,""reweighted_r1_s37"":1.0,""reweighted_r1.5_s11"":0.9791666666666666,""reweighted_r1.5_s23"":0.9791666666666666,""reweighted_r1.5_s37"":0.9791666666666666}",0.7240525484085083,0.6852410435676575,0.0351016074419021,0.6612521670471913,6,"[{""role"":""medoid"",""parent_id"":""3a729eeb92d54965"",""path"":""1_Electronic/Television_171.jpg"",""region_id"":""7ddc1e9d5e9ef7aa0617bd9a""},{""role"":""bagian kecil"",""parent_id"":""92494059b379b0ac"",""path"":""1_Electronic/Television_211.jpg"",""region_id"":""fd3fd2291eb1adbc4f493cf6""},{""role"":""bagian besar"",""parent_id"":""adcbf79fc0cba63a"",""path"":""1_Electronic/311.jpeg"",""region_id"":""9f9a5e6b12808fd2712c4b76""},{""role"":""variasi posisi"",""parent_id"":""3d592ebecbb1a907"",""path"":""1_Electronic/Television_160.jpg"",""region_id"":""4ecff0e798bd88cad9f092b1""},{""role"":""anggota tambahan"",""parent_id"":""d273627be025fcf0"",""path"":""1_Electronic/Television_108.jpg"",""region_id"":""06992db4f8c7c4478bac025d""},{""role"":""anggota tambahan"",""parent_id"":""ed704744c6ad9e5e"",""path"":""1_Electronic/Television_72.jpg"",""region_id"":""e60ae95c0021e6d08ac3598a""}]",4,3,2,4,3,0,screen_condition,Panel layar gelap monitor dan televisi konsisten.,retained,,16,68,80.0,agent_evaluated_offline_from_original_photo_context_and_exact_region_crop,discovery_hypothesis_not_component_identity_or_hidden_content,18
27,F0027,keyboard dan dek laptop,recurring_part|common_category_pattern,86,69,broad_recurrence,2,0.2580186686648155,0.9565217391304348,"{""Tumpukan dan rakitan campuran"":3,""Laptop"":66}",1,"{""nama_sumber_tidak_terstruktur"":69}",1.0,0.4574468085106383,0.9148936170212766,0.9148936170212766,0.4574468085106383,"{""dino_r0.5_s11"":0.6142857142857143,""dino_r0.5_s23"":0.6142857142857143,""dino_r0.5_s37"":0.6142857142857143,""dino_r1_s11"":0.9148936170212766,""dino_r1_s23"":0.9148936170212766,""dino_r1_s37"":0.9148936170212766,""dino_r1.5_s11"":0.9148936170212766,""dino_r1.5_s23"":0.9148936170212766,""dino_r1.5_s37"":0.9148936170212766,""reweighted_r0.5_s11"":0.4574468085106383,""reweighted_r0.5_s23"":0.4574468085106383,""reweighted_r0.5_s37"":0.4574468085106383,""reweighted_r1_s23"":1.0,""reweighted_r1_s37"":1.0,""reweighted_r1.5_s11"":1.0,""reweighted_r1.5_s23"":1.0,""reweighted_r1.5_s37"":1.0}",0.8890770673751831,0.8755252361297607,0.0117580415681004,0.7844140364130697,6,"[{""role"":""medoid"",""parent_id"":""34f62255ac4d2e31"",""path"":""1_Electronic/IMG_20200329_142653.jpg"",""region_id"":""952b553073ce91b4263751ce""},{""role"":""bagian kecil"",""parent_id"":""f980077b3cb0397b"",""path"":""1_Electronic/16.s-l1200.jpg"",""region_id"":""5ee23753de3bd744faf99e4f""},{""role"":""bagian besar"",""parent_id"":""e3c235cb937a8b4e"",""path"":""1_Electronic/237.jpeg"",""region_id"":""009a5587a0ac3a1901cd6a12""},{""role"":""variasi posisi"",""parent_id"":""bbcc60ec1a6b8729"",""path"":""1_Electronic/IMG_20200328_131236.jpg"",""region_id"":""ad503ccaca192fd7fdf7eb1f""},{""role"":""batas afinitas"",""parent_id"":""f4d58ac6e0b80ee8"",""path"":""1_Electronic/76.MmcGCJOWDe8-2.jpg"",""region_id"":""42f4a483f84e7c06c872df5a""},{""role"":""anggota tambahan"",""parent_id"":""0578ec0fea7b52b7"",""path"":""1_Electronic/182.jpeg"",""region_id"":""95bc1ac66361dd77dc76200b""}]",4,2,2,4,4,0,key_matrix,Keyboard dan dek laptop konsisten pada sudut berbeda.,retained,,22,43,80.0,agent_evaluated_offline_from_original_photo_context_and_exact_region_crop,discovery_hypothesis_not_component_identity_or_hidden_content,18
21,F0021,permukaan layar aktif,visible_condition|cross_context_bridge,97,63,broad_recurrence,5,0.6349318713155974,0.6349206349206349,"{""Tumpukan dan rakitan campuran"":6,""Ponsel"":14,""Layar dan televisi"":40,""Monitor dalam konteks meja"":1,""Laptop"":2}",3,"{""televisi"":42,""nama_sumber_tidak_terstruktur"":17,""ponsel"":4}",1.0,0.5511363636363636,0.5492957746478874,0.6635514018691588,0.5140845070422535,"{""dino_r0.5_s11"":0.6217948717948718,""dino_r0.5_s23"":0.6217948717948718,""dino_r0.5_s37"":0.6217948717948718,""dino_r1_s11"":0.5492957746478874,""dino_r1_s23"":0.5492957746478874,""dino_r1_s37"":0.8878504672897196,""dino_r1.5_s11"":0.5140845070422535,""dino_r1.5_s23"":0.5140845070422535,""dino_r1.5_s37"":0.6635514018691588,""reweighted_r0.5_s11"":1.0,""reweighted_r0.5_s23"":1.0,""reweighted_r0.5_s37"":0.5511363636363636,""reweighted_r1_s23"":1.0,""reweighted_r1_s37"":1.0,""reweighted_r1.5_s11"":0.78,""reweighted_r1.5_s23"":0.78,""reweighted_r1.5_s37"":0.78}",0.2363956570625305,0.3247620165348053,-0.0982109159231185,0.7183710078373848,6,"[{""role"":""medoid"",""parent_id"":""78195f599d4b0349"",""path"":""1_Electronic/Television_69.jpg"",""region_id"":""0034315fb20b183969b723ac""},{""role"":""bagian kecil"",""parent_id"":""e262075f97032897"",""path"":""1_Electronic/636364539543570882-Junk-08.jpeg"",""region_id"":""33bb58c1265f5dfb1c6ff8e4""},{""role"":""bagian besar"",""parent_id"":""b9cfd80c4ee10b7f"",""path"":""1_Electronic/Television_190.jpg"",""region_id"":""1ccefe1a23df2e63f668f8c1""},{""role"":""variasi posisi"",""parent_id"":""4899da67d22b6d96"",""path"":""1_Electronic/Television_216.jpg"",""region_id"":""d993eab6a4062020d8b4c600""},{""role"":""batas afinitas"",""parent_id"":""8a3dc49564c54711"",""path"":""1_Electronic/IMG-20200328-WA0024.jpg"",""region_id"":""160cbe4821e2ad135bb87464""},{""role"":""anggota tambahan"",""parent_id"":""9f8f195881b7e041"",""path"":""1_Electronic/Mobile_52.jpg"",""region_id"":""32a837ee5e8a5dc388229133""}]",4,3,3,4,3,1,screen_condition,Area tampilan aktif pada ponsel televisi dan laptop; isi layar bukan identitas komponen.,retained,,8,55,80.0,agent_evaluated_offline_from_original_photo_context_and_exact_region_crop,discovery_hypothesis_not_component_identity_or_hidden_content,18
36,F0036,tepi dan port laptop,recurring_part|unusual_substructure,66,42,moderate_recurrence,3,0.2043041870830707,0.9523809523809523,"{""Tumpukan dan rakitan campuran"":40,""Monitor dalam konteks meja"":1,""Laptop"":1}",6,"{""nama_sumber_tidak_terstruktur"":28,""monitor_layar"":6,""laptop"":5,""ponsel"":1,""papan_rangkaian"":1,""papan_ketik"":1}",1.0,0.10187110187110188,0.927536231884058,0.7101449275362319,0.10187110187110188,"{""dino_r0.5_s11"":0.28,""dino_r0.5_s23"":0.28654970760233917,""dino_r0.5_s37"":0.28654970760233917,""dino_r1_s11"":0.927536231884058,""dino_r1_s23"":0.3161290322580645,""dino_r1_s37"":0.3161290322580645,""dino_r1.5_s11"":0.7101449275362319,""dino_r1.5_s23"":0.7101449275362319,""dino_r1.5_s37"":0.7101449275362319,""reweighted_r0.5_s11"":0.2802197802197802,""reweighted_r0.5_s23"":0.19767441860465115,""reweighted_r0.5_s37"":0.10187110187110188,""reweighted_r1_s23"":1.0,""reweighted_r1_s37"":1.0,""reweighted_r1.5_s11"":1.0,""reweighted_r1.5_s23"":1.0,""reweighted_r1.5_s37"":1.0}",0.5881564021110535,0.6276808977127075,-0.059889942407608,0.8682254275896863,6,"[{""role"":""medoid"",""parent_id"":""141c8a172fc9bde0"",""path"":""1_Electronic/20.steptodown.com801613.jpg"",""region_id"":""2e3714035dcd5c690605a7cf""},{""role"":""bagian kecil"",""parent_id"":""97c7e808d7f015f1"",""path"":""1_Electronic/10.Sadoff-ERecycling-Data-Destruction_blog-post-header.png"",""region_id"":""d80aef61ab1d820892112f85""},{""role"":""bagian besar"",""parent_id"":""1606775ae9bae967"",""path"":""1_Electronic/3.used-laptop-scrap-500x500.jpg"",""region_id"":""26dbe3816fbff3b200d1f6c2""},{""role"":""variasi posisi"",""parent_id"":""6261099fe1aba4d3"",""path"":""1_Electronic/74.e-waste_recycling_laptops_002.jpg"",""region_id"":""4facb29cb1f86e712e9f0c7f""},{""role"":""batas afinitas"",""parent_id"":""43c4d4f994f29a8a"",""path"":""1_Electronic/67.lcd-monitor-scrap-400062.jpg"",""region_id"":""2cafae4c60dc9dc9cab8847c""},{""role"":""anggota tambahan"",""parent_id"":""4bdef06987d80afc"",""path"":""1_Electronic/61.led-lcd-tvs-monitor-scrap-1691226659-7017577.jpeg"",""region_id"":""715ebfee23192d079887288e""}]",4,2,3,4,4,1,laptop|mounted_detached,Deret port dan tepi laptop tampak pada unit serta tumpukan.,retained,,10,32,79.99999999999999,agent_evaluated_offline_from_original_photo_context_and_exact_region_crop,discovery_hypothesis_not_component_identity_or_hidden_content,21
90,F0090,tombol papan ketik bercahaya dekat,visible_condition|unusual_substructure,2,2,rare_two_to_four_parent_hypothesis,1,0.0,1.0,"{""Papan ketik"":2}",1,"{""papan_ketik"":2}",1.0,1.0,1.0,1.0,1.0,"{""dino_r0.5_s11"":1.0,""dino_r0.5_s23"":1.0,""dino_r0.5_s37"":1.0,""dino_r1_s11"":1.0,""dino_r1_s23"":1.0,""dino_r1_s37"":1.0,""dino_r1.5_s11"":1.0,""dino_r1.5_s23"":1.0,""dino_r1.5_s37"":1.0,""reweighted_r0.5_s11"":1.0,""reweighted_r0.5_s23"":1.0,""reweighted_r0.5_s37"":1.0,""reweighted_r1_s23"":1.0,""reweighted_r1_s37"":1.0,""reweighted_r1.5_s11"":1.0,""reweighted_r1.5_s23"":1.0,""reweighted_r1.5_s37"":1.0}",0.932465672492981,0.9035347104072572,0.0289309918880462,1.0,2,"[{""role"":""medoid"",""parent_id"":""d94f53c6d7296892"",""path"":""1_Electronic/Keyboard_290.jpg"",""region_id"":""2e1ba4ca4d78ffe50b849339""},{""role"":""bagian besar"",""parent_id"":""dad4f6ce55c5344c"",""path"":""1_Electronic/Keyboard_81.jpg"",""region_id"":""6236055a92aa7c35e1a03f86""}]",4,1,4,4,3,1,key_matrix,Dua crop dekat menunjukkan tombol bercahaya.,not_retained_low_support,support_below_20_unique_parents,0,0,78.25,agent_evaluated_offline_from_original_photo_context_and_exact_region_crop,discovery_hypothesis_not_component_identity_or_hidden_content,22
30,F0030,pintu akses mesin cuci,recurring_part|common_category_pattern,81,64,broad_recurrence,2,0.11611507530476971,0.984375,"{""Tumpukan dan rakitan campuran"":1,""Mesin cuci"":63}",2,"{""mesin_cuci"":61,""nama_sumber_tidak_terstruktur"":3}",1.0,0.675,0.5564516129032258,0.675,0.43315508021390375,"{""dino_r0.5_s11"":0.43315508021390375,""dino_r0.5_s23"":0.4879518072289157,""dino_r0.5_s37"":0.4879518072289157,""dino_r1_s11"":0.5564516129032258,""dino_r1_s23"":0.5564516129032258,""dino_r1_s37"":0.5564516129032258,""dino_r1.5_s11"":0.8372093023255814,""dino_r1.5_s23"":0.8372093023255814,""dino_r1.5_s37"":0.8372093023255814,""reweighted_r0.5_s11"":0.675,""reweighted_r0.5_s23"":0.675,""reweighted_r0.5_s37"":0.675,""reweighted_r1_s23"":1.0,""reweighted_r1_s37"":1.0,""reweighted_r1.5_s11"":1.0,""reweighted_r1.5_s23"":1.0,""reweighted_r1.5_s37"":1.0}",0.8194364309310913,0.6816452741622925,0.1812876015901565,0.5427257958765094,6,"[{""role"":""medoid"",""parent_id"":""61fdf956bbf5ac54"",""path"":""1_Electronic/Washing_Machine_46.jpg"",""region_id"":""b0e8f1b901544c1c25eadb1e""},{""role"":""bagian kecil"",""parent_id"":""e86564f5709b1344"",""path"":""1_Electronic/15.WhatsApp-Image-2024-06-24-at-17.19.46-989x1024.jpeg"",""region_id"":""64e1f6478f8ab2093f3ac8ca""},{""role"":""bagian besar"",""parent_id"":""af5dcd4b9b4bd2f8"",""path"":""1_Electronic/Washing_Machine_82.jpg"",""region_id"":""b34b3391c335e1e08ab8b141""},{""role"":""variasi posisi"",""parent_id"":""e5e51e62f6312496"",""path"":""1_Electronic/Washing_Machine_208.jpg"",""region_id"":""f6454e5355ff95c5f42be80e""},{""role"":""batas afinitas"",""parent_id"":""458ce421e77d8265"",""path"":""1_Electronic/Washing_Machine_6.jpg"",""region_id"":""b6113aadd8f454b652ca2e63""},{""role"":""anggota tambahan"",""parent_id"":""6f11c4054a59e5ec"",""path"":""1_Electronic/Washing_Machine_114.jpg"",""region_id"":""2e97d067a03d4a6adbf241b3""}]",4,2,2,4,4,0,washing_machine,Pintu bundar mesin cuci konsisten pada unit utuh dan adegan campuran.,retained,,17,38,78.25,agent_evaluated_offline_from_original_photo_context_and_exact_region_crop,discovery_hypothesis_not_component_identity_or_hidden_content,22
59,F0059,papan ketik dalam tumpukan,common_category_pattern|mounted_detached,7,7,limited_recurrence,1,0.0,1.0,"{""Tumpukan dan rakitan campuran"":7}",3,"{""nama_sumber_tidak_terstruktur"":4,""monitor_layar"":2,""papan_ketik"":1}",1.0,1.0,1.0,1.0,1.0,"{""dino_r0.5_s11"":1.0,""dino_r0.5_s23"":1.0,""dino_r0.5_s37"":1.0,""dino_r1_s11"":1.0,""dino_r1_s23"":1.0,""dino_r1_s37"":1.0,""dino_r1.5_s11"":1.0,""dino_r1.5_s23"":1.0,""dino_r1.5_s37"":1.0,""reweighted_r0.5_s11"":1.0,""reweighted_r0.5_s23"":1.0,""reweighted_r0.5_s37"":1.0,""reweighted_r1_s23"":1.0,""reweighted_r1_s37"":1.0,""reweighted_r1.5_s11"":1.0,""reweighted_r1.5_s23"":1.0,""reweighted_r1.5_s37"":1.0}",0.7687802314758301,0.7985308170318604,-0.0225681494921445,0.9658747201334016,6,"[{""role"":""medoid"",""parent_id"":""9778e2c6d876749b"",""path"":""1_Electronic/68.kiel-germany-november-22-2018-260nw-1511680658.jpg"",""region_id"":""30cfe9b08e823b7c27755677""},{""role"":""bagian kecil"",""parent_id"":""83ccaf24a5a012f2"",""path"":""1_Electronic/18.stock-photo-black-keyboards-in-a-pile-computer-junk-2303912471.jpg"",""region_id"":""b9cb6a23a29b4d977f7440f3""},{""role"":""bagian besar"",""parent_id"":""7097352bddda4370"",""path"":""1_Electronic/61.pile-discarded-computer-monitors-electronics-landfill-environmental-pollution-pile-discarded-computer-monitors-437381574.jpg"",""region_id"":""638cd03c3e832949615ef672""},{""role"":""variasi posisi"",""parent_id"":""ab00122aa116e9af"",""path"":""1_Electronic/2.640px-IBM_PC_5150-640x437.jpg"",""region_id"":""066ea079bf5645c29de68803""},{""role"":""anggota tambahan"",""parent_id"":""b1e7fe137cbc8ecb"",""path"":""1_Electronic/13.Electronic-Recycling.jpg"",""region_id"":""f1508197945726432bebb5db""},{""role"":""anggota tambahan"",""parent_id"":""e517afc5be607dfe"",""path"":""1_Electronic/12.pile-old-computer-waste-junkyard-260nw-1798868611.jpg"",""region_id"":""521ea6171af7454d5c433f7a""}]",4,2,3,4,3,1,key_matrix|mounted_detached,Papan ketik terlihat sendiri bersama komputer dan di tumpukan.,not_retained_low_support,support_below_20_unique_parents,0,0,77.25,agent_evaluated_offline_from_original_photo_context_and_exact_region_crop,discovery_hypothesis_not_component_identity_or_hidden_content,24
76,F0076,panel layar gelap langka,recurring_part|unusual_substructure,3,3,rare_two_to_four_parent_hypothesis,2,0.9182958340544894,0.6666666666666666,"{""Layar dan televisi"":1,""Monitor dalam konteks meja"":2}",2,"{""nama_sumber_tidak_terstruktur"":2,""televisi"":1}",1.0,1.0,1.0,1.0,1.0,"{""dino_r0.5_s11"":1.0,""dino_r0.5_s23"":1.0,""dino_r0.5_s37"":1.0,""dino_r1_s11"":1.0,""dino_r1_s23"":1.0,""dino_r1_s37"":1.0,""dino_r1.5_s11"":1.0,""dino_r1.5_s23"":1.0,""dino_r1.5_s37"":1.0,""reweighted_r0.5_s11"":1.0,""reweighted_r0.5_s23"":1.0,""reweighted_r0.5_s37"":1.0,""reweighted_r1_s23"":1.0,""reweighted_r1_s37"":1.0,""reweighted_r1.5_s11"":1.0,""reweighted_r1.5_s23"":1.0,""reweighted_r1.5_s37"":1.0}",0.9311662912368774,0.6916342973709106,0.1072313413023948,0.7412544240448862,3,"[{""role"":""medoid"",""parent_id"":""d7dd28ddb368a1cf"",""path"":""1_Electronic/Television_93.jpg"",""region_id"":""2c291e222a8891d4abb418af""},{""role"":""bagian kecil"",""parent_id"":""db3947165ba372f1"",""path"":""1_Electronic/615.jpg"",""region_id"":""3dbab8423970f09b78d534ff""},{""role"":""anggota tambahan"",""parent_id"":""5961957d4c318278"",""path"":""1_Electronic/903.jpeg"",""region_id"":""7a7c064ec12efc29a5265e31""}]",4,2,3,4,3,1,screen_condition,Tiga panel gelap monitor atau laptop koheren.,not_retained_low_support,support_below_20_unique_parents,0,0,77.25,agent_evaluated_offline_from_original_photo_context_and_exact_region_crop,discovery_hypothesis_not_component_identity_or_hidden_content,24
81,F0081,bingkai dan belakang CRT di tumpukan,common_category_pattern|mounted_detached,3,3,rare_two_to_four_parent_hypothesis,1,0.0,1.0,"{""Tumpukan dan rakitan campuran"":3}",1,"{""nama_sumber_tidak_terstruktur"":3}",1.0,1.0,1.0,1.0,0.012295081967213115,"{""dino_r0.5_s11"":1.0,""dino_r0.5_s23"":0.012295081967213115,""dino_r0.5_s37"":0.012552301255230125,""dino_r1_s11"":1.0,""dino_r1_s23"":1.0,""dino_r1_s37"":1.0,""dino_r1.5_s11"":1.0,""dino_r1.5_s23"":1.0,""dino_r1.5_s37"":0.02564102564102564,""reweighted_r0.5_s11"":1.0,""reweighted_r0.5_s23"":1.0,""reweighted_r0.5_s37"":1.0,""reweighted_r1_s23"":1.0,""reweighted_r1_s37"":1.0,""reweighted_r1.5_s11"":1.0,""reweighted_r1.5_s23"":1.0,""reweighted_r1.5_s37"":1.0}",0.7767146825790405,0.8517128229141235,-0.0470602922141552,0.9957126622173684,3,"[{""role"":""medoid"",""parent_id"":""5d257e4542424799"",""path"":""1_Electronic/25.2021_06_10-00_08_41_b3452d0af1a06dccd6b83d404b1e303f_960x640_thumb.jpg"",""region_id"":""5bff03372dc3038eda49e354""},{""role"":""bagian kecil"",""parent_id"":""9df9d4bd8bcc3ee4"",""path"":""1_Electronic/67.antarafoto-potensi-ekonomi-sampah-elektronik-090621-irp-4.jpg"",""region_id"":""83aa83e659a502717c1a37b3""},{""role"":""batas afinitas"",""parent_id"":""b4c16b84caec78ba"",""path"":""1_Electronic/5.shutterstock_2521558043.jpg"",""region_id"":""73434bfb06e504c37e39b25c""}]",4,2,3,4,3,1,screen_condition|mounted_detached,Monitor CRT terlihat pada pembongkaran dan tumpukan.,not_retained_low_support,support_below_20_unique_parents,0,0,77.25,agent_evaluated_offline_from_original_photo_context_and_exact_region_crop,discovery_hypothesis_not_component_identity_or_hidden_content,24
67,F0067,perangkat rusak berat dalam limbah,visible_condition|unresolved_pattern,4,4,rare_two_to_four_parent_hypothesis,1,0.0,1.0,"{""Tumpukan dan rakitan campuran"":4}",3,"{""nama_sumber_tidak_terstruktur"":2,""televisi"":1,""ponsel"":1}",0.047058823529411764,0.011661807580174927,0.024844720496894408,0.024844720496894408,0.010723860589812333,"{""dino_r0.5_s11"":0.014760147601476014,""dino_r0.5_s23"":0.010723860589812333,""dino_r0.5_s37"":0.010723860589812333,""dino_r1_s11"":0.024844720496894408,""dino_r1_s23"":0.017937219730941704,""dino_r1_s37"":0.016666666666666666,""dino_r1.5_s11"":0.02564102564102564,""dino_r1.5_s23"":0.02631578947368421,""dino_r1.5_s37"":0.02564102564102564,""reweighted_r0.5_s11"":0.011661807580174927,""reweighted_r0.5_s23"":0.011730205278592375,""reweighted_r0.5_s37"":0.011661807580174927,""reweighted_r1_s23"":0.047058823529411764,""reweighted_r1_s37"":0.047058823529411764,""reweighted_r1.5_s11"":0.058823529411764705,""reweighted_r1.5_s23"":0.06349206349206349,""reweighted_r1.5_s37"":0.06349206349206349}",0.6123659610748291,0.6865673065185547,-0.0246203616261482,0.9035574322273396,4,"[{""role"":""medoid"",""parent_id"":""b16ff464e563c936"",""path"":""1_Electronic/15.discarded-broken-smartphones-amidst-cracked-screens-close-up-discarded-broken-smartphones-cracked-screens-highlighting-333067838.jpg"",""region_id"":""30e70c4a51f7f8b1e062455a""},{""role"":""bagian besar"",""parent_id"":""f90c23e95205d668"",""path"":""1_Electronic/20.3_AR-BLOG-6-IMG-1-1024x574.jpg"",""region_id"":""b7842366044b4deedbec01d0""},{""role"":""variasi posisi"",""parent_id"":""df14a15f633f6c5b"",""path"":""1_Electronic/17.severely-damaged-vintage-television-set-cracked-screen-surrounded-debris-356539203.jpg"",""region_id"":""f5e48ff07d0ea4dc34e0504e""},{""role"":""anggota tambahan"",""parent_id"":""49fd29c34b25b3bf"",""path"":""1_Electronic/e-waste circular economy wide.jpg"",""region_id"":""88118474e6a624d39fddfd2d""}]",3,4,4,3,4,2,screen_condition|mounted_detached,Ponsel CRT dan perangkat rusak berat membentuk kondisi lintas produk namun hanya empat foto.,not_retained_low_support,support_below_20_unique_parents,0,0,76.75,agent_evaluated_offline_from_original_photo_context_and_exact_region_crop,discovery_hypothesis_not_component_identity_or_hidden_content,27
22,F0022,sasis internal komputer meja,recurring_part|common_category_pattern,96,64,moderate_recurrence,4,0.2572192194347763,0.921875,"{""Tumpukan dan rakitan campuran"":59,""Layar dan televisi"":2,""Pemutar media dan radio"":2,""Monitor dalam konteks meja"":1}",6,"{""nama_sumber_tidak_terstruktur"":47,""monitor_layar"":4,""laptop"":4,""papan_rangkaian"":4,""televisi"":3,""audio_pemutar"":2}",0.7014925373134329,0.1686746987951807,0.3514644351464435,0.3514644351464435,0.16184971098265896,"{""dino_r0.5_s11"":0.16184971098265896,""dino_r0.5_s23"":0.20437956204379562,""dino_r0.5_s37"":0.2028985507246377,""dino_r1_s11"":0.3514644351464435,""dino_r1_s23"":0.308,""dino_r1_s37"":0.3155737704918033,""dino_r1.5_s11"":0.6086956521739131,""dino_r1.5_s23"":0.6511627906976745,""dino_r1.5_s37"":0.6131386861313869,""reweighted_r0.5_s11"":0.1686746987951807,""reweighted_r0.5_s23"":0.21345707656612528,""reweighted_r0.5_s37"":0.19658119658119658,""reweighted_r1_s23"":0.7014925373134329,""reweighted_r1_s37"":0.7014925373134329,""reweighted_r1.5_s11"":0.9795918367346939,""reweighted_r1.5_s23"":0.5301204819277109,""reweighted_r1.5_s37"":0.9795918367346939}",0.6582767367362976,0.703477144241333,-0.0678117498755455,0.9178957168656507,6,"[{""role"":""medoid"",""parent_id"":""0bf0aecf5873f395"",""path"":""1_Electronic/69.2020-11-13_15h48_00-1.png"",""region_id"":""42ce6f90f4d8db8918131a17""},{""role"":""bagian kecil"",""parent_id"":""7884c7c553303f5a"",""path"":""1_Electronic/14.electronic_waste_02.jpg"",""region_id"":""932a150005996a758ae51311""},{""role"":""bagian besar"",""parent_id"":""f80b9b87c928d629"",""path"":""1_Electronic/79.computer-hardware-scraps-1276859.jpg"",""region_id"":""614972ed91de66ff1ad251d1""},{""role"":""variasi posisi"",""parent_id"":""db759ab271965dde"",""path"":""1_Electronic/FQVGFP3IMI0XZXE.jpg"",""region_id"":""896ddfb8b41ec3565f0ad74f""},{""role"":""batas afinitas"",""parent_id"":""a28a238c7fae6352"",""path"":""1_Electronic/Player_291.jpg"",""region_id"":""606c9661acc0d522f6595a94""},{""role"":""anggota tambahan"",""parent_id"":""5e607bad4a2b4f8b"",""path"":""1_Electronic/12.three-old-obsolete-computer-screen-monitors-discarded-as-junk-on-the-B49J8G.jpg"",""region_id"":""137e0fe1f480e76d5ad4f7ca""}]",4,2,3,4,4,1,pcb|mounted_detached,Sasis rak drive papan dan kipas tampak pada komputer terbuka dan tumpukan.,retained,,22,42,76.49999999999999,agent_evaluated_offline_from_original_photo_context_and_exact_region_crop,discovery_hypothesis_not_component_identity_or_hidden_content,28
10,F0010,casing dan terminal paket baterai,recurring_part|common_category_pattern,153,85,broad_recurrence,2,0.22028326695127431,0.9647058823529412,"{""Papan rangkaian"":3,""Baterai perangkat portabel"":82}",3,"{""baterai"":81,""papan_rangkaian"":3,""microwave"":1}",1.0,0.9935064935064936,0.9386503067484663,0.987012987012987,0.7574257425742574,"{""dino_r0.5_s11"":0.7574257425742574,""dino_r0.5_s23"":0.7574257425742574,""dino_r0.5_s37"":0.7574257425742574,""dino_r1_s11"":0.9386503067484663,""dino_r1_s23"":0.9386503067484663,""dino_r1_s37"":0.9386503067484663,""dino_r1.5_s11"":0.9386503067484663,""dino_r1.5_s23"":0.9386503067484663,""dino_r1.5_s37"":0.987012987012987,""reweighted_r0.5_s11"":0.9935064935064936,""reweighted_r0.5_s23"":1.0,""reweighted_r0.5_s37"":0.9935064935064936,""reweighted_r1_s23"":1.0,""reweighted_r1_s37"":1.0,""reweighted_r1.5_s11"":1.0,""reweighted_r1.5_s23"":1.0,""reweighted_r1.5_s37"":1.0}",0.5007709264755249,0.6134434938430786,-0.090247131884098,0.7741006316078539,6,"[{""role"":""medoid"",""parent_id"":""c77d018fcf96801f"",""path"":""1_Electronic/battery_54.jpg"",""region_id"":""863f8c4f67797a604b8e6524""},{""role"":""bagian kecil"",""parent_id"":""1aa0eb1bad8f36a8"",""path"":""1_Electronic/battery_206.jpg"",""region_id"":""0ce4199c19d3b39a60c9cb23""},{""role"":""bagian besar"",""parent_id"":""c8a075561acfd73d"",""path"":""1_Electronic/battery_281.jpg"",""region_id"":""84524decca9ac1eac70dcad4""},{""role"":""variasi posisi"",""parent_id"":""d9c71e38c4627f9a"",""path"":""1_Electronic/battery_137.jpg"",""region_id"":""b0c975a7d21b1c9aecd4b2d9""},{""role"":""batas afinitas"",""parent_id"":""007f3f7b192fa850"",""path"":""1_Electronic/battery_70.jpg"",""region_id"":""1624c37efa49d61cb08f628b""},{""role"":""anggota tambahan"",""parent_id"":""19a387c82a783729"",""path"":""1_Electronic/battery_37.jpg"",""region_id"":""ced7f2fc0cc6d352ece61a01""}]",4,2,2,4,4,1,battery,Casing label dan terminal baterai dominan; beberapa PCB adalah salah dukung periferal.,retained,,14,71,76.25,agent_evaluated_offline_from_original_photo_context_and_exact_region_crop,discovery_hypothesis_not_component_identity_or_hidden_content,29
39,F0039,rakitan layar laptop,recurring_part|common_category_pattern,53,43,moderate_recurrence,5,0.6223655518598892,0.627906976744186,"{""Tumpukan dan rakitan campuran"":11,""Ponsel"":1,""Layar dan televisi"":1,""Monitor dalam konteks meja"":3,""Laptop"":27}",4,"{""nama_sumber_tidak_terstruktur"":36,""laptop"":5,""ponsel"":1,""televisi"":1}",1.0,0.24880382775119617,0.9433962264150944,0.9433962264150944,0.24170616113744076,"{""dino_r0.5_s11"":0.24170616113744076,""dino_r0.5_s23"":0.24170616113744076,""dino_r0.5_s37"":0.9433962264150944,""dino_r1_s11"":0.9433962264150944,""dino_r1_s23"":0.9433962264150944,""dino_r1_s37"":0.9433962264150944,""dino_r1.5_s11"":0.9433962264150944,""dino_r1.5_s23"":0.9433962264150944,""dino_r1.5_s37"":0.9433962264150944,""reweighted_r0.5_s11"":0.24880382775119617,""reweighted_r0.5_s23"":0.24880382775119617,""reweighted_r0.5_s37"":0.24880382775119617,""reweighted_r1_s23"":1.0,""reweighted_r1_s37"":1.0,""reweighted_r1.5_s11"":1.0,""reweighted_r1.5_s23"":1.0,""reweighted_r1.5_s37"":1.0}",0.4022236466407776,0.270166277885437,0.1203939616680145,0.8870565472974274,6,"[{""role"":""medoid"",""parent_id"":""d7dd28ddb368a1cf"",""path"":""1_Electronic/Television_93.jpg"",""region_id"":""e91fd8690f1dd9aaaed4bdfc""},{""role"":""bagian kecil"",""parent_id"":""7f50e7f0106f884b"",""path"":""1_Electronic/18.scrap-laptops-10-for-dollar150-free-shipping__55453.1762353348.800.1000.jpg"",""region_id"":""c61d14140bbc00765de1e3b6""},{""role"":""bagian besar"",""parent_id"":""2a4458534e3be467"",""path"":""1_Electronic/172.jpeg"",""region_id"":""6009d08f4bd3b8e6c71a105c""},{""role"":""variasi posisi"",""parent_id"":""7382ae107a015445"",""path"":""1_Electronic/IMG_20200329_142656.jpg"",""region_id"":""eca1ae3eb861e1fd1e961b24""},{""role"":""batas afinitas"",""parent_id"":""5961957d4c318278"",""path"":""1_Electronic/903.jpeg"",""region_id"":""9f9d0cbf232f4dfc65bfcad6""},{""role"":""anggota tambahan"",""parent_id"":""d463bce029950ad2"",""path"":""1_Electronic/185.jpeg"",""region_id"":""0f39f22a508a9d5ec0aff4d1""}]",4,2,2,4,4,1,laptop|screen_condition,Panel dan bingkai layar laptop konsisten.,retained,,4,39,76.25,agent_evaluated_offline_from_original_photo_context_and_exact_region_crop,discovery_hypothesis_not_component_identity_or_hidden_content,29
40,F0040,panel atas mesin cuci,recurring_part|common_category_pattern,51,35,moderate_recurrence,2,0.18717625687320819,0.9714285714285714,"{""Mesin cuci"":34,""Pencetak"":1}",3,"{""mesin_cuci"":33,""nama_sumber_tidak_terstruktur"":1,""pencetak"":1}",1.0,0.4766355140186916,0.8823529411764706,0.8823529411764706,0.3879310344827586,"{""dino_r0.5_s11"":0.3879310344827586,""dino_r0.5_s23"":0.8823529411764706,""dino_r0.5_s37"":0.8823529411764706,""dino_r1_s11"":0.8823529411764706,""dino_r1_s23"":0.8823529411764706,""dino_r1_s37"":0.8823529411764706,""dino_r1.5_s11"":0.8823529411764706,""dino_r1.5_s23"":0.8823529411764706,""dino_r1.5_s37"":0.8823529411764706,""reweighted_r0.5_s11"":1.0,""reweighted_r0.5_s23"":1.0,""reweighted_r0.5_s37"":0.4766355140186916,""reweighted_r1_s23"":1.0,""reweighted_r1_s37"":1.0,""reweighted_r1.5_s11"":1.0,""reweighted_r1.5_s23"":1.0,""reweighted_r1.5_s37"":1.0}",0.8244875073432922,0.6456042528152466,0.1702229231595993,0.5738406604169225,6,"[{""role"":""medoid"",""parent_id"":""995e134848875b5d"",""path"":""1_Electronic/Washing_Machine_121.jpg"",""region_id"":""83115984ebe0756e77cdd7f7""},{""role"":""bagian kecil"",""parent_id"":""fd5ce79f1dcba809"",""path"":""1_Electronic/Washing_Machine_79.jpg"",""region_id"":""b582f586fb6ef7e16501ab00""},{""role"":""bagian besar"",""parent_id"":""e274a7a352e8bdbd"",""path"":""1_Electronic/Washing_Machine_181.jpg"",""region_id"":""58b28f7b8400fb21fcd0f73f""},{""role"":""variasi posisi"",""parent_id"":""657f61e2dd726834"",""path"":""1_Electronic/Washing_Machine_164.jpg"",""region_id"":""3fb83e5694857e9af50b9288""},{""role"":""batas afinitas"",""parent_id"":""8a8dff3f9721ccf5"",""path"":""1_Electronic/Printer_192.jpg"",""region_id"":""a4afc0c7eebda2944fa7aa56""},{""role"":""anggota tambahan"",""parent_id"":""abe359cf3ba4ac5b"",""path"":""1_Electronic/Washing_Machine_288.jpg"",""region_id"":""4955b8c939867657e85729cf""}]",4,2,2,4,4,1,washing_machine,Panel dan bagian atas mesin cuci konsisten walau model berbeda.,retained,,13,22,76.25,agent_evaluated_offline_from_original_photo_context_and_exact_region_crop,discovery_hypothesis_not_component_identity_or_hidden_content,29
1,F0001,permukaan layar gelap perangkat genggam,recurring_part|cross_context_bridge,314,203,broad_recurrence,2,0.04484961415137062,0.9950738916256158,"{""Ponsel"":202,""Tetikus"":1}",3,"{""nama_sumber_tidak_terstruktur"":116,""ponsel"":86,""monitor_layar"":1}",0.9012738853503185,0.7714285714285715,0.7948717948717948,0.7948717948717948,0.4759036144578313,"{""dino_r0.5_s11"":0.7201834862385321,""dino_r0.5_s23"":0.6993318485523385,""dino_r0.5_s37"":0.7201834862385321,""dino_r1_s11"":0.7948717948717948,""dino_r1_s23"":0.7948717948717948,""dino_r1_s37"":0.7948717948717948,""dino_r1.5_s11"":0.6374622356495468,""dino_r1.5_s23"":0.4759036144578313,""dino_r1.5_s37"":0.6374622356495468,""reweighted_r0.5_s11"":0.9154518950437318,""reweighted_r0.5_s23"":0.8770949720670391,""reweighted_r0.5_s37"":0.8770949720670391,""reweighted_r1_s23"":0.9012738853503185,""reweighted_r1_s37"":0.9012738853503185,""reweighted_r1.5_s11"":0.8757961783439491,""reweighted_r1.5_s23"":0.7802547770700637,""reweighted_r1.5_s37"":0.7714285714285715}",0.7141189575195312,0.5426559448242188,0.1456498056650161,0.5026877867983112,6,"[{""role"":""medoid"",""parent_id"":""5f456f3922676beb"",""path"":""1_Electronic/Mobile_230.jpg"",""region_id"":""5eaceb140308cce7af0394ae""},{""role"":""bagian kecil"",""parent_id"":""73aa025199d88f3d"",""path"":""1_Electronic/IMG-20200328-WA0032.jpg"",""region_id"":""d57cd097173a2237ca13ae8a""},{""role"":""bagian besar"",""parent_id"":""6e466ca474e7b857"",""path"":""1_Electronic/Mobile_91.jpg"",""region_id"":""2d5c6310f4217ef442ce1b44""},{""role"":""variasi posisi"",""parent_id"":""ddfd3e71a2e913e3"",""path"":""1_Electronic/IMG-20200328-WA0048(1).jpg"",""region_id"":""00ee51a9157f5989e5e85d1f""},{""role"":""batas afinitas"",""parent_id"":""1b6dd85f7487ce25"",""path"":""1_Electronic/brokenp.jpg"",""region_id"":""98e0458a5bc6205c281ff522""},{""role"":""anggota tambahan"",""parent_id"":""ee7d4b62678be5a2"",""path"":""1_Electronic/Mobile_186.jpg"",""region_id"":""c922a8ac5a73ecba7030d3a3""}]",4,3,2,4,3,1,screen_condition,Layar gelap ponsel konsisten; retak pada sebagian contoh bukan ciri utama keluarga.,retained,,34,169,76.25,agent_evaluated_offline_from_original_photo_context_and_exact_region_crop,discovery_hypothesis_not_component_identity_or_hidden_content,29
24,F0024,pintu atau rongga microwave,recurring_part|common_category_pattern,90,75,broad_recurrence,1,0.0,1.0,"{""Microwave"":75}",1,"{""microwave"":75}",0.8411214953271028,0.6976744186046512,0.9444444444444444,0.9444444444444444,0.40540540540540543,"{""dino_r0.5_s11"":0.40540540540540543,""dino_r0.5_s23"":0.40540540540540543,""dino_r0.5_s37"":0.40540540540540543,""dino_r1_s11"":0.9444444444444444,""dino_r1_s23"":0.9444444444444444,""dino_r1_s37"":0.9444444444444444,""dino_r1.5_s11"":0.9444444444444444,""dino_r1.5_s23"":0.9444444444444444,""dino_r1.5_s37"":0.9444444444444444,""reweighted_r0.5_s11"":0.6976744186046512,""reweighted_r0.5_s23"":0.6976744186046512,""reweighted_r0.5_s37"":0.8411214953271028,""reweighted_r1_s23"":0.8411214953271028,""reweighted_r1_s37"":0.8411214953271028,""reweighted_r1.5_s11"":1.0,""reweighted_r1.5_s23"":1.0,""reweighted_r1.5_s37"":1.0}",0.7685749530792236,0.6181305646896362,0.1186654269695282,0.2797083836372873,6,"[{""role"":""medoid"",""parent_id"":""6573b22083172fbb"",""path"":""1_Electronic/Microwave_42.jpg"",""region_id"":""22f0d95bbecfa2921e8f29f6""},{""role"":""bagian kecil"",""parent_id"":""6dc16ac75c7bec10"",""path"":""1_Electronic/Microwave_57.jpg"",""region_id"":""e41ca0ff550ac93f08f092ff""},{""role"":""bagian besar"",""parent_id"":""583d9e156517f031"",""path"":""1_Electronic/Microwave_203.jpg"",""region_id"":""a9b252eb189fe4af3cced527""},{""role"":""variasi posisi"",""parent_id"":""beb45c179fd94683"",""path"":""1_Electronic/Microwave_130.jpg"",""region_id"":""fc9adb3c8a81ad80e160fdae""},{""role"":""batas afinitas"",""parent_id"":""270cbf2c3b30f098"",""path"":""1_Electronic/Microwave_187.jpg"",""region_id"":""0ab5c1b10133090dd2a8030d""},{""role"":""anggota tambahan"",""parent_id"":""7bd3a0862f88c12c"",""path"":""1_Electronic/Microwave_150.jpg"",""region_id"":""7d044d8ee9b4f82105621a25""}]",4,1,2,4,4,0,microwave,Pintu jendela dan rongga depan microwave konsisten.,retained,,21,54,75.50000000000001,agent_evaluated_offline_from_original_photo_context_and_exact_region_crop,discovery_hypothesis_not_component_identity_or_hidden_content,33
20,F0020,panel kontrol microwave,recurring_part|common_category_pattern,100,71,broad_recurrence,1,0.0,1.0,"{""Microwave"":71}",1,"{""microwave"":71}",0.9345794392523364,0.92,0.6993006993006993,0.7874015748031497,0.45045045045045046,"{""dino_r0.5_s11"":0.45045045045045046,""dino_r0.5_s23"":0.45045045045045046,""dino_r0.5_s37"":0.45045045045045046,""dino_r1_s11"":0.6993006993006993,""dino_r1_s23"":0.6993006993006993,""dino_r1_s37"":0.6993006993006993,""dino_r1.5_s11"":0.7874015748031497,""dino_r1.5_s23"":0.7874015748031497,""dino_r1.5_s37"":0.7874015748031497,""reweighted_r0.5_s11"":0.9345794392523364,""reweighted_r0.5_s23"":0.9345794392523364,""reweighted_r0.5_s37"":0.9345794392523364,""reweighted_r1_s23"":0.9345794392523364,""reweighted_r1_s37"":0.9345794392523364,""reweighted_r1.5_s11"":0.92,""reweighted_r1.5_s23"":0.92,""reweighted_r1.5_s37"":0.92}",0.7916387319564819,0.6202803254127502,0.1539828181266784,0.1689796221864613,6,"[{""role"":""medoid"",""parent_id"":""80371c4533dbfb5b"",""path"":""1_Electronic/Microwave_68.jpg"",""region_id"":""8191eb5f702b91e82b23d752""},{""role"":""bagian kecil"",""parent_id"":""912635caab89bf93"",""path"":""1_Electronic/Microwave_190.jpg"",""region_id"":""01e6f85f404639e478da4ffa""},{""role"":""bagian besar"",""parent_id"":""583d9e156517f031"",""path"":""1_Electronic/Microwave_203.jpg"",""region_id"":""fd093158a107fcbb6f88584c""},{""role"":""variasi posisi"",""parent_id"":""f238f3fafcc04081"",""path"":""1_Electronic/Microwave_208.jpg"",""region_id"":""d152bf2648ac897bf1178a15""},{""role"":""batas afinitas"",""parent_id"":""61d3ab724c3c2f46"",""path"":""1_Electronic/Microwave_294.jpg"",""region_id"":""ce124d115e7569fd59cc866f""},{""role"":""anggota tambahan"",""parent_id"":""9758a8b875ef5ac6"",""path"":""1_Electronic/Microwave_84.jpg"",""region_id"":""2ba2c300e35aba6a8621ee91""}]",4,1,2,4,4,0,microwave,Tombol kenop dan panel kontrol microwave konsisten.,retained,,7,64,75.50000000000001,agent_evaluated_offline_from_original_photo_context_and_exact_region_crop,discovery_hypothesis_not_component_identity_or_hidden_content,33
44,F0044,tutup dan area pemutar rekaman,recurring_part|common_category_pattern,39,36,moderate_recurrence,6,0.5938836184489403,0.6944444444444444,"{""Tumpukan dan rakitan campuran"":4,""Ponsel"":1,""Tetikus"":2,""Pencetak"":3,""Pemutar media dan radio"":25,""Baterai perangkat portabel"":1}",7,"{""audio_pemutar"":25,""pencetak"":3,""tetikus"":2,""laptop"":2,""nama_sumber_tidak_terstruktur"":2,""ponsel"":1,""baterai"":1}",0.9512195121951219,0.1349206349206349,0.22695035460992907,0.6122448979591837,0.08648648648648649,"{""dino_r0.5_s11"":0.10526315789473684,""dino_r0.5_s23"":0.375,""dino_r0.5_s37"":0.08648648648648649,""dino_r1_s11"":0.22695035460992907,""dino_r1_s23"":0.6122448979591837,""dino_r1_s37"":0.22695035460992907,""dino_r1.5_s11"":0.6122448979591837,""dino_r1.5_s23"":0.6122448979591837,""dino_r1.5_s37"":0.6122448979591837,""reweighted_r0.5_s11"":0.1349206349206349,""reweighted_r0.5_s23"":0.1349206349206349,""reweighted_r0.5_s37"":0.1349206349206349,""reweighted_r1_s23"":0.9512195121951219,""reweighted_r1_s37"":0.9512195121951219,""reweighted_r1.5_s11"":0.8717948717948718,""reweighted_r1.5_s23"":0.723404255319149,""reweighted_r1.5_s37"":0.8717948717948718}",0.4521913230419159,0.3757211565971374,0.0513514354825019,0.6594612044223309,6,"[{""role"":""medoid"",""parent_id"":""551073f64f1a39b6"",""path"":""1_Electronic/Player_144.jpg"",""region_id"":""1293314f251ba01f2fb78f82""},{""role"":""bagian kecil"",""parent_id"":""aecc32bc9cd78f82"",""path"":""1_Electronic/17.broken-laptop.jpg"",""region_id"":""6e230a309122c7d82c7e093c""},{""role"":""variasi posisi"",""parent_id"":""0eb338b5819aab56"",""path"":""1_Electronic/Player_129.jpg"",""region_id"":""df9aed1b539a12a592ed8639""},{""role"":""batas afinitas"",""parent_id"":""60dd7809c5dfe3f6"",""path"":""1_Electronic/battery_128.jpg"",""region_id"":""765b3f2aa93182aa15567030""},{""role"":""anggota tambahan"",""parent_id"":""73fbd2d49b7795a8"",""path"":""1_Electronic/Player_298.jpg"",""region_id"":""8ddfa3c30b567c10cd5d3b44""},{""role"":""anggota tambahan"",""parent_id"":""422202b6a1a097bd"",""path"":""1_Electronic/Player_143.jpg"",""region_id"":""cf0afd6f2cf985fa1c93c755""}]",4,2,3,4,3,1,audio,Tutup piringan dan area pemutar rekaman konsisten.,retained,,12,23,75.5,agent_evaluated_offline_from_original_photo_context_and_exact_region_crop,discovery_hypothesis_not_component_identity_or_hidden_content,35
108,F0108,artefak atau gangguan tampilan,visible_condition|unusual_substructure,2,2,rare_two_to_four_parent_hypothesis,1,0.0,1.0,"{""Layar dan televisi"":2}",2,"{""televisi"":1,""laptop"":1}",1.0,1.0,1.0,1.0,1.0,"{""dino_r0.5_s11"":1.0,""dino_r0.5_s23"":1.0,""dino_r0.5_s37"":1.0,""dino_r1_s11"":1.0,""dino_r1_s23"":1.0,""dino_r1_s37"":1.0,""dino_r1.5_s11"":1.0,""dino_r1.5_s23"":1.0,""dino_r1.5_s37"":1.0,""reweighted_r0.5_s11"":1.0,""reweighted_r0.5_s23"":1.0,""reweighted_r0.5_s37"":1.0,""reweighted_r1_s23"":1.0,""reweighted_r1_s37"":1.0,""reweighted_r1.5_s11"":1.0,""reweighted_r1.5_s23"":1.0,""reweighted_r1.5_s37"":1.0}",0.7327720522880554,0.7755298018455505,-0.0427577495574951,0.9999999999999998,2,"[{""role"":""medoid"",""parent_id"":""214cd5343666fbe7"",""path"":""1_Electronic/Television_7.jpg"",""region_id"":""79bc1765b445ddfe8a0f064b""},{""role"":""bagian kecil"",""parent_id"":""633b5a9b0560311e"",""path"":""1_Electronic/7.vga-laptop-artefak.jpg"",""region_id"":""febf519cf677c8ed840c42e6""}]",3,2,4,3,4,2,screen_condition,Dua layar menunjukkan noise atau glitch; kandidat kondisi langka yang perlu konfirmasi.,not_retained_low_support,support_below_20_unique_parents,0,0,74.75,agent_evaluated_offline_from_original_photo_context_and_exact_region_crop,discovery_hypothesis_not_component_identity_or_hidden_content,36
23,F0023,dek masukan laptop,recurring_part|common_category_pattern,94,66,moderate_recurrence,3,0.7678218070615649,0.5151515151515151,"{""Tumpukan dan rakitan campuran"":29,""Papan ketik"":3,""Laptop"":34}",4,"{""nama_sumber_tidak_terstruktur"":49,""laptop"":12,""papan_ketik"":4,""monitor_layar"":1}",1.0,0.5,0.44680851063829785,0.44680851063829785,0.40540540540540543,"{""dino_r0.5_s11"":0.40540540540540543,""dino_r0.5_s23"":0.40540540540540543,""dino_r0.5_s37"":0.4368932038834951,""dino_r1_s11"":0.44680851063829785,""dino_r1_s23"":0.44680851063829785,""dino_r1_s37"":0.44680851063829785,""dino_r1.5_s11"":0.44680851063829785,""dino_r1.5_s23"":0.44680851063829785,""dino_r1.5_s37"":0.44680851063829785,""reweighted_r0.5_s11"":0.5,""reweighted_r0.5_s23"":0.5,""reweighted_r0.5_s37"":0.5,""reweighted_r1_s23"":1.0,""reweighted_r1_s37"":1.0,""reweighted_r1.5_s11"":0.5,""reweighted_r1.5_s23"":0.5,""reweighted_r1.5_s37"":0.5}",0.5785784125328064,0.5916194915771484,-0.014718560501933,0.6240817688699675,6,"[{""role"":""medoid"",""parent_id"":""7bbcde5a9d88f08f"",""path"":""1_Electronic/501.jpeg"",""region_id"":""23e0e58bdb236e38c4bcee71""},{""role"":""bagian kecil"",""parent_id"":""bbcc60ec1a6b8729"",""path"":""1_Electronic/IMG_20200328_131236.jpg"",""region_id"":""088a4e37a5badd10e8effe81""},{""role"":""bagian besar"",""parent_id"":""9563a32efa176632"",""path"":""1_Electronic/173.jpg"",""region_id"":""2bb336a2fe5b99af04b8b408""},{""role"":""variasi posisi"",""parent_id"":""fc4d918dcbfbe6fd"",""path"":""1_Electronic/17.stock-photo-a-broken-old-computer-laptop-and-notebook-crash-concept-laptop-disassembling-in-repair-shop-1533004190.jpg"",""region_id"":""d5bb427e8ef1cbd719789dea""},{""role"":""batas afinitas"",""parent_id"":""a9f976febdd3060f"",""path"":""1_Electronic/72.how-to-safely-retrieve-files-from-a-damaged-laptop-data-recovery-101.jpg"",""region_id"":""83e8c403aafa194d6d32fc5b""},{""role"":""anggota tambahan"",""parent_id"":""2bb337f14f32bb81"",""path"":""1_Electronic/14.old-dusty-vintage-computer-laptop-notebook-in-isolated-white-2A6X2JP.jpg"",""region_id"":""0622c808f04fe9e4458624fa""}]",4,2,2,4,4,0,key_matrix|screen_condition,Keyboard touchpad dan palm rest laptop konsisten.,retained,,6,40,74.75,agent_evaluated_offline_from_original_photo_context_and_exact_region_crop,discovery_hypothesis_not_component_identity_or_hidden_content,36
45,F0045,bingkai pintu mesin cuci,recurring_part|common_category_pattern,39,31,moderate_recurrence,1,0.0,1.0,"{""Mesin cuci"":31}",1,"{""mesin_cuci"":31}",1.0,0.325,0.3482142857142857,0.3482142857142857,0.20855614973262032,"{""dino_r0.5_s11"":0.20855614973262032,""dino_r0.5_s23"":0.23493975903614459,""dino_r0.5_s37"":0.23493975903614459,""dino_r1_s11"":0.3482142857142857,""dino_r1_s23"":0.3482142857142857,""dino_r1_s37"":0.3482142857142857,""dino_r1.5_s11"":1.0,""dino_r1.5_s23"":1.0,""dino_r1.5_s37"":1.0,""reweighted_r0.5_s11"":0.325,""reweighted_r0.5_s23"":0.325,""reweighted_r0.5_s37"":0.325,""reweighted_r1_s23"":1.0,""reweighted_r1_s37"":1.0,""reweighted_r1.5_s11"":1.0,""reweighted_r1.5_s23"":1.0,""reweighted_r1.5_s37"":1.0}",0.9093982577323914,0.6175003051757812,0.2798182368278503,0.6580089968946874,6,"[{""role"":""medoid"",""parent_id"":""8c2c38bd2a4e2f9d"",""path"":""1_Electronic/Washing_Machine_25.jpg"",""region_id"":""334792affabce83280cc0b95""},{""role"":""bagian kecil"",""parent_id"":""f5eccee3a30d75f4"",""path"":""1_Electronic/Washing_Machine_66.jpg"",""region_id"":""82c2b18c9988f48724e9d14d""},{""role"":""bagian besar"",""parent_id"":""fc2d6319522b57aa"",""path"":""1_Electronic/Washing_Machine_90.jpg"",""region_id"":""6a214e0f795c1c6e1f1bc1f7""},{""role"":""variasi posisi"",""parent_id"":""6d08e6a1c926f0a3"",""path"":""1_Electronic/Washing_Machine_18.jpg"",""region_id"":""675a9ea02445aa819295ff56""},{""role"":""batas afinitas"",""parent_id"":""cefb980f7e3b0305"",""path"":""1_Electronic/Washing_Machine_91.jpg"",""region_id"":""e8d4aa70b837687361b16206""},{""role"":""anggota tambahan"",""parent_id"":""33699f980708b960"",""path"":""1_Electronic/Washing_Machine_297.jpg"",""region_id"":""ff3054b45bfa3f69b0a56f37""}]",4,2,2,4,4,0,washing_machine,Bingkai dan bukaan pintu mesin cuci konsisten.,retained,,10,18,74.75,agent_evaluated_offline_from_original_photo_context_and_exact_region_crop,discovery_hypothesis_not_component_identity_or_hidden_content,36
16,F0016,muka layar tabung,recurring_part|common_category_pattern,126,91,broad_recurrence,3,0.544392654012502,0.7802197802197802,"{""Tumpukan dan rakitan campuran"":18,""Layar dan televisi"":71,""Monitor dalam konteks meja"":2}",5,"{""televisi"":74,""nama_sumber_tidak_terstruktur"":14,""audio_pemutar"":1,""microwave"":1,""monitor_layar"":1}",1.0,0.5316455696202531,0.7058823529411765,0.7058823529411765,0.35036496350364965,"{""dino_r0.5_s11"":0.7058823529411765,""dino_r0.5_s23"":0.35036496350364965,""dino_r0.5_s37"":0.35687732342007433,""dino_r1_s11"":0.7058823529411765,""dino_r1_s23"":0.7058823529411765,""dino_r1_s37"":0.7058823529411765,""dino_r1.5_s11"":0.7058823529411765,""dino_r1.5_s23"":0.7058823529411765,""dino_r1.5_s37"":0.7058823529411765,""reweighted_r0.5_s11"":0.9473684210526315,""reweighted_r0.5_s23"":0.9921259842519685,""reweighted_r0.5_s37"":0.5316455696202531,""reweighted_r1_s23"":1.0,""reweighted_r1_s37"":1.0,""reweighted_r1.5_s11"":0.9761904761904762,""reweighted_r1.5_s23"":0.9761904761904762,""reweighted_r1.5_s37"":0.9761904761904762}",0.5782700777053833,0.5855140089988708,-0.0355207882821559,0.7939780342270497,6,"[{""role"":""medoid"",""parent_id"":""d37b1ba0cf1bdc80"",""path"":""1_Electronic/Television_67.jpg"",""region_id"":""76e3e7d7cee7a70167347d44""},{""role"":""bagian kecil"",""parent_id"":""9d2c09be22bcffe6"",""path"":""1_Electronic/77.an-old-tv-shattered-by-a-bullet-hole-in-a-garbage-pile-behind-a-wrecked-abandoned-house-wonder-valley-california-usa-high-desert-mojave-MN9P1X.jpg"",""region_id"":""07fa4baefca6e52fd3eeab5e""},{""role"":""bagian besar"",""parent_id"":""1c51a03d0eee680d"",""path"":""1_Electronic/Television_79.jpg"",""region_id"":""13771c9a5d2d696d519e8ad1""},{""role"":""variasi posisi"",""parent_id"":""ae20f9230e34f552"",""path"":""1_Electronic/Television_263.jpg"",""region_id"":""1acb4a3b3810838f0f911122""},{""role"":""batas afinitas"",""parent_id"":""bb3f63650beddc1e"",""path"":""1_Electronic/8.globalewaste.jpg"",""region_id"":""866974e2974b1f97e464422a""},{""role"":""anggota tambahan"",""parent_id"":""9ebd8745251eaaaf"",""path"":""1_Electronic/Television_73.jpg"",""region_id"":""3782a4e37cfcc282f981410f""}]",4,2,2,4,3,0,screen_condition|mounted_detached,Permukaan dan kontrol muka CRT konsisten di unit tunggal dan tumpukan.,retained,,23,68,73.75,agent_evaluated_offline_from_original_photo_context_and_exact_region_crop,discovery_hypothesis_not_component_identity_or_hidden_content,39
60,F0060,tepi pintu atau rongga microwave,recurring_part|unusual_substructure,7,6,limited_recurrence,1,0.0,1.0,"{""Microwave"":6}",1,"{""microwave"":6}",1.0,1.0,1.0,1.0,1.0,"{""dino_r0.5_s11"":1.0,""dino_r0.5_s23"":1.0,""dino_r0.5_s37"":1.0,""dino_r1_s11"":1.0,""dino_r1_s23"":1.0,""dino_r1_s37"":1.0,""dino_r1.5_s11"":1.0,""dino_r1.5_s23"":1.0,""dino_r1.5_s37"":1.0,""reweighted_r0.5_s11"":1.0,""reweighted_r0.5_s23"":1.0,""reweighted_r0.5_s37"":1.0,""reweighted_r1_s23"":1.0,""reweighted_r1_s37"":1.0,""reweighted_r1.5_s11"":1.0,""reweighted_r1.5_s23"":1.0,""reweighted_r1.5_s37"":1.0}",0.7862364053726196,0.5697292685508728,0.1545672118663787,0.9234918679678616,6,"[{""role"":""medoid"",""parent_id"":""73e40bc332e5f7ad"",""path"":""1_Electronic/Microwave_289.jpg"",""region_id"":""bbafc6b7643cb54acdff04e9""},{""role"":""bagian kecil"",""parent_id"":""2e35b881d03f0b99"",""path"":""1_Electronic/Microwave_9.jpg"",""region_id"":""650557e0c7e6bbf3f110899e""},{""role"":""bagian besar"",""parent_id"":""84bd82c4b80fd1ad"",""path"":""1_Electronic/Microwave_139.jpg"",""region_id"":""a6ad93811f3cf7faa291b1e1""},{""role"":""anggota tambahan"",""parent_id"":""ed731b4eab5f9f91"",""path"":""1_Electronic/Microwave_274.jpg"",""region_id"":""de5bf69e2664cb4f9802cf1f""},{""role"":""anggota tambahan"",""parent_id"":""bbfe30476ad7a44f"",""path"":""1_Electronic/Microwave_37.jpg"",""region_id"":""c18f8a597150a0107f0e2d00""},{""role"":""anggota tambahan"",""parent_id"":""77a92a98b8218451"",""path"":""1_Electronic/Microwave_94.jpg"",""region_id"":""24464569b0049a73fad6bd28""}]",4,1,3,4,3,1,microwave,Tepi rongga dan pintu microwave konsisten pada enam foto.,not_retained_low_support,support_below_20_unique_parents,0,0,72.75000000000001,agent_evaluated_offline_from_original_photo_context_and_exact_region_crop,discovery_hypothesis_not_component_identity_or_hidden_content,40
69,F0069,strip samping papan ketik,recurring_part|unusual_substructure,4,4,rare_two_to_four_parent_hypothesis,1,0.0,1.0,"{""Monitor dalam konteks meja"":4}",2,"{""papan_ketik"":2,""nama_sumber_tidak_terstruktur"":2}",1.0,1.0,1.0,1.0,1.0,"{""dino_r0.5_s11"":1.0,""dino_r0.5_s23"":1.0,""dino_r0.5_s37"":1.0,""dino_r1_s11"":1.0,""dino_r1_s23"":1.0,""dino_r1_s37"":1.0,""dino_r1.5_s11"":1.0,""dino_r1.5_s23"":1.0,""dino_r1.5_s37"":1.0,""reweighted_r0.5_s11"":1.0,""reweighted_r0.5_s23"":1.0,""reweighted_r0.5_s37"":1.0,""reweighted_r1_s23"":1.0,""reweighted_r1_s37"":1.0,""reweighted_r1.5_s11"":1.0,""reweighted_r1.5_s23"":1.0,""reweighted_r1.5_s37"":1.0}",0.8551412224769592,0.6336071491241455,0.2027040719985962,0.970221118226646,4,"[{""role"":""medoid"",""parent_id"":""c9ae29a489b9205f"",""path"":""1_Electronic/Keyboard_64.jpg"",""region_id"":""19b728ea2b07ee1d5214242c""},{""role"":""bagian kecil"",""parent_id"":""52b259fd8584a336"",""path"":""1_Electronic/Keyboard_18.jpg"",""region_id"":""d1e39a713e484cbc9e864338""},{""role"":""variasi posisi"",""parent_id"":""116c6eb679532fe3"",""path"":""1_Electronic/IMG-20200329-WA0076.jpg"",""region_id"":""5a93fa4ba681b657a6b8c659""},{""role"":""anggota tambahan"",""parent_id"":""98baebd843db97bf"",""path"":""1_Electronic/33.jpeg"",""region_id"":""90b6c8026c6322bff6bfcfd2""}]",4,1,3,4,3,1,key_matrix,Tepi vertikal dan deret tombol konsisten pada empat foto.,not_retained_low_support,support_below_20_unique_parents,0,0,72.75000000000001,agent_evaluated_offline_from_original_photo_context_and_exact_region_crop,discovery_hypothesis_not_component_identity_or_hidden_content,40
98,F0098,permukaan lengkung tetikus,recurring_part|unusual_substructure,2,2,rare_two_to_four_parent_hypothesis,1,0.0,1.0,"{""Tetikus"":2}",1,"{""tetikus"":2}",1.0,1.0,1.0,1.0,1.0,"{""dino_r0.5_s11"":1.0,""dino_r0.5_s23"":1.0,""dino_r0.5_s37"":1.0,""dino_r1_s11"":1.0,""dino_r1_s23"":1.0,""dino_r1_s37"":1.0,""dino_r1.5_s11"":1.0,""dino_r1.5_s23"":1.0,""dino_r1.5_s37"":1.0,""reweighted_r0.5_s11"":1.0,""reweighted_r0.5_s23"":1.0,""reweighted_r0.5_s37"":1.0,""reweighted_r1_s23"":1.0,""reweighted_r1_s37"":1.0,""reweighted_r1.5_s11"":1.0,""reweighted_r1.5_s23"":1.0,""reweighted_r1.5_s37"":1.0}",0.855485200881958,0.7808082103729248,0.0746769607067108,1.0,2,"[{""role"":""medoid"",""parent_id"":""964eca2ca131c35e"",""path"":""1_Electronic/Mouse_244.jpg"",""region_id"":""538be0eb3c23e3d58a4260da""},{""role"":""bagian besar"",""parent_id"":""3ab94f02197ceb48"",""path"":""1_Electronic/Mouse_231.jpg"",""region_id"":""0c1eedb19e19fb11038878b5""}]",4,1,3,4,3,1,mouse,Dua cangkang tetikus menunjukkan permukaan lengkung serupa.,not_retained_low_support,support_below_20_unique_parents,0,0,72.75000000000001,agent_evaluated_offline_from_original_photo_context_and_exact_region_crop,discovery_hypothesis_not_component_identity_or_hidden_content,40
101,F0101,tombol bundar tetikus,recurring_part|unusual_substructure,2,2,rare_two_to_four_parent_hypothesis,1,0.0,1.0,"{""Tetikus"":2}",1,"{""tetikus"":2}",1.0,1.0,1.0,1.0,1.0,"{""dino_r0.5_s11"":1.0,""dino_r0.5_s23"":1.0,""dino_r0.5_s37"":1.0,""dino_r1_s11"":1.0,""dino_r1_s23"":1.0,""dino_r1_s37"":1.0,""dino_r1.5_s11"":1.0,""dino_r1.5_s23"":1.0,""dino_r1.5_s37"":1.0,""reweighted_r0.5_s11"":1.0,""reweighted_r0.5_s23"":1.0,""reweighted_r0.5_s37"":1.0,""reweighted_r1_s23"":1.0,""reweighted_r1_s37"":1.0,""reweighted_r1.5_s11"":1.0,""reweighted_r1.5_s23"":1.0,""reweighted_r1.5_s37"":1.0}",0.8776910305023193,0.9184541702270508,-0.040763109922409,1.0,2,"[{""role"":""medoid"",""parent_id"":""a7d2052ac9faf7eb"",""path"":""1_Electronic/Mouse_37.jpg"",""region_id"":""57c070637710f3e3773a9970""},{""role"":""bagian besar"",""parent_id"":""1beb2c17137290f0"",""path"":""1_Electronic/Mouse_92.jpg"",""region_id"":""0d29e43a737c1e804f0ace21""}]",4,1,3,4,3,1,mouse,Kontrol bundar pada dua tetikus koheren.,not_retained_low_support,support_below_20_unique_parents,0,0,72.75000000000001,agent_evaluated_offline_from_original_photo_context_and_exact_region_crop,discovery_hypothesis_not_component_identity_or_hidden_content,40
117,F0117,slot atau tepi depan laptop,recurring_part|unusual_substructure,2,2,rare_two_to_four_parent_hypothesis,2,1.0,0.5,"{""Tumpukan dan rakitan campuran"":1,""Laptop"":1}",2,"{""nama_sumber_tidak_terstruktur"":1,""laptop"":1}",1.0,1.0,1.0,1.0,1.0,"{""dino_r0.5_s11"":1.0,""dino_r0.5_s23"":1.0,""dino_r0.5_s37"":1.0,""dino_r1_s11"":1.0,""dino_r1_s23"":1.0,""dino_r1_s37"":1.0,""dino_r1.5_s11"":1.0,""dino_r1.5_s23"":1.0,""dino_r1.5_s37"":1.0,""reweighted_r0.5_s11"":1.0,""reweighted_r0.5_s23"":1.0,""reweighted_r0.5_s37"":1.0,""reweighted_r1_s23"":1.0,""reweighted_r1_s37"":1.0,""reweighted_r1.5_s11"":1.0,""reweighted_r1.5_s23"":1.0,""reweighted_r1.5_s37"":1.0}",0.8824846744537354,0.8999662399291992,-0.0174815654754638,1.0,2,"[{""role"":""medoid"",""parent_id"":""921b0c243380c620"",""path"":""1_Electronic/175.jpg"",""region_id"":""654ef3786a40e7a8d6d9253d""},{""role"":""bagian kecil"",""parent_id"":""2a976c8c7fdddc1a"",""path"":""1_Electronic/63.layar-laptop-rusak-papan-ketik-rusak-perlu-diperbaiki_632498-49114.jpg"",""region_id"":""ee8101b0f499c96b65f6aff9""}]",4,1,3,4,3,1,laptop,Dua laptop menunjukkan slot atau tepi depan yang sama.,not_retained_low_support,support_below_20_unique_parents,0,0,72.75000000000001,agent_evaluated_offline_from_original_photo_context_and_exact_region_crop,discovery_hypothesis_not_component_identity_or_hidden_content,40
125,F0125,matriks tombol gelap,recurring_part|unusual_substructure,2,2,rare_two_to_four_parent_hypothesis,2,1.0,0.5,"{""Papan ketik"":1,""Monitor dalam konteks meja"":1}",1,"{""papan_ketik"":2}",1.0,1.0,1.0,1.0,1.0,"{""dino_r0.5_s11"":1.0,""dino_r0.5_s23"":1.0,""dino_r0.5_s37"":1.0,""dino_r1_s11"":1.0,""dino_r1_s23"":1.0,""dino_r1_s37"":1.0,""dino_r1.5_s11"":1.0,""dino_r1.5_s23"":1.0,""dino_r1.5_s37"":1.0,""reweighted_r0.5_s11"":1.0,""reweighted_r0.5_s23"":1.0,""reweighted_r0.5_s37"":1.0,""reweighted_r1_s23"":1.0,""reweighted_r1_s37"":1.0,""reweighted_r1.5_s11"":1.0,""reweighted_r1.5_s23"":1.0,""reweighted_r1.5_s37"":1.0}",0.8338522911071777,0.812775731086731,0.0210765898227691,1.0,2,"[{""role"":""medoid"",""parent_id"":""1cd5817ea3892e09"",""path"":""1_Electronic/Keyboard_38.jpg"",""region_id"":""8884333e5d6b1f8989e8372b""},{""role"":""bagian kecil"",""parent_id"":""d992ebad83f784cf"",""path"":""1_Electronic/Keyboard_129.jpg"",""region_id"":""8613e3b9d2debbb6d9055d0e""}]",4,1,3,4,3,1,key_matrix,Dua kisi tombol gelap koheren.,not_retained_low_support,support_below_20_unique_parents,0,0,72.75000000000001,agent_evaluated_offline_from_original_photo_context_and_exact_region_crop,discovery_hypothesis_not_component_identity_or_hidden_content,40
51,F0051,saklar dan soket dinding,recurring_part|unusual_substructure,25,16,limited_recurrence,1,0.0,1.0,"{""Stopkontak dan sakelar"":16}",1,"{""nama_sumber_tidak_terstruktur"":16}",1.0,0.17482517482517482,1.0,1.0,0.17482517482517482,"{""dino_r0.5_s11"":1.0,""dino_r0.5_s23"":1.0,""dino_r0.5_s37"":1.0,""dino_r1_s11"":1.0,""dino_r1_s23"":1.0,""dino_r1_s37"":1.0,""dino_r1.5_s11"":1.0,""dino_r1.5_s23"":1.0,""dino_r1.5_s37"":1.0,""reweighted_r0.5_s11"":0.176056338028169,""reweighted_r0.5_s23"":0.176056338028169,""reweighted_r0.5_s37"":0.17482517482517482,""reweighted_r1_s23"":1.0,""reweighted_r1_s37"":1.0,""reweighted_r1.5_s11"":1.0,""reweighted_r1.5_s23"":1.0,""reweighted_r1.5_s37"":1.0}",0.7678810358047485,0.7898037433624268,0.0143157122656703,0.5759436908407262,6,"[{""role"":""medoid"",""parent_id"":""370447fb8c6b19b0"",""path"":""1_Electronic/WhatsApp Image 2020-11-01 at 1.23.23 PM.jpeg"",""region_id"":""4a39ec6b7e2f1f767224e0f2""},{""role"":""bagian kecil"",""parent_id"":""eb0d1318d1125504"",""path"":""1_Electronic/WhatsApp Image 2020-11-01 at 1.26.24 PM.jpeg"",""region_id"":""e88f3bae22b8d896cedb61ff""},{""role"":""bagian besar"",""parent_id"":""7b8425afa1fe2c51"",""path"":""1_Electronic/WhatsApp Image 2020-11-01 at 1.23.05 PM.jpeg"",""region_id"":""1a1d7806813222e8217cef2b""},{""role"":""variasi posisi"",""parent_id"":""28439f2dc02e4550"",""path"":""1_Electronic/WhatsApp Image 2020-11-01 at 1.22.54 PM.jpeg"",""region_id"":""e4408aa6bb92935b87351ecb""},{""role"":""batas afinitas"",""parent_id"":""e7910cfc50fff3fc"",""path"":""1_Electronic/WhatsApp Image 2020-11-01 at 1.15.29 PM.jpeg"",""region_id"":""b682081e2b92b522dfad50f6""},{""role"":""anggota tambahan"",""parent_id"":""784554bb40966636"",""path"":""1_Electronic/WhatsApp Image 2020-11-01 at 1.27.06 PM.jpeg"",""region_id"":""e75427c503e247e53e375816""}]",4,1,3,4,2,0,electrical_installation,Panel saklar dan soket konsisten tetapi berada di pinggir domain e-waste.,not_retained_low_support,support_below_20_unique_parents,0,0,72.0,agent_evaluated_offline_from_original_photo_context_and_exact_region_crop,discovery_hypothesis_not_component_identity_or_hidden_content,46
62,F0062,fragmen matriks tombol kecil,recurring_part|unusual_substructure,5,5,limited_recurrence,1,0.0,1.0,"{""Papan ketik"":5}",1,"{""papan_ketik"":5}",1.0,1.0,1.0,1.0,1.0,"{""dino_r0.5_s11"":1.0,""dino_r0.5_s23"":1.0,""dino_r0.5_s37"":1.0,""dino_r1_s11"":1.0,""dino_r1_s23"":1.0,""dino_r1_s37"":1.0,""dino_r1.5_s11"":1.0,""dino_r1.5_s23"":1.0,""dino_r1.5_s37"":1.0,""reweighted_r0.5_s11"":1.0,""reweighted_r0.5_s23"":1.0,""reweighted_r0.5_s37"":1.0,""reweighted_r1_s23"":1.0,""reweighted_r1_s37"":1.0,""reweighted_r1.5_s11"":1.0,""reweighted_r1.5_s23"":1.0,""reweighted_r1.5_s37"":1.0}",0.7859638333320618,0.6909339427947998,0.1447276175022125,0.8255047626838732,5,"[{""role"":""medoid"",""parent_id"":""39462ea099bd0737"",""path"":""1_Electronic/Keyboard_235.jpg"",""region_id"":""97bc1407cadd708f686c659a""},{""role"":""bagian kecil"",""parent_id"":""ef50716799983918"",""path"":""1_Electronic/Keyboard_96.jpg"",""region_id"":""b2817f7b2c990d651ad4ee24""},{""role"":""bagian besar"",""parent_id"":""6e4ef564eaaa4e93"",""path"":""1_Electronic/Keyboard_55.jpg"",""region_id"":""089a0ff8ea1e3ff51f57aa46""},{""role"":""variasi posisi"",""parent_id"":""5da9b74d46a501ce"",""path"":""1_Electronic/Keyboard_241.jpg"",""region_id"":""2e4d0d19936bd679715ddd93""},{""role"":""anggota tambahan"",""parent_id"":""8de992838d3b49af"",""path"":""1_Electronic/Keyboard_68.jpg"",""region_id"":""dff031ea41281feb5ec87483""}]",4,2,2,4,3,1,key_matrix,Kisi tombol kecil konsisten pada lima papan ketik.,not_retained_low_support,support_below_20_unique_parents,0,0,71.75000000000001,agent_evaluated_offline_from_original_photo_context_and_exact_region_crop,discovery_hypothesis_not_component_identity_or_hidden_content,47
77,F0077,konektor gelap pada papan satu sumber,unusual_substructure|unresolved_pattern,3,3,rare_two_to_four_parent_hypothesis,1,0.0,1.0,"{""Papan rangkaian"":3}",1,"{""papan_rangkaian"":3}",1.0,1.0,1.0,1.0,1.0,"{""dino_r0.5_s11"":1.0,""dino_r0.5_s23"":1.0,""dino_r0.5_s37"":1.0,""dino_r1_s11"":1.0,""dino_r1_s23"":1.0,""dino_r1_s37"":1.0,""dino_r1.5_s11"":1.0,""dino_r1.5_s23"":1.0,""dino_r1.5_s37"":1.0,""reweighted_r0.5_s11"":1.0,""reweighted_r0.5_s23"":1.0,""reweighted_r0.5_s37"":1.0,""reweighted_r1_s23"":1.0,""reweighted_r1_s37"":1.0,""reweighted_r1.5_s11"":1.0,""reweighted_r1.5_s23"":1.0,""reweighted_r1.5_s37"":1.0}",0.9979952573776244,0.9541151523590088,0.0524427108466625,0.9701503462892048,3,"[{""role"":""medoid"",""parent_id"":""26dfe78badf3d531"",""path"":""1_Electronic/pcb_67.jpg"",""region_id"":""62910073136403ee20980f50""},{""role"":""bagian kecil"",""parent_id"":""f1dfcf5864bf1745"",""path"":""1_Electronic/pcb_93.jpg"",""region_id"":""a2a1e1fbc97e47eef5b063da""},{""role"":""bagian besar"",""parent_id"":""d4bde32c10f39fca"",""path"":""1_Electronic/pcb_153.jpg"",""region_id"":""081232a4d43c30ca9b69c498""}]",4,1,4,4,3,3,pcb,Tiga crop menunjukkan konektor papan yang sama atau sangat dekat; risiko duplikasi sumber tinggi.,not_retained_low_support,support_below_20_unique_parents,0,0,70.75,agent_evaluated_offline_from_original_photo_context_and_exact_region_crop,discovery_hypothesis_not_component_identity_or_hidden_content,49
114,F0114,panel status kecil pada peralatan,unusual_substructure|unresolved_pattern,2,2,rare_two_to_four_parent_hypothesis,1,0.0,1.0,"{""Mesin cuci"":2}",1,"{""mesin_cuci"":2}",1.0,1.0,1.0,1.0,1.0,"{""dino_r0.5_s11"":1.0,""dino_r0.5_s23"":1.0,""dino_r0.5_s37"":1.0,""dino_r1_s11"":1.0,""dino_r1_s23"":1.0,""dino_r1_s37"":1.0,""dino_r1.5_s11"":1.0,""dino_r1.5_s23"":1.0,""dino_r1.5_s37"":1.0,""reweighted_r0.5_s11"":1.0,""reweighted_r0.5_s23"":1.0,""reweighted_r0.5_s37"":1.0,""reweighted_r1_s23"":1.0,""reweighted_r1_s37"":1.0,""reweighted_r1.5_s11"":1.0,""reweighted_r1.5_s23"":1.0,""reweighted_r1.5_s37"":1.0}",0.8561638593673706,0.821973443031311,0.0341904163360595,1.0,2,"[{""role"":""medoid"",""parent_id"":""2038dd36bea9563b"",""path"":""1_Electronic/Washing_Machine_147.jpg"",""region_id"":""c504359c876c4c38c220e14a""},{""role"":""bagian kecil"",""parent_id"":""0cf92e67ba51dba5"",""path"":""1_Electronic/Washing_Machine_52.jpg"",""region_id"":""15d9fad7c75efa82ab2e2ec5""}]",3,2,4,3,3,2,appliance,Dua strip status gelap pada peralatan berpotensi bagian tetapi dukungan kecil.,not_retained_low_support,support_below_20_unique_parents,0,0,70.25000000000001,agent_evaluated_offline_from_original_photo_context_and_exact_region_crop,discovery_hypothesis_not_component_identity_or_hidden_content,50
115,F0115,kemasan chip buram pada papan,recurring_part|unusual_substructure,2,2,rare_two_to_four_parent_hypothesis,1,0.0,1.0,"{""Papan rangkaian"":2}",1,"{""papan_rangkaian"":2}",1.0,1.0,1.0,1.0,1.0,"{""dino_r0.5_s11"":1.0,""dino_r0.5_s23"":1.0,""dino_r0.5_s37"":1.0,""dino_r1_s11"":1.0,""dino_r1_s23"":1.0,""dino_r1_s37"":1.0,""dino_r1.5_s11"":1.0,""dino_r1.5_s23"":1.0,""dino_r1.5_s37"":1.0,""reweighted_r0.5_s11"":1.0,""reweighted_r0.5_s23"":1.0,""reweighted_r0.5_s37"":1.0,""reweighted_r1_s23"":1.0,""reweighted_r1_s37"":1.0,""reweighted_r1.5_s11"":1.0,""reweighted_r1.5_s23"":1.0,""reweighted_r1.5_s37"":1.0}",0.8382078409194946,0.6822037696838379,0.1560041010379791,1.0,2,"[{""role"":""medoid"",""parent_id"":""fa4fef6615bcf27a"",""path"":""1_Electronic/pcb_186.jpg"",""region_id"":""274bff2bb2dbc42a258aa96a""},{""role"":""bagian besar"",""parent_id"":""3a955eb349095666"",""path"":""1_Electronic/pcb_259.jpg"",""region_id"":""237faeb3d3e1ccc3530b2e2e""}]",3,2,4,3,3,2,pcb,Dua crop menyerupai chip pada papan tetapi resolusi rendah.,not_retained_low_support,support_below_20_unique_parents,0,0,70.25000000000001,agent_evaluated_offline_from_original_photo_context_and_exact_region_crop,discovery_hypothesis_not_component_identity_or_hidden_content,50
83,F0083,pantulan pada layar monitor,visible_condition|unusual_substructure,3,3,rare_two_to_four_parent_hypothesis,1,0.0,1.0,"{""Monitor dalam konteks meja"":3}",1,"{""nama_sumber_tidak_terstruktur"":3}",1.0,1.0,0.018633540372670808,0.75,0.00804289544235925,"{""dino_r0.5_s11"":0.01107011070110701,""dino_r0.5_s23"":0.00804289544235925,""dino_r0.5_s37"":0.00804289544235925,""dino_r1_s11"":0.018633540372670808,""dino_r1_s23"":0.75,""dino_r1_s37"":0.75,""dino_r1.5_s11"":0.04477611940298507,""dino_r1.5_s23"":0.04411764705882353,""dino_r1.5_s37"":0.75,""reweighted_r0.5_s11"":1.0,""reweighted_r0.5_s23"":1.0,""reweighted_r0.5_s37"":1.0,""reweighted_r1_s23"":1.0,""reweighted_r1_s37"":1.0,""reweighted_r1.5_s11"":1.0,""reweighted_r1.5_s23"":1.0,""reweighted_r1.5_s37"":1.0}",0.6170177459716797,0.6420793533325195,0.0297867264598608,0.9111547017232638,3,"[{""role"":""medoid"",""parent_id"":""cdf53809d6cd92f5"",""path"":""1_Electronic/IMG-20200329-WA0071.jpg"",""region_id"":""9ab1237ca5daece1e484843d""},{""role"":""bagian kecil"",""parent_id"":""278a788f5e319ddc"",""path"":""1_Electronic/IMG-20200329-WA0069.jpg"",""region_id"":""0499f442d8d928c3b7090107""},{""role"":""variasi posisi"",""parent_id"":""ecdd4d35f1471ae0"",""path"":""1_Electronic/612.jpeg"",""region_id"":""00e99ac5633157d74f975ccd""}]",3,2,4,3,3,2,screen_condition,Tiga monitor menunjukkan pantulan atau permukaan mengilap; belum kondisi kerusakan.,not_retained_low_support,support_below_20_unique_parents,0,0,70.25000000000001,agent_evaluated_offline_from_original_photo_context_and_exact_region_crop,discovery_hypothesis_not_component_identity_or_hidden_content,50
56,F0056,CRT dalam tumpukan limbah,common_category_pattern|mounted_detached,13,12,limited_recurrence,2,0.6500224216483541,0.8333333333333334,"{""Tumpukan dan rakitan campuran"":10,""Layar dan televisi"":2}",3,"{""nama_sumber_tidak_terstruktur"":8,""televisi"":2,""monitor_layar"":2}",0.46153846153846156,0.040268456375838924,0.03985507246376811,0.0582010582010582,0.021611001964636542,"{""dino_r0.5_s11"":0.021611001964636542,""dino_r0.5_s23"":0.044715447154471545,""dino_r0.5_s37"":0.04564315352697095,""dino_r1_s11"":0.03985507246376811,""dino_r1_s23"":0.04,""dino_r1_s37"":0.039711191335740074,""dino_r1.5_s11"":0.05913978494623656,""dino_r1.5_s23"":0.0582010582010582,""dino_r1.5_s37"":0.09243697478991597,""reweighted_r0.5_s11"":0.46153846153846156,""reweighted_r0.5_s23"":0.040268456375838924,""reweighted_r0.5_s37"":0.05485232067510549,""reweighted_r1_s23"":0.46153846153846156,""reweighted_r1_s37"":0.46153846153846156,""reweighted_r1.5_s11"":1.0,""reweighted_r1.5_s23"":0.7647058823529411,""reweighted_r1.5_s37"":1.0}",0.5718559622764587,0.582781195640564,-0.0201199129223823,0.8614566740121559,6,"[{""role"":""medoid"",""parent_id"":""175d60cea90d5e87"",""path"":""1_Electronic/18.television-and-radio-scrap-buyers.jpg"",""region_id"":""a4f63f576bc6c7d9cfeb3ef7""},{""role"":""bagian kecil"",""parent_id"":""2f674e402113b4b6"",""path"":""1_Electronic/12.retron-article-april-2025.png"",""region_id"":""f985c512503ec9dd3c70f011""},{""role"":""bagian besar"",""parent_id"":""235ddd36b9e1f70c"",""path"":""1_Electronic/78.76384075.jpg"",""region_id"":""d2935438154aa2bdbad7eba0""},{""role"":""variasi posisi"",""parent_id"":""4718f294cf08e85c"",""path"":""1_Electronic/13.LED-LCD-CRT-TVs-Scrap.jpg"",""region_id"":""b457c94642068653ee998483""},{""role"":""anggota tambahan"",""parent_id"":""30bb894a9117a4f6"",""path"":""1_Electronic/68.1464888593_83b08601ec_b.jpg"",""region_id"":""2b483797bea9ad2757223067""},{""role"":""anggota tambahan"",""parent_id"":""8e7cb82db26333e1"",""path"":""1_Electronic/70.vintage-televisions-various-electronic-devices-260nw-2631940469.jpg"",""region_id"":""343ffb80a871f85e6bf5f80c""}]",4,2,3,4,3,1,screen_condition|mounted_detached,Muka CRT konsisten ketika terpasang dan berada dalam tumpukan.,not_retained_low_support,support_below_20_unique_parents,0,0,70.25,agent_evaluated_offline_from_original_photo_context_and_exact_region_crop,discovery_hypothesis_not_component_identity_or_hidden_content,53
128,F0128,tepi monitor dalam tumpukan,common_category_pattern|mounted_detached,2,2,rare_two_to_four_parent_hypothesis,1,0.0,1.0,"{""Tumpukan dan rakitan campuran"":2}",1,"{""monitor_layar"":2}",1.0,1.0,0.0072992700729927005,0.017094017094017096,0.0039447731755424065,"{""dino_r0.5_s11"":0.0039447731755424065,""dino_r0.5_s23"":0.00819672131147541,""dino_r0.5_s37"":0.008368200836820083,""dino_r1_s11"":0.0072992700729927005,""dino_r1_s23"":0.007326007326007326,""dino_r1_s37"":0.007272727272727273,""dino_r1.5_s11"":0.010869565217391304,""dino_r1.5_s23"":0.0106951871657754,""dino_r1.5_s37"":0.017094017094017096,""reweighted_r0.5_s11"":1.0,""reweighted_r0.5_s23"":1.0,""reweighted_r0.5_s37"":1.0,""reweighted_r1_s23"":1.0,""reweighted_r1_s37"":1.0,""reweighted_r1.5_s11"":1.0,""reweighted_r1.5_s23"":1.0,""reweighted_r1.5_s37"":1.0}",0.9271329641342164,0.8957382440567017,0.0313946902751922,1.0,2,"[{""role"":""medoid"",""parent_id"":""4bdef06987d80afc"",""path"":""1_Electronic/61.led-lcd-tvs-monitor-scrap-1691226659-7017577.jpeg"",""region_id"":""b52e4997b2d8f6a963808ac6""},{""role"":""bagian kecil"",""parent_id"":""4de5a9e77bdc11fa"",""path"":""1_Electronic/40.led-and-lcd-tvs-monitor-scrap-for-sale--160.jpg"",""region_id"":""eb2979f819fc245630de006c""}]",4,2,3,4,3,1,screen_condition|mounted_detached,Dua tepi monitor tampak dalam tumpukan berbeda.,not_retained_low_support,support_below_20_unique_parents,0,0,70.25,agent_evaluated_offline_from_original_photo_context_and_exact_region_crop,discovery_hypothesis_not_component_identity_or_hidden_content,53
127,F0127,permukaan layar gelap kecil,recurring_part|unusual_substructure,2,2,rare_two_to_four_parent_hypothesis,1,0.0,1.0,"{""Ponsel"":2}",1,"{""ponsel"":2}",1.0,0.00558659217877095,0.006329113924050633,0.006329113924050633,0.004454342984409799,"{""dino_r0.5_s11"":0.0045871559633027525,""dino_r0.5_s23"":0.004454342984409799,""dino_r0.5_s37"":0.0045871559633027525,""dino_r1_s11"":0.006329113924050633,""dino_r1_s23"":0.006329113924050633,""dino_r1_s37"":0.006329113924050633,""dino_r1.5_s11"":0.008771929824561403,""dino_r1.5_s23"":0.015037593984962405,""dino_r1.5_s37"":0.008771929824561403,""reweighted_r0.5_s11"":0.0058309037900874635,""reweighted_r0.5_s23"":0.00558659217877095,""reweighted_r0.5_s37"":0.00558659217877095,""reweighted_r1_s23"":1.0,""reweighted_r1_s37"":1.0,""reweighted_r1.5_s11"":1.0,""reweighted_r1.5_s23"":0.05405405405405406,""reweighted_r1.5_s37"":0.05405405405405406}",0.899863064289093,0.8899397253990173,0.0099233388900756,1.0,2,"[{""role"":""medoid"",""parent_id"":""438fed88b583505b"",""path"":""1_Electronic/Mobile_193.jpg"",""region_id"":""9d523e426e874731c36364ec""},{""role"":""bagian besar"",""parent_id"":""ef73f7d3d04319fe"",""path"":""1_Electronic/Mobile_231.jpg"",""region_id"":""7a6d34d92f4928267ba1c9dc""}]",4,2,3,4,3,1,screen_condition,Dua permukaan layar gelap koheren.,not_retained_low_support,support_below_20_unique_parents,0,0,70.25,agent_evaluated_offline_from_original_photo_context_and_exact_region_crop,discovery_hypothesis_not_component_identity_or_hidden_content,53
7,F0007,panel depan perangkat audio,recurring_part|common_category_pattern,200,140,broad_recurrence,7,0.326319370906054,0.8571428571428571,"{""Tumpukan dan rakitan campuran"":2,""Layar dan televisi"":6,""Pencetak"":6,""Pemutar media dan radio"":120,""Papan rangkaian"":1,""Papan ketik"":1,""Baterai perangkat portabel"":4}",7,"{""audio_pemutar"":120,""televisi"":6,""pencetak"":6,""baterai"":4,""nama_sumber_tidak_terstruktur"":2,""papan_rangkaian"":1,""papan_ketik"":1}",0.965,0.7598425196850394,0.49583333333333335,0.6188925081433225,0.4592274678111588,"{""dino_r0.5_s11"":0.6188925081433225,""dino_r0.5_s23"":0.5850746268656717,""dino_r0.5_s37"":0.5382513661202186,""dino_r1_s11"":0.49583333333333335,""dino_r1_s23"":0.6035714285714285,""dino_r1_s37"":0.49583333333333335,""dino_r1.5_s11"":0.4592274678111588,""dino_r1.5_s23"":0.4592274678111588,""dino_r1.5_s37"":0.5251141552511416,""reweighted_r0.5_s11"":0.7598425196850394,""reweighted_r0.5_s23"":0.7598425196850394,""reweighted_r0.5_s37"":0.7598425196850394,""reweighted_r1_s23"":0.985,""reweighted_r1_s37"":0.965,""reweighted_r1.5_s11"":0.95,""reweighted_r1.5_s23"":0.95,""reweighted_r1.5_s37"":0.985}",0.4456474483013153,0.5749591588973999,-0.1001507863402366,0.632746373599369,6,"[{""role"":""medoid"",""parent_id"":""988d0a65258a62d6"",""path"":""1_Electronic/Player_218.jpg"",""region_id"":""2ef115e1464095d2cc0d7070""},{""role"":""bagian kecil"",""parent_id"":""f124830fa2e05e0f"",""path"":""1_Electronic/Player_7.jpg"",""region_id"":""9f0f8eff861312a8b73696ae""},{""role"":""bagian besar"",""parent_id"":""b87ed03ab4aee55d"",""path"":""1_Electronic/Player_216.jpg"",""region_id"":""654bbbfd46493e87a08e1a6e""},{""role"":""variasi posisi"",""parent_id"":""1e474944ee583ce8"",""path"":""1_Electronic/Player_96.jpg"",""region_id"":""c346885424427b016c4cac7b""},{""role"":""batas afinitas"",""parent_id"":""1446ea8a91ab1641"",""path"":""1_Electronic/pcb_98.jpg"",""region_id"":""b1494ceec442391bab898571""},{""role"":""anggota tambahan"",""parent_id"":""e5e2b36968f9484e"",""path"":""1_Electronic/Player_279.jpg"",""region_id"":""0f2e4720e22b25b9635342ef""}]",4,2,2,4,3,1,audio,Speaker dan kontrol depan perangkat audio portabel dominan.,retained,,44,96,70.0,agent_evaluated_offline_from_original_photo_context_and_exact_region_crop,discovery_hypothesis_not_component_identity_or_hidden_content,56
87,F0087,muka jam analog,common_category_pattern|unusual_substructure,2,2,rare_two_to_four_parent_hypothesis,1,0.0,1.0,"{""Tumpukan dan rakitan campuran"":2}",1,"{""nama_sumber_tidak_terstruktur"":2}",1.0,1.0,1.0,1.0,1.0,"{""dino_r0.5_s11"":1.0,""dino_r0.5_s23"":1.0,""dino_r0.5_s37"":1.0,""dino_r1_s11"":1.0,""dino_r1_s23"":1.0,""dino_r1_s37"":1.0,""dino_r1.5_s11"":1.0,""dino_r1.5_s23"":1.0,""dino_r1.5_s37"":1.0,""reweighted_r0.5_s11"":1.0,""reweighted_r0.5_s23"":1.0,""reweighted_r0.5_s37"":1.0,""reweighted_r1_s23"":1.0,""reweighted_r1_s37"":1.0,""reweighted_r1.5_s11"":1.0,""reweighted_r1.5_s23"":1.0,""reweighted_r1.5_s37"":1.0}",0.6757384538650513,0.794919490814209,-0.1191810369491577,1.0,2,"[{""role"":""medoid"",""parent_id"":""0ebc1bde48d57d8d"",""path"":""1_Electronic/45.clock-1495963_1280.jpg"",""region_id"":""a00c9342fdd6f05d6440d3c3""},{""role"":""bagian besar"",""parent_id"":""53ecd3dd39655ac1"",""path"":""1_Electronic/26.depositphotos_326846882-stock-photo-closeup-shot-of-a-broken.jpg"",""region_id"":""c13a81ac40b492d1d02d9901""}]",4,1,4,4,1,1,out_of_domain,Dua jam koheren tetapi berada di pinggir tujuan e-waste.,not_retained_low_support,support_below_20_unique_parents,0,0,69.25,agent_evaluated_offline_from_original_photo_context_and_exact_region_crop,discovery_hypothesis_not_component_identity_or_hidden_content,57
74,F0074,antarmuka aktif ponsel,visible_condition|common_category_pattern,3,3,rare_two_to_four_parent_hypothesis,1,0.0,1.0,"{""Ponsel"":3}",2,"{""ponsel"":2,""nama_sumber_tidak_terstruktur"":1}",1.0,1.0,1.0,1.0,1.0,"{""dino_r0.5_s11"":1.0,""dino_r0.5_s23"":1.0,""dino_r0.5_s37"":1.0,""dino_r1_s11"":1.0,""dino_r1_s23"":1.0,""dino_r1_s37"":1.0,""dino_r1.5_s11"":1.0,""dino_r1.5_s23"":1.0,""dino_r1.5_s37"":1.0,""reweighted_r0.5_s11"":1.0,""reweighted_r0.5_s23"":1.0,""reweighted_r0.5_s37"":1.0,""reweighted_r1_s23"":1.0,""reweighted_r1_s37"":1.0,""reweighted_r1.5_s11"":1.0,""reweighted_r1.5_s23"":1.0,""reweighted_r1.5_s37"":1.0}",0.8162622451782227,0.6265990734100342,0.0495212264358997,0.9073206299690008,3,"[{""role"":""medoid"",""parent_id"":""7ec67ce499d74273"",""path"":""1_Electronic/Mobile_81.jpg"",""region_id"":""ba0611c1d1f94012a5f26d16""},{""role"":""bagian kecil"",""parent_id"":""d80eeeec1432f2af"",""path"":""1_Electronic/532.jpeg"",""region_id"":""a97d84ebb5a31f7f6eed03df""},{""role"":""bagian besar"",""parent_id"":""612545dcd75f5e9f"",""path"":""1_Electronic/Mobile_78.jpg"",""region_id"":""844560ae793c492f18ce7b70""}]",4,1,3,4,2,1,screen_condition,Tiga ponsel menunjukkan area antarmuka aktif.,not_retained_low_support,support_below_20_unique_parents,0,0,68.25,agent_evaluated_offline_from_original_photo_context_and_exact_region_crop,discovery_hypothesis_not_component_identity_or_hidden_content,58
5,F0005,matriks tombol papan ketik,recurring_part|common_category_pattern,234,122,broad_recurrence,2,0.9982545693874834,0.5245901639344263,"{""Papan ketik"":58,""Monitor dalam konteks meja"":64}",2,"{""papan_ketik"":75,""nama_sumber_tidak_terstruktur"":47}",0.9401709401709402,0.5454545454545454,0.6635220125786163,0.6635220125786163,0.4700854700854701,"{""dino_r0.5_s11"":0.5467289719626168,""dino_r0.5_s23"":0.5467289719626168,""dino_r0.5_s37"":0.5467289719626168,""dino_r1_s11"":0.6635220125786163,""dino_r1_s23"":0.8081180811808119,""dino_r1_s37"":0.6419753086419753,""dino_r1.5_s11"":0.4700854700854701,""dino_r1.5_s23"":0.8760683760683761,""dino_r1.5_s37"":0.8760683760683761,""reweighted_r0.5_s11"":0.5454545454545454,""reweighted_r0.5_s23"":0.5454545454545454,""reweighted_r0.5_s37"":0.5454545454545454,""reweighted_r1_s23"":0.9401709401709402,""reweighted_r1_s37"":0.9401709401709402,""reweighted_r1.5_s11"":0.8803418803418803,""reweighted_r1.5_s23"":0.7735042735042735,""reweighted_r1.5_s37"":0.8589743589743589}",0.8121923208236694,0.8212419152259827,0.0537119284272193,0.5157499551326029,6,"[{""role"":""medoid"",""parent_id"":""0ffd6974456a54d4"",""path"":""1_Electronic/Keyboard_41.jpg"",""region_id"":""12191aa14aaf721ddf89c669""},{""role"":""bagian kecil"",""parent_id"":""99739632ed892b70"",""path"":""1_Electronic/4.jpeg"",""region_id"":""5c9595c68643eca147df0333""},{""role"":""bagian besar"",""parent_id"":""e68c1ccc4b3e984f"",""path"":""1_Electronic/Keyboard_251.jpg"",""region_id"":""3ff7bac37c70e5d721496592""},{""role"":""variasi posisi"",""parent_id"":""0e9da048b92ff8e8"",""path"":""1_Electronic/Keyboard_193.jpg"",""region_id"":""f61d1e5271065ca865227626""},{""role"":""batas afinitas"",""parent_id"":""543c84fcbe884d8c"",""path"":""1_Electronic/Keyboard_204.jpg"",""region_id"":""7f1a34fd5bd15949e014b323""},{""role"":""anggota tambahan"",""parent_id"":""075251812b1fded9"",""path"":""1_Electronic/Keyboard_180.jpg"",""region_id"":""6d1bdcd745574d01eaea9436""}]",4,2,1,4,3,0,key_matrix,Kisi tombol konsisten pada papan ketik tunggal dan konteks meja.,retained,,38,69,68.25,agent_evaluated_offline_from_original_photo_context_and_exact_region_crop,discovery_hypothesis_not_component_identity_or_hidden_content,58
48,F0048,matriks tombol ergonomis,recurring_part|common_category_pattern,37,31,moderate_recurrence,3,0.3454675771388098,0.9032258064516129,"{""Layar dan televisi"":1,""Papan ketik"":28,""Monitor dalam konteks meja"":2}",3,"{""papan_ketik"":28,""nama_sumber_tidak_terstruktur"":2,""televisi"":1}",1.0,0.16216216216216217,0.9736842105263158,0.6486486486486487,0.16216216216216217,"{""dino_r0.5_s11"":0.16216216216216217,""dino_r0.5_s23"":0.16216216216216217,""dino_r0.5_s37"":0.16216216216216217,""dino_r1_s11"":0.9736842105263158,""dino_r1_s23"":0.6486486486486487,""dino_r1_s37"":0.48,""dino_r1.5_s11"":0.6486486486486487,""dino_r1.5_s23"":0.9736842105263158,""dino_r1.5_s37"":0.9736842105263158,""reweighted_r0.5_s11"":0.16216216216216217,""reweighted_r0.5_s23"":0.16216216216216217,""reweighted_r0.5_s37"":0.16216216216216217,""reweighted_r1_s23"":1.0,""reweighted_r1_s37"":1.0,""reweighted_r1.5_s11"":0.9487179487179487,""reweighted_r1.5_s23"":0.9487179487179487,""reweighted_r1.5_s37"":1.0}",0.6919229626655579,0.6500834822654724,0.0729115158319473,0.7236335702376062,6,"[{""role"":""medoid"",""parent_id"":""f2a520f1bc8419d3"",""path"":""1_Electronic/Keyboard_120.jpg"",""region_id"":""45e921cafd19db13f6fcb73a""},{""role"":""bagian kecil"",""parent_id"":""365e730398487c6a"",""path"":""1_Electronic/Keyboard_8.jpg"",""region_id"":""94e3e9dcb7dd1aea8499d86b""},{""role"":""bagian besar"",""parent_id"":""a6c712b2c0a255be"",""path"":""1_Electronic/Keyboard_1.jpg"",""region_id"":""a5f39e3f5e598eb886c9fa2a""},{""role"":""variasi posisi"",""parent_id"":""0e8da24e5c2dd59b"",""path"":""1_Electronic/Keyboard_209.jpg"",""region_id"":""d23bef49263c329c3a0168d9""},{""role"":""batas afinitas"",""parent_id"":""797ddb0a986f7158"",""path"":""1_Electronic/Television_175.jpg"",""region_id"":""8de8f7ace14cc4be3e0c7e52""},{""role"":""anggota tambahan"",""parent_id"":""18e0f8389766bd69"",""path"":""1_Electronic/Keyboard_102.jpg"",""region_id"":""2a17610bf20600ffc5208edd""}]",4,2,1,4,3,0,key_matrix,Kisi tombol konsisten pada beberapa bentuk papan ketik.,retained,,11,5,68.25,agent_evaluated_offline_from_original_photo_context_and_exact_region_crop,discovery_hypothesis_not_component_identity_or_hidden_content,58
55,F0055,bola atau kontrol bundar perangkat,unusual_substructure|unresolved_pattern,17,16,limited_recurrence,3,0.7559752426306122,0.625,"{""Tetikus"":10,""Pencetak"":5,""Stopkontak dan sakelar"":1}",3,"{""tetikus"":10,""pencetak"":5,""nama_sumber_tidak_terstruktur"":1}",0.19540229885057472,0.12878787878787878,0.23529411764705882,0.2125,0.046831955922865015,"{""dino_r0.5_s11"":0.07692307692307693,""dino_r0.5_s23"":0.0513595166163142,""dino_r0.5_s37"":0.046831955922865015,""dino_r1_s11"":0.23529411764705882,""dino_r1_s23"":0.06827309236947791,""dino_r1_s37"":0.23529411764705882,""dino_r1.5_s11"":0.24285714285714285,""dino_r1.5_s23"":0.25,""dino_r1.5_s37"":0.25,""reweighted_r0.5_s11"":0.12878787878787878,""reweighted_r0.5_s23"":0.12878787878787878,""reweighted_r0.5_s37"":0.12878787878787878,""reweighted_r1_s23"":1.0,""reweighted_r1_s37"":0.19540229885057472,""reweighted_r1.5_s11"":0.2125,""reweighted_r1.5_s23"":0.2125,""reweighted_r1.5_s37"":0.2361111111111111}",0.5521577596664429,0.5574624538421631,-0.0115104475989937,0.8900753369559452,6,"[{""role"":""medoid"",""parent_id"":""ab9454d911b48c0d"",""path"":""1_Electronic/Mouse_178.jpg"",""region_id"":""7b88328557127b073ce88d83""},{""role"":""bagian kecil"",""parent_id"":""ff9eab8cec81aa65"",""path"":""1_Electronic/IMG_20201101_130429.jpg"",""region_id"":""7d72ee52d3ca40855005db82""},{""role"":""bagian besar"",""parent_id"":""f373817d6c87d37a"",""path"":""1_Electronic/Printer_211.jpg"",""region_id"":""4f0ef279bd1692a901219ccb""},{""role"":""variasi posisi"",""parent_id"":""a7d2052ac9faf7eb"",""path"":""1_Electronic/Mouse_37.jpg"",""region_id"":""98f7dd1c4ad3912188cec7f6""},{""role"":""anggota tambahan"",""parent_id"":""b306da10d955c46d"",""path"":""1_Electronic/Mouse_191.jpg"",""region_id"":""e3f687b2e9e8f859c9b662e6""},{""role"":""anggota tambahan"",""parent_id"":""6c5bf10c503defcb"",""path"":""1_Electronic/Mouse_195.jpg"",""region_id"":""7b4a9a4411e1861aaf18cf32""}]",3,3,4,3,3,2,mouse|electromechanical,Elemen bundar menyerupai trackball atau kontrol muncul lintas perangkat; perlu verifikasi lebih lanjut.,not_retained_low_support,support_below_20_unique_parents,0,0,67.75,agent_evaluated_offline_from_original_photo_context_and_exact_region_crop,discovery_hypothesis_not_component_identity_or_hidden_content,61
111,F0111,panel samping microwave,recurring_part|unusual_substructure,2,2,rare_two_to_four_parent_hypothesis,1,0.0,1.0,"{""Microwave"":2}",1,"{""microwave"":2}",1.0,1.0,1.0,1.0,1.0,"{""dino_r0.5_s11"":1.0,""dino_r0.5_s23"":1.0,""dino_r0.5_s37"":1.0,""dino_r1_s11"":1.0,""dino_r1_s23"":1.0,""dino_r1_s37"":1.0,""dino_r1.5_s11"":1.0,""dino_r1.5_s23"":1.0,""dino_r1.5_s37"":1.0,""reweighted_r0.5_s11"":1.0,""reweighted_r0.5_s23"":1.0,""reweighted_r0.5_s37"":1.0,""reweighted_r1_s23"":1.0,""reweighted_r1_s37"":1.0,""reweighted_r1.5_s11"":1.0,""reweighted_r1.5_s23"":1.0,""reweighted_r1.5_s37"":1.0}",0.8157972097396851,0.8288905620574951,-0.01309335231781,1.0,2,"[{""role"":""medoid"",""parent_id"":""fcfa41b035b94c9d"",""path"":""1_Electronic/Microwave_117.jpg"",""region_id"":""b6983f800e6044b904cc845e""},{""role"":""bagian kecil"",""parent_id"":""79fc48f5a8d2de70"",""path"":""1_Electronic/Microwave_261.jpg"",""region_id"":""ed4f1da13253c6d5ecb1e1a2""}]",3,1,3,4,3,1,microwave,Dua panel samping atau pintu microwave cukup koheren.,not_retained_low_support,support_below_20_unique_parents,0,0,67.25,agent_evaluated_offline_from_original_photo_context_and_exact_region_crop,discovery_hypothesis_not_component_identity_or_hidden_content,62
3,F0003,zona depan dan keluaran pencetak,recurring_part|common_category_pattern,273,159,broad_recurrence,3,0.0694139086431287,0.9874213836477987,"{""Tumpukan dan rakitan campuran"":1,""Pencetak"":157,""Monitor dalam konteks meja"":1}",2,"{""pencetak"":157,""nama_sumber_tidak_terstruktur"":2}",0.9963503649635036,0.9963503649635036,0.8551236749116607,0.9446366782006921,0.6843971631205674,"{""dino_r0.5_s11"":0.7358490566037735,""dino_r0.5_s23"":0.8425925925925926,""dino_r0.5_s37"":0.8425925925925926,""dino_r1_s11"":0.8551236749116607,""dino_r1_s23"":0.9446366782006921,""dino_r1_s37"":0.8551236749116607,""dino_r1.5_s11"":0.6892857142857143,""dino_r1.5_s23"":0.6843971631205674,""dino_r1.5_s37"":0.6843971631205674,""reweighted_r0.5_s11"":0.9963503649635036,""reweighted_r0.5_s23"":0.9963503649635036,""reweighted_r0.5_s37"":0.9963503649635036,""reweighted_r1_s23"":1.0,""reweighted_r1_s37"":0.9963503649635036,""reweighted_r1.5_s11"":0.9963503649635036,""reweighted_r1.5_s23"":0.9963503649635036,""reweighted_r1.5_s37"":1.0}",0.599702000617981,0.6471192836761475,-0.016069883480668,0.3692164205466825,6,"[{""role"":""medoid"",""parent_id"":""74a25c18501ef94a"",""path"":""1_Electronic/Printer_264.jpg"",""region_id"":""a23ad442010de125af576ecc""},{""role"":""bagian kecil"",""parent_id"":""d717ec161760eee1"",""path"":""1_Electronic/Printer_255.jpg"",""region_id"":""f9500965cf671fd761941941""},{""role"":""bagian besar"",""parent_id"":""ebcedd4ba04a1d34"",""path"":""1_Electronic/Printer_72.jpg"",""region_id"":""c5d2023a9536f970774c3801""},{""role"":""variasi posisi"",""parent_id"":""085e31aaa1f5ffb0"",""path"":""1_Electronic/Printer_106.jpg"",""region_id"":""6c4eae9e6103de7941ddb852""},{""role"":""batas afinitas"",""parent_id"":""29cc9780516848db"",""path"":""1_Electronic/Printer_138.jpg"",""region_id"":""5b4166fc492191f11bfba378""},{""role"":""anggota tambahan"",""parent_id"":""bc38280a3187a9f7"",""path"":""1_Electronic/Printer_95.jpg"",""region_id"":""076dcf93170556f88e7de986""}]",4,1,2,4,3,1,printer,Panel depan kontrol dan keluaran pencetak cukup konsisten.,retained,,32,127,67.25,agent_evaluated_offline_from_original_photo_context_and_exact_region_crop,discovery_hypothesis_not_component_identity_or_hidden_content,62
54,F0054,sisi dan kontrol tetikus,recurring_part|common_category_pattern,18,17,limited_recurrence,1,0.0,1.0,"{""Tetikus"":17}",2,"{""tetikus"":14,""nama_sumber_tidak_terstruktur"":3}",1.0,0.07692307692307693,0.9444444444444444,0.9444444444444444,0.07692307692307693,"{""dino_r0.5_s11"":0.07692307692307693,""dino_r0.5_s23"":0.07692307692307693,""dino_r0.5_s37"":0.07692307692307693,""dino_r1_s11"":0.9444444444444444,""dino_r1_s23"":0.9444444444444444,""dino_r1_s37"":0.9444444444444444,""dino_r1.5_s11"":0.9444444444444444,""dino_r1.5_s23"":0.9444444444444444,""dino_r1.5_s37"":0.9444444444444444,""reweighted_r0.5_s11"":0.07692307692307693,""reweighted_r0.5_s23"":0.07692307692307693,""reweighted_r0.5_s37"":0.07692307692307693,""reweighted_r1_s23"":1.0,""reweighted_r1_s37"":1.0,""reweighted_r1.5_s11"":1.0,""reweighted_r1.5_s23"":1.0,""reweighted_r1.5_s37"":1.0}",0.7239733934402466,0.560347318649292,0.1461437493562698,0.6710750985557581,6,"[{""role"":""medoid"",""parent_id"":""746ec9592dd56c7f"",""path"":""1_Electronic/Mouse_261.jpg"",""region_id"":""096aeb95dcf1074802bbdd18""},{""role"":""bagian kecil"",""parent_id"":""6420541dd018ea90"",""path"":""1_Electronic/Mouse_63.jpg"",""region_id"":""aeffff063e469dcbe010ce8a""},{""role"":""bagian besar"",""parent_id"":""0284d3f319120430"",""path"":""1_Electronic/Mouse_170.jpg"",""region_id"":""d60f7eb65dee03f1c3285656""},{""role"":""variasi posisi"",""parent_id"":""eca50ac141cc455e"",""path"":""1_Electronic/Mouse_81.jpg"",""region_id"":""279f1542aca5e4b950ab71e4""},{""role"":""batas afinitas"",""parent_id"":""3eeec865e97eae8e"",""path"":""1_Electronic/Mouse_249.jpg"",""region_id"":""8318d23a431fb83b25907d49""},{""role"":""anggota tambahan"",""parent_id"":""8d88a8f474f5f944"",""path"":""1_Electronic/Mouse_233.jpg"",""region_id"":""2a114ec976be3064df65cc0d""}]",4,1,2,4,3,1,mouse,Sisi bawah tombol dan kontrol tetikus konsisten.,not_retained_low_support,support_below_20_unique_parents,0,0,67.25,agent_evaluated_offline_from_original_photo_context_and_exact_region_crop,discovery_hypothesis_not_component_identity_or_hidden_content,62
33,F0033,penutup luar laptop,recurring_part|common_category_pattern,76,44,moderate_recurrence,2,0.15649106290570153,0.9772727272727273,"{""Tumpukan dan rakitan campuran"":1,""Laptop"":43}",2,"{""nama_sumber_tidak_terstruktur"":43,""laptop"":1}",1.0,0.5428571428571428,0.9342105263157895,0.9342105263157895,0.5428571428571428,"{""dino_r0.5_s11"":0.8452380952380952,""dino_r0.5_s23"":0.9342105263157895,""dino_r0.5_s37"":0.9047619047619048,""dino_r1_s11"":0.9342105263157895,""dino_r1_s23"":0.9342105263157895,""dino_r1_s37"":0.9342105263157895,""dino_r1.5_s11"":0.9342105263157895,""dino_r1.5_s23"":0.9342105263157895,""dino_r1.5_s37"":0.9342105263157895,""reweighted_r0.5_s11"":0.9047619047619048,""reweighted_r0.5_s23"":0.5428571428571428,""reweighted_r0.5_s37"":0.5428571428571428,""reweighted_r1_s23"":1.0,""reweighted_r1_s37"":1.0,""reweighted_r1.5_s11"":1.0,""reweighted_r1.5_s23"":1.0,""reweighted_r1.5_s37"":1.0}",0.7407486438751221,0.7266349792480469,0.0653399154543876,0.6315634044669612,6,"[{""role"":""medoid"",""parent_id"":""9b30aecf2daa80ca"",""path"":""1_Electronic/IMG_20200329_152857.jpg"",""region_id"":""179da8c4ce285ca9ac6f3c1a""},{""role"":""bagian kecil"",""parent_id"":""e076c16871871c5d"",""path"":""1_Electronic/IMG_20200329_152840(1).jpg"",""region_id"":""cf9dd6a4e28cb0792686f361""},{""role"":""bagian besar"",""parent_id"":""37bc388c867e7b59"",""path"":""1_Electronic/IMG_20200329_152730.jpg"",""region_id"":""96931ecb2cd43e8574ea9960""},{""role"":""batas afinitas"",""parent_id"":""7e549ef7a29f262c"",""path"":""1_Electronic/249.jpg"",""region_id"":""7f4bf5e072d77f0eaf2ebd10""},{""role"":""anggota tambahan"",""parent_id"":""5c4016c9cb5222cd"",""path"":""1_Electronic/180.jpg"",""region_id"":""018b6a8732061be420ee094c""},{""role"":""anggota tambahan"",""parent_id"":""56a91967238e8ab0"",""path"":""1_Electronic/IMG_20200329_152746.jpg"",""region_id"":""e25eaacd66d2c6781ba54728""}]",4,1,2,4,3,1,laptop,Permukaan logo dan penutup luar laptop konsisten.,retained,,14,30,67.25,agent_evaluated_offline_from_original_photo_context_and_exact_region_crop,discovery_hypothesis_not_component_identity_or_hidden_content,62
26,F0026,casing belakang perangkat genggam,recurring_part|common_category_pattern,87,57,broad_recurrence,5,0.3958939917228993,0.8421052631578947,"{""Tumpukan dan rakitan campuran"":1,""Ponsel"":48,""Pencetak"":2,""Pemutar media dan radio"":4,""Baterai perangkat portabel"":2}",6,"{""nama_sumber_tidak_terstruktur"":29,""ponsel"":20,""audio_pemutar"":3,""pencetak"":2,""microwave"":2,""baterai"":1}",0.9195402298850575,0.39263803680981596,0.75,0.75,0.1703056768558952,"{""dino_r0.5_s11"":0.1752808988764045,""dino_r0.5_s23"":0.1703056768558952,""dino_r0.5_s37"":0.1752808988764045,""dino_r1_s11"":0.75,""dino_r1_s23"":0.7840909090909091,""dino_r1_s37"":0.75,""dino_r1.5_s11"":0.75,""dino_r1.5_s23"":0.6781609195402298,""dino_r1.5_s37"":0.75,""reweighted_r0.5_s11"":0.9080459770114943,""reweighted_r0.5_s23"":0.39263803680981596,""reweighted_r0.5_s37"":0.39263803680981596,""reweighted_r1_s23"":0.9425287356321839,""reweighted_r1_s37"":0.9195402298850575,""reweighted_r1.5_s11"":0.9195402298850575,""reweighted_r1.5_s23"":0.9195402298850575,""reweighted_r1.5_s37"":0.7701149425287356}",0.4833619594573974,0.4747321903705597,0.0059530199505388,0.7169128769750238,6,"[{""role"":""medoid"",""parent_id"":""6bb1f6ef36efa082"",""path"":""1_Electronic/Mobile_95.jpg"",""region_id"":""bc42e73e1259b7c0ed901de8""},{""role"":""bagian kecil"",""parent_id"":""b15e24d5cf721454"",""path"":""1_Electronic/IMG_20200329_201009.jpg"",""region_id"":""51636c6d4669e32fb9a8e6e6""},{""role"":""bagian besar"",""parent_id"":""1efca55ff58dab81"",""path"":""1_Electronic/565.jpg"",""region_id"":""fa3ba3d0add6f1d817f4f368""},{""role"":""variasi posisi"",""parent_id"":""9be5e0e4fe3b0257"",""path"":""1_Electronic/Mobile_106.jpg"",""region_id"":""b6e9473d7fc95a19cc972392""},{""role"":""batas afinitas"",""parent_id"":""9985aeb2c8d938da"",""path"":""1_Electronic/485.jpg"",""region_id"":""6acff0e4bc720e61dc13e549""},{""role"":""anggota tambahan"",""parent_id"":""25397770c3bdde73"",""path"":""1_Electronic/Mobile_111.jpg"",""region_id"":""824210b47702191dee100130""}]",4,1,2,4,3,1,handheld,Casing belakang ponsel konsisten tanpa menyimpulkan isi.,retained,,17,40,67.25,agent_evaluated_offline_from_original_photo_context_and_exact_region_crop,discovery_hypothesis_not_component_identity_or_hidden_content,62
6,F0006,cangkang dan kontrol tetikus,recurring_part|common_category_pattern,207,142,moderate_recurrence,3,0.13457338838490152,0.971830985915493,"{""Tetikus"":138,""Papan ketik"":2,""Monitor dalam konteks meja"":2}",3,"{""tetikus"":96,""nama_sumber_tidak_terstruktur"":44,""papan_ketik"":2}",1.0,0.4927536231884058,0.5,0.5138888888888888,0.4927536231884058,"{""dino_r0.5_s11"":0.8846153846153846,""dino_r0.5_s23"":0.8846153846153846,""dino_r0.5_s37"":0.8846153846153846,""dino_r1_s11"":0.5,""dino_r1_s23"":0.5,""dino_r1_s37"":0.5,""dino_r1.5_s11"":0.5,""dino_r1.5_s23"":0.5,""dino_r1.5_s37"":0.5138888888888888,""reweighted_r0.5_s11"":0.8846153846153846,""reweighted_r0.5_s23"":0.8846153846153846,""reweighted_r0.5_s37"":0.8846153846153846,""reweighted_r1_s23"":1.0,""reweighted_r1_s37"":1.0,""reweighted_r1.5_s11"":0.4927536231884058,""reweighted_r1.5_s23"":0.4927536231884058,""reweighted_r1.5_s37"":0.4927536231884058}",0.799403965473175,0.7141600847244263,0.11634261906147,0.4890190478752625,6,"[{""role"":""medoid"",""parent_id"":""c5cfae219886ef07"",""path"":""1_Electronic/Mouse_65.jpg"",""region_id"":""c084f6874fcd8178a27565bf""},{""role"":""bagian kecil"",""parent_id"":""598ceb49ea06455d"",""path"":""1_Electronic/778.jpeg"",""region_id"":""5f910450043080e5fbd4150f""},{""role"":""bagian besar"",""parent_id"":""21d4b2f55d691e20"",""path"":""1_Electronic/Mouse_131.jpg"",""region_id"":""6f60360e253a4653ae2151ae""},{""role"":""variasi posisi"",""parent_id"":""a3320bc8493a1906"",""path"":""1_Electronic/791.jpg"",""region_id"":""9b3617b60a9183521a9e1d90""},{""role"":""batas afinitas"",""parent_id"":""1beb2c17137290f0"",""path"":""1_Electronic/Mouse_92.jpg"",""region_id"":""e0113cef81a43b5f7a71406d""},{""role"":""anggota tambahan"",""parent_id"":""483403c315e47681"",""path"":""1_Electronic/Mouse_124.jpg"",""region_id"":""6ede623d8ec03492debb39c1""}]",4,2,1,4,3,0,mouse,Cangkang tombol dan roda tetikus konsisten.,retained,,51,91,66.5,agent_evaluated_offline_from_original_photo_context_and_exact_region_crop,discovery_hypothesis_not_component_identity_or_hidden_content,67
9,F0009,fragmen kisi tombol,recurring_part|common_category_pattern,164,91,moderate_recurrence,3,0.5291410557549658,0.8241758241758241,"{""Tumpukan dan rakitan campuran"":6,""Papan ketik"":75,""Monitor dalam konteks meja"":10}",3,"{""papan_ketik"":78,""nama_sumber_tidak_terstruktur"":9,""laptop"":4}",0.9213483146067416,0.3822843822843823,0.36666666666666664,0.4939759036144578,0.36666666666666664,"{""dino_r0.5_s11"":0.37037037037037035,""dino_r0.5_s23"":0.37037037037037035,""dino_r0.5_s37"":0.37037037037037035,""dino_r1_s11"":0.36666666666666664,""dino_r1_s23"":0.7692307692307693,""dino_r1_s37"":0.36666666666666664,""dino_r1.5_s11"":0.4939759036144578,""dino_r1.5_s23"":0.4939759036144578,""dino_r1.5_s37"":0.4939759036144578,""reweighted_r0.5_s11"":0.3822843822843823,""reweighted_r0.5_s23"":0.3822843822843823,""reweighted_r0.5_s37"":0.3822843822843823,""reweighted_r1_s23"":0.9213483146067416,""reweighted_r1_s37"":0.9213483146067416,""reweighted_r1.5_s11"":0.711864406779661,""reweighted_r1.5_s23"":0.6484848484848484,""reweighted_r1.5_s37"":0.7636363636363637}",0.6387926340103149,0.6806491613388062,-0.0283527262508869,0.348244903773079,6,"[{""role"":""medoid"",""parent_id"":""943e57cc2dcbc2cb"",""path"":""1_Electronic/Keyboard_70.jpg"",""region_id"":""ce092ed620168d101bfd0102""},{""role"":""bagian kecil"",""parent_id"":""b99d227091b8f1b1"",""path"":""1_Electronic/24.laptop_repair_6.jpg"",""region_id"":""96feb430b89f798e5d9d8ec2""},{""role"":""bagian besar"",""parent_id"":""9bf26e7fe4fb9e8c"",""path"":""1_Electronic/Keyboard_128.jpg"",""region_id"":""55d0f3dda875b438e185de73""},{""role"":""variasi posisi"",""parent_id"":""d4e4a17c31973684"",""path"":""1_Electronic/Keyboard_252.jpg"",""region_id"":""d201400a1aa9ae78a0de5387""},{""role"":""batas afinitas"",""parent_id"":""8a594dab9da317ba"",""path"":""1_Electronic/19.pile-of-discarded-laptops-tablets-and-keyboards-e-waste-recycling-concept-photo.jpg"",""region_id"":""b60aa0d1b71f61d5fe91a430""},{""role"":""anggota tambahan"",""parent_id"":""fc340a5f41fceb7f"",""path"":""1_Electronic/Keyboard_176.jpg"",""region_id"":""df163a696c81a5f5a3151683""}]",4,2,1,4,3,0,key_matrix,Kisi tombol dekat dan jauh konsisten.,retained,,17,61,66.5,agent_evaluated_offline_from_original_photo_context_and_exact_region_crop,discovery_hypothesis_not_component_identity_or_hidden_content,67
49,F0049,bingkai bawah atau penyangga layar,recurring_part|unusual_substructure,28,26,moderate_recurrence,3,0.392377826823129,0.8846153846153846,"{""Tumpukan dan rakitan campuran"":2,""Layar dan televisi"":1,""Monitor dalam konteks meja"":23}",2,"{""nama_sumber_tidak_terstruktur"":25,""monitor_layar"":1}",1.0,0.2028985507246377,0.42857142857142855,0.40298507462686567,0.15053763440860216,"{""dino_r0.5_s11"":0.24545454545454545,""dino_r0.5_s23"":0.27835051546391754,""dino_r0.5_s37"":0.15053763440860216,""dino_r1_s11"":0.42857142857142855,""dino_r1_s23"":0.4090909090909091,""dino_r1_s37"":0.40298507462686567,""dino_r1.5_s11"":0.40298507462686567,""dino_r1.5_s23"":0.40298507462686567,""dino_r1.5_s37"":0.38028169014084506,""reweighted_r0.5_s11"":0.2028985507246377,""reweighted_r0.5_s23"":0.2028985507246377,""reweighted_r0.5_s37"":0.2028985507246377,""reweighted_r1_s23"":1.0,""reweighted_r1_s37"":1.0,""reweighted_r1.5_s11"":0.5490196078431373,""reweighted_r1.5_s23"":0.5490196078431373,""reweighted_r1.5_s37"":0.5490196078431373}",0.7232711911201477,0.7595118284225464,-0.0106274681165814,0.4065840530108723,6,"[{""role"":""medoid"",""parent_id"":""6d059409ccfdc0b6"",""path"":""1_Electronic/IMG-20200329-WA0068.jpg"",""region_id"":""cc282bbbe6f61cd0fc0f0e46""},{""role"":""bagian kecil"",""parent_id"":""68a4b243fffc29f8"",""path"":""1_Electronic/620.jpeg"",""region_id"":""062ad1c702f0a4eae06fc5c6""},{""role"":""bagian besar"",""parent_id"":""325e9e4b39442701"",""path"":""1_Electronic/629.jpeg"",""region_id"":""763ef4c990b0989a25e72559""},{""role"":""variasi posisi"",""parent_id"":""6f38ebc5831497e9"",""path"":""1_Electronic/25.jpeg"",""region_id"":""3bfd009c23e25747d54866d6""},{""role"":""batas afinitas"",""parent_id"":""4de5a9e77bdc11fa"",""path"":""1_Electronic/40.led-and-lcd-tvs-monitor-scrap-for-sale--160.jpg"",""region_id"":""b49e6eaeaf6cb569db914366""},{""role"":""anggota tambahan"",""parent_id"":""7910d62b73819d3d"",""path"":""1_Electronic/329.jpeg"",""region_id"":""9e5136a3bf448bc58fe7c7e2""}]",3,2,3,4,3,1,screen_condition,Bingkai bawah dan penyangga monitor cukup konsisten.,retained,,3,23,66.5,agent_evaluated_offline_from_original_photo_context_and_exact_region_crop,discovery_hypothesis_not_component_identity_or_hidden_content,67
107,F0107,perangkat cetak rusak di tanah,visible_condition|unresolved_pattern,2,2,rare_two_to_four_parent_hypothesis,1,0.0,1.0,"{""Tumpukan dan rakitan campuran"":2}",1,"{""pencetak"":2}",1.0,1.0,1.0,1.0,1.0,"{""dino_r0.5_s11"":1.0,""dino_r0.5_s23"":1.0,""dino_r0.5_s37"":1.0,""dino_r1_s11"":1.0,""dino_r1_s23"":1.0,""dino_r1_s37"":1.0,""dino_r1.5_s11"":1.0,""dino_r1.5_s23"":1.0,""dino_r1.5_s37"":1.0,""reweighted_r0.5_s11"":1.0,""reweighted_r0.5_s23"":1.0,""reweighted_r0.5_s37"":1.0,""reweighted_r1_s23"":1.0,""reweighted_r1_s37"":1.0,""reweighted_r1.5_s11"":1.0,""reweighted_r1.5_s23"":1.0,""reweighted_r1.5_s37"":1.0}",0.8875527381896973,0.8400813341140747,0.0474714040756225,1.0,2,"[{""role"":""medoid"",""parent_id"":""48573444fd3bda5f"",""path"":""1_Electronic/Printer_50.jpg"",""region_id"":""f039c9ef9d450649cb70908a""},{""role"":""bagian besar"",""parent_id"":""bb2ccaa6f91dcfcd"",""path"":""1_Electronic/Printer_51.jpg"",""region_id"":""cb9cf983ce2590750e22ff1b""}]",3,1,4,3,3,2,printer|mounted_detached,Dua foto menunjukkan perangkat cetak rusak atau terbakar; perlu sumber lebih beragam.,not_retained_low_support,support_below_20_unique_parents,0,0,65.75000000000001,agent_evaluated_offline_from_original_photo_context_and_exact_region_crop,discovery_hypothesis_not_component_identity_or_hidden_content,70
63,F0063,fragmen papan sirkuit buram,recurring_part|unresolved_pattern,5,5,limited_recurrence,1,0.0,1.0,"{""Papan rangkaian"":5}",1,"{""papan_rangkaian"":5}",1.0,1.0,1.0,1.0,1.0,"{""dino_r0.5_s11"":1.0,""dino_r0.5_s23"":1.0,""dino_r0.5_s37"":1.0,""dino_r1_s11"":1.0,""dino_r1_s23"":1.0,""dino_r1_s37"":1.0,""dino_r1.5_s11"":1.0,""dino_r1.5_s23"":1.0,""dino_r1.5_s37"":1.0,""reweighted_r0.5_s11"":1.0,""reweighted_r0.5_s23"":1.0,""reweighted_r0.5_s37"":1.0,""reweighted_r1_s23"":1.0,""reweighted_r1_s37"":1.0,""reweighted_r1.5_s11"":1.0,""reweighted_r1.5_s23"":1.0,""reweighted_r1.5_s37"":1.0}",0.670412003993988,0.6317077279090881,0.0919395461678505,0.8760032698596657,5,"[{""role"":""medoid"",""parent_id"":""53dacbe2a01959b5"",""path"":""1_Electronic/pcb_77.jpg"",""region_id"":""4938ddd40f66dee3078497c7""},{""role"":""bagian kecil"",""parent_id"":""a3798043b23a9473"",""path"":""1_Electronic/pcb_192.jpg"",""region_id"":""dab183de3aa380c87ceda0a1""},{""role"":""bagian besar"",""parent_id"":""89057b0c6719694a"",""path"":""1_Electronic/pcb_188.jpg"",""region_id"":""ecebbaeee0131a5fa722bf5c""},{""role"":""variasi posisi"",""parent_id"":""960fa7317cad4bc4"",""path"":""1_Electronic/pcb_147.jpg"",""region_id"":""cd02de957c1172d4d7a17e6f""},{""role"":""batas afinitas"",""parent_id"":""ccf0c42ef8fe1d9b"",""path"":""1_Electronic/pcb_137.jpg"",""region_id"":""9c8e9067adce26434872e570""}]",3,2,3,3,3,2,pcb,Warna dan tata letak papan berulang tetapi resolusi rendah.,not_retained_low_support,support_below_20_unique_parents,0,0,64.75000000000001,agent_evaluated_offline_from_original_photo_context_and_exact_region_crop,discovery_hypothesis_not_component_identity_or_hidden_content,72
78,F0078,matriks tombol langka,recurring_part|unusual_substructure,3,3,rare_two_to_four_parent_hypothesis,2,0.9182958340544894,0.6666666666666666,"{""Papan ketik"":1,""Monitor dalam konteks meja"":2}",2,"{""papan_ketik"":2,""nama_sumber_tidak_terstruktur"":1}",1.0,0.02830188679245283,0.036585365853658534,0.04054054054054054,0.007009345794392523,"{""dino_r0.5_s11"":0.007009345794392523,""dino_r0.5_s23"":0.007009345794392523,""dino_r0.5_s37"":0.007009345794392523,""dino_r1_s11"":0.036585365853658534,""dino_r1_s23"":0.0189873417721519,""dino_r1_s37"":0.036585365853658534,""dino_r1.5_s11"":0.038461538461538464,""dino_r1.5_s23"":0.04054054054054054,""dino_r1.5_s37"":0.04054054054054054,""reweighted_r0.5_s11"":1.0,""reweighted_r0.5_s23"":1.0,""reweighted_r0.5_s37"":1.0,""reweighted_r1_s23"":1.0,""reweighted_r1_s37"":1.0,""reweighted_r1.5_s11"":1.0,""reweighted_r1.5_s23"":0.02830188679245283,""reweighted_r1.5_s37"":1.0}",0.926125705242157,0.5179024934768677,0.2072256654500961,0.7152348414381083,3,"[{""role"":""medoid"",""parent_id"":""18c9f83cd0a0273b"",""path"":""1_Electronic/Keyboard_60.jpg"",""region_id"":""0d09c8f1987c56b52042b733""},{""role"":""bagian kecil"",""parent_id"":""8f47ea5ab91908dc"",""path"":""1_Electronic/Keyboard_160.jpg"",""region_id"":""c44e80306f0d8edbf3ce9e66""},{""role"":""anggota tambahan"",""parent_id"":""58f124be36cddd15"",""path"":""1_Electronic/3.jpeg"",""region_id"":""1d9464ba68b78da646ce5614""}]",4,2,2,4,3,1,key_matrix,Tiga contoh kisi tombol koheren.,not_retained_low_support,support_below_20_unique_parents,0,0,64.75,agent_evaluated_offline_from_original_photo_context_and_exact_region_crop,discovery_hypothesis_not_component_identity_or_hidden_content,73
97,F0097,sudut papan ketik,recurring_part|unusual_substructure,2,2,rare_two_to_four_parent_hypothesis,1,0.0,1.0,"{""Papan ketik"":2}",1,"{""papan_ketik"":2}",1.0,1.0,1.0,1.0,1.0,"{""dino_r0.5_s11"":1.0,""dino_r0.5_s23"":1.0,""dino_r0.5_s37"":1.0,""dino_r1_s11"":1.0,""dino_r1_s23"":1.0,""dino_r1_s37"":1.0,""dino_r1.5_s11"":1.0,""dino_r1.5_s23"":1.0,""dino_r1.5_s37"":1.0,""reweighted_r0.5_s11"":1.0,""reweighted_r0.5_s23"":1.0,""reweighted_r0.5_s37"":1.0,""reweighted_r1_s23"":1.0,""reweighted_r1_s37"":1.0,""reweighted_r1.5_s11"":1.0,""reweighted_r1.5_s23"":1.0,""reweighted_r1.5_s37"":1.0}",0.8894594311714172,0.7608925700187683,0.1285668611526489,1.0,2,"[{""role"":""medoid"",""parent_id"":""817dab67cf79ac0b"",""path"":""1_Electronic/Keyboard_147.jpg"",""region_id"":""291183d4b97d934dce607c81""},{""role"":""bagian besar"",""parent_id"":""0c4ba77b2e9d8edc"",""path"":""1_Electronic/Keyboard_124.jpg"",""region_id"":""571ca5de7fc8f3836a13943a""}]",4,1,2,4,2,1,key_matrix,Dua sudut papan ketik koheren.,not_retained_low_support,support_below_20_unique_parents,0,0,62.75,agent_evaluated_offline_from_original_photo_context_and_exact_region_crop,discovery_hypothesis_not_component_identity_or_hidden_content,74
84,F0084,papan sirkuit dalam satu adegan tumpukan,recurring_part|unresolved_pattern,2,2,rare_two_to_four_parent_hypothesis,1,0.0,1.0,"{""Tumpukan dan rakitan campuran"":2}",1,"{""papan_rangkaian"":2}",1.0,1.0,1.0,1.0,1.0,"{""dino_r0.5_s11"":1.0,""dino_r0.5_s23"":1.0,""dino_r0.5_s37"":1.0,""dino_r1_s11"":1.0,""dino_r1_s23"":1.0,""dino_r1_s37"":1.0,""dino_r1.5_s11"":1.0,""dino_r1.5_s23"":1.0,""dino_r1.5_s37"":1.0,""reweighted_r0.5_s11"":1.0,""reweighted_r0.5_s23"":1.0,""reweighted_r0.5_s37"":1.0,""reweighted_r1_s23"":1.0,""reweighted_r1_s37"":1.0,""reweighted_r1.5_s11"":1.0,""reweighted_r1.5_s23"":1.0,""reweighted_r1.5_s37"":1.0}",0.9801806807518004,0.959132432937622,0.0210482776165008,1.0,2,"[{""role"":""medoid"",""parent_id"":""808656b7cb7541b5"",""path"":""1_Electronic/pcb_47.jpg"",""region_id"":""8e52139aee0a1e0dd9601c1e""},{""role"":""bagian besar"",""parent_id"":""fab2033ee2b8100b"",""path"":""1_Electronic/pcb_108.jpg"",""region_id"":""fcf3c40ea20c2a8e34cd60c0""}]",4,1,3,4,2,3,pcb|mounted_detached,Dua contoh papan koheren tetapi tampak berasal dari sumber sangat mirip.,not_retained_low_support,support_below_20_unique_parents,0,0,60.75,agent_evaluated_offline_from_original_photo_context_and_exact_region_crop,discovery_hypothesis_not_component_identity_or_hidden_content,75
92,F0092,papan dalam tumpukan satu sumber,recurring_part|unresolved_pattern,2,2,rare_two_to_four_parent_hypothesis,1,0.0,1.0,"{""Tumpukan dan rakitan campuran"":2}",1,"{""nama_sumber_tidak_terstruktur"":2}",1.0,1.0,1.0,1.0,1.0,"{""dino_r0.5_s11"":1.0,""dino_r0.5_s23"":1.0,""dino_r0.5_s37"":1.0,""dino_r1_s11"":1.0,""dino_r1_s23"":1.0,""dino_r1_s37"":1.0,""dino_r1.5_s11"":1.0,""dino_r1.5_s23"":1.0,""dino_r1.5_s37"":1.0,""reweighted_r0.5_s11"":1.0,""reweighted_r0.5_s23"":1.0,""reweighted_r0.5_s37"":1.0,""reweighted_r1_s23"":1.0,""reweighted_r1_s37"":1.0,""reweighted_r1.5_s11"":1.0,""reweighted_r1.5_s23"":1.0,""reweighted_r1.5_s37"":1.0}",0.9988582134246826,0.9681572914123536,0.0307008922100067,1.0,2,"[{""role"":""medoid"",""parent_id"":""a145050d46eaeb7f"",""path"":""1_Electronic/2729458.jpg"",""region_id"":""6aaf53c63becaede515c7537""},{""role"":""bagian besar"",""parent_id"":""7f40117646d3155e"",""path"":""1_Electronic/device-recycling.jpg"",""region_id"":""b2cac38e8878e335c860cc2e""}]",4,1,3,4,2,3,pcb|mounted_detached,Dua crop papan koheren tetapi sumber tampak sama.,not_retained_low_support,support_below_20_unique_parents,0,0,60.75,agent_evaluated_offline_from_original_photo_context_and_exact_region_crop,discovery_hypothesis_not_component_identity_or_hidden_content,75
118,F0118,sudut papan sirkuit gelap,recurring_part|unresolved_pattern,2,2,rare_two_to_four_parent_hypothesis,1,0.0,1.0,"{""Papan rangkaian"":2}",1,"{""papan_rangkaian"":2}",1.0,1.0,1.0,1.0,1.0,"{""dino_r0.5_s11"":1.0,""dino_r0.5_s23"":1.0,""dino_r0.5_s37"":1.0,""dino_r1_s11"":1.0,""dino_r1_s23"":1.0,""dino_r1_s37"":1.0,""dino_r1.5_s11"":1.0,""dino_r1.5_s23"":1.0,""dino_r1.5_s37"":1.0,""reweighted_r0.5_s11"":1.0,""reweighted_r0.5_s23"":1.0,""reweighted_r0.5_s37"":1.0,""reweighted_r1_s23"":1.0,""reweighted_r1_s37"":1.0,""reweighted_r1.5_s11"":1.0,""reweighted_r1.5_s23"":1.0,""reweighted_r1.5_s37"":1.0}",0.8606907725334167,0.7900723218917847,0.0706184208393096,1.0,2,"[{""role"":""medoid"",""parent_id"":""960fa7317cad4bc4"",""path"":""1_Electronic/pcb_147.jpg"",""region_id"":""55cff6474fafe15b54b9f024""},{""role"":""bagian kecil"",""parent_id"":""a3798043b23a9473"",""path"":""1_Electronic/pcb_192.jpg"",""region_id"":""056632f0bfe19a407d1b7fcb""}]",3,2,3,3,2,2,pcb,Dua papan menunjukkan sudut gelap tetapi detail terbatas.,not_retained_low_support,support_below_20_unique_parents,0,0,60.25,agent_evaluated_offline_from_original_photo_context_and_exact_region_crop,discovery_hypothesis_not_component_identity_or_hidden_content,77
57,F0057,cangkang belakang tetikus,recurring_part|common_category_pattern,9,8,limited_recurrence,2,0.954434002924965,0.625,"{""Tetikus"":3,""Papan ketik"":5}",2,"{""papan_ketik"":5,""tetikus"":3}",1.0,0.038461538461538464,0.07692307692307693,0.07692307692307693,0.038461538461538464,"{""dino_r0.5_s11"":0.038461538461538464,""dino_r0.5_s23"":0.038461538461538464,""dino_r0.5_s37"":0.038461538461538464,""dino_r1_s11"":0.07692307692307693,""dino_r1_s23"":0.07692307692307693,""dino_r1_s37"":0.07692307692307693,""dino_r1.5_s11"":0.07692307692307693,""dino_r1.5_s23"":0.07692307692307693,""dino_r1.5_s37"":0.075,""reweighted_r0.5_s11"":0.038461538461538464,""reweighted_r0.5_s23"":0.038461538461538464,""reweighted_r0.5_s37"":0.038461538461538464,""reweighted_r1_s23"":1.0,""reweighted_r1_s37"":1.0,""reweighted_r1.5_s11"":0.07894736842105263,""reweighted_r1.5_s23"":0.07894736842105263,""reweighted_r1.5_s37"":0.07894736842105263}",0.6590951085090637,0.4310976564884186,0.1933128535747528,0.9614802505050488,6,"[{""role"":""medoid"",""parent_id"":""f062e4b3438421fc"",""path"":""1_Electronic/Mouse_297.jpg"",""region_id"":""769e20976fac25a357e8c3a8""},{""role"":""bagian kecil"",""parent_id"":""0a342b59180e6c78"",""path"":""1_Electronic/Keyboard_256.jpg"",""region_id"":""eac083aa6ab58ce81119607c""},{""role"":""bagian besar"",""parent_id"":""7efd9d97d0c97b46"",""path"":""1_Electronic/Mouse_229.jpg"",""region_id"":""78b2921f001de1d7c231f444""},{""role"":""variasi posisi"",""parent_id"":""9f6f45f780fd7706"",""path"":""1_Electronic/Keyboard_233.jpg"",""region_id"":""991a4b341dbd86920b9f02ce""},{""role"":""anggota tambahan"",""parent_id"":""61204b6143118bb5"",""path"":""1_Electronic/Keyboard_141.jpg"",""region_id"":""d950b604a61b2ad2cc4c4453""},{""role"":""anggota tambahan"",""parent_id"":""2740bd427535d86c"",""path"":""1_Electronic/Mouse_20.jpg"",""region_id"":""0684ae1d405a47145b11ac0f""}]",4,1,2,4,3,1,mouse,Cangkang belakang tetikus konsisten meski dukungan kecil.,not_retained_low_support,support_below_20_unique_parents,0,0,60.25,agent_evaluated_offline_from_original_photo_context_and_exact_region_crop,discovery_hypothesis_not_component_identity_or_hidden_content,77
120,F0120,logo atau tombol atas tetikus,recurring_part|unusual_substructure,2,2,rare_two_to_four_parent_hypothesis,1,0.0,1.0,"{""Tetikus"":2}",1,"{""tetikus"":2}",1.0,1.0,1.0,1.0,1.0,"{""dino_r0.5_s11"":1.0,""dino_r0.5_s23"":1.0,""dino_r0.5_s37"":1.0,""dino_r1_s11"":1.0,""dino_r1_s23"":1.0,""dino_r1_s37"":1.0,""dino_r1.5_s11"":1.0,""dino_r1.5_s23"":1.0,""dino_r1.5_s37"":1.0,""reweighted_r0.5_s11"":1.0,""reweighted_r0.5_s23"":1.0,""reweighted_r0.5_s37"":1.0,""reweighted_r1_s23"":1.0,""reweighted_r1_s37"":1.0,""reweighted_r1.5_s11"":1.0,""reweighted_r1.5_s23"":1.0,""reweighted_r1.5_s37"":1.0}",0.9021969437599182,0.835591733455658,0.0666052103042602,1.0,2,"[{""role"":""medoid"",""parent_id"":""54b515e104cf1afe"",""path"":""1_Electronic/Mouse_242.jpg"",""region_id"":""bd49512ba0b2535a03e6817c""},{""role"":""bagian kecil"",""parent_id"":""27fa28b66850fa6c"",""path"":""1_Electronic/Mouse_100.jpg"",""region_id"":""546805ae30ade2da373997a2""}]",3,1,3,3,2,2,mouse,Dua tetikus menunjukkan area logo atau tombol atas.,not_retained_low_support,support_below_20_unique_parents,0,0,55.75000000000001,agent_evaluated_offline_from_original_photo_context_and_exact_region_crop,discovery_hypothesis_not_component_identity_or_hidden_content,80
123,F0123,tepi bawah papan ketik,recurring_part|unusual_substructure,2,2,rare_two_to_four_parent_hypothesis,1,0.0,1.0,"{""Papan ketik"":2}",1,"{""papan_ketik"":2}",1.0,1.0,1.0,1.0,1.0,"{""dino_r0.5_s11"":1.0,""dino_r0.5_s23"":1.0,""dino_r0.5_s37"":1.0,""dino_r1_s11"":1.0,""dino_r1_s23"":1.0,""dino_r1_s37"":1.0,""dino_r1.5_s11"":1.0,""dino_r1.5_s23"":1.0,""dino_r1.5_s37"":1.0,""reweighted_r0.5_s11"":1.0,""reweighted_r0.5_s23"":1.0,""reweighted_r0.5_s37"":1.0,""reweighted_r1_s23"":1.0,""reweighted_r1_s37"":1.0,""reweighted_r1.5_s11"":1.0,""reweighted_r1.5_s23"":1.0,""reweighted_r1.5_s37"":1.0}",0.8595294952392578,0.7896571755409241,0.0698723495006561,1.0,2,"[{""role"":""medoid"",""parent_id"":""0c4ba77b2e9d8edc"",""path"":""1_Electronic/Keyboard_124.jpg"",""region_id"":""b19435f8b6b0cf9004c1d3e0""},{""role"":""bagian kecil"",""parent_id"":""ef1536424ff23616"",""path"":""1_Electronic/Keyboard_134.jpg"",""region_id"":""6bc9a27225cc4315f0798cb7""}]",3,1,3,3,2,2,key_matrix,Dua contoh menunjukkan tepi bawah papan ketik.,not_retained_low_support,support_below_20_unique_parents,0,0,55.75000000000001,agent_evaluated_offline_from_original_photo_context_and_exact_region_crop,discovery_hypothesis_not_component_identity_or_hidden_content,80
126,F0126,bagian dalam microwave dengan objek,recurring_part|unusual_substructure,2,2,rare_two_to_four_parent_hypothesis,1,0.0,1.0,"{""Microwave"":2}",1,"{""microwave"":2}",1.0,1.0,1.0,1.0,1.0,"{""dino_r0.5_s11"":1.0,""dino_r0.5_s23"":1.0,""dino_r0.5_s37"":1.0,""dino_r1_s11"":1.0,""dino_r1_s23"":1.0,""dino_r1_s37"":1.0,""dino_r1.5_s11"":1.0,""dino_r1.5_s23"":1.0,""dino_r1.5_s37"":1.0,""reweighted_r0.5_s11"":1.0,""reweighted_r0.5_s23"":1.0,""reweighted_r0.5_s37"":1.0,""reweighted_r1_s23"":1.0,""reweighted_r1_s37"":1.0,""reweighted_r1.5_s11"":1.0,""reweighted_r1.5_s23"":1.0,""reweighted_r1.5_s37"":1.0}",0.8978058099746704,0.7656213045120239,0.1321844756603241,1.0,2,"[{""role"":""medoid"",""parent_id"":""76294fa47281d765"",""path"":""1_Electronic/Microwave_61.jpg"",""region_id"":""342a693193f6438344cc468a""},{""role"":""bagian besar"",""parent_id"":""066e41e221720498"",""path"":""1_Electronic/Microwave_172.jpg"",""region_id"":""86f78916da52272bfcb7ea22""}]",3,1,3,3,2,2,microwave,Rongga microwave terlihat tetapi objek di dalam ikut memengaruhi crop.,not_retained_low_support,support_below_20_unique_parents,0,0,55.75000000000001,agent_evaluated_offline_from_original_photo_context_and_exact_region_crop,discovery_hypothesis_not_component_identity_or_hidden_content,80
66,F0066,sudut penutup laptop satu sumber,common_category_pattern|unresolved_pattern,4,3,rare_two_to_four_parent_hypothesis,1,0.0,1.0,"{""Laptop"":3}",1,"{""nama_sumber_tidak_terstruktur"":3}",1.0,1.0,1.0,1.0,1.0,"{""dino_r0.5_s11"":1.0,""dino_r0.5_s23"":1.0,""dino_r0.5_s37"":1.0,""dino_r1_s11"":1.0,""dino_r1_s23"":1.0,""dino_r1_s37"":1.0,""dino_r1.5_s11"":1.0,""dino_r1.5_s23"":1.0,""dino_r1.5_s37"":1.0,""reweighted_r0.5_s11"":1.0,""reweighted_r0.5_s23"":1.0,""reweighted_r0.5_s37"":1.0,""reweighted_r1_s23"":1.0,""reweighted_r1_s37"":1.0,""reweighted_r1.5_s11"":1.0,""reweighted_r1.5_s23"":1.0,""reweighted_r1.5_s37"":1.0}",0.8365230560302734,0.8302162289619446,0.0308167934417724,0.9257259627542916,4,"[{""role"":""medoid"",""parent_id"":""56a91967238e8ab0"",""path"":""1_Electronic/IMG_20200329_152746.jpg"",""region_id"":""1266224693e4913a1a23ba69""},{""role"":""bagian kecil"",""parent_id"":""2c64b74efd769be8"",""path"":""1_Electronic/IMG_20200329_152735.jpg"",""region_id"":""589b87244af3f5dcf44f25c1""},{""role"":""bagian besar"",""parent_id"":""2c64b74efd769be8"",""path"":""1_Electronic/IMG_20200329_152735.jpg"",""region_id"":""c8cf6be8dbacf6db083705b8""},{""role"":""variasi posisi"",""parent_id"":""4a374731fcbf35d5"",""path"":""1_Electronic/IMG_20200329_152734.jpg"",""region_id"":""cb810bd26623cc8734e61ebe""}]",4,1,2,4,2,3,laptop,Penutup laptop koheren tetapi variasi sumber sangat rendah.,not_retained_low_support,support_below_20_unique_parents,0,0,55.25,agent_evaluated_offline_from_original_photo_context_and_exact_region_crop,discovery_hypothesis_not_component_identity_or_hidden_content,83
18,F0018,slot atau keluaran perangkat cetak,recurring_part|common_category_pattern,113,96,moderate_recurrence,10,0.8279296091335193,0.2916666666666667,"{""Tumpukan dan rakitan campuran"":11,""Ponsel"":8,""Tetikus"":22,""Mesin cuci"":1,""Pencetak"":28,""Pemutar media dan radio"":10,""Papan ketik"":9,""Monitor dalam konteks meja"":1,""Baterai perangkat portabel"":5,""Aki dan baterai kendaraan"":1}",10,"{""pencetak"":27,""nama_sumber_tidak_terstruktur"":18,""tetikus"":15,""papan_ketik"":11,""ponsel"":8,""baterai"":6,""audio_pemutar"":6,""mesin_cuci"":2,""microwave"":2,""papan_rangkaian"":1}",0.5132743362831859,0.5132743362831859,0.3333333333333333,0.40869565217391307,0.17537313432835822,"{""dino_r0.5_s11"":0.17537313432835822,""dino_r0.5_s23"":0.17537313432835822,""dino_r0.5_s37"":0.17537313432835822,""dino_r1_s11"":0.3333333333333333,""dino_r1_s23"":0.3333333333333333,""dino_r1_s37"":0.3333333333333333,""dino_r1.5_s11"":0.3492063492063492,""dino_r1.5_s23"":0.3492063492063492,""dino_r1.5_s37"":0.40869565217391307,""reweighted_r0.5_s11"":0.8014705882352942,""reweighted_r0.5_s23"":0.8014705882352942,""reweighted_r0.5_s37"":0.8014705882352942,""reweighted_r1_s23"":0.9658119658119658,""reweighted_r1_s37"":0.5132743362831859,""reweighted_r1.5_s11"":0.5132743362831859,""reweighted_r1.5_s23"":0.5132743362831859,""reweighted_r1.5_s37"":0.5132743362831859}",0.4380542039871216,0.433809757232666,-0.0191387869417667,0.8126988494349153,6,"[{""role"":""medoid"",""parent_id"":""cbeb4763095b8b37"",""path"":""1_Electronic/Printer_52.jpg"",""region_id"":""2cf54991ee2a19f01721afef""},{""role"":""bagian kecil"",""parent_id"":""228ce125231d3c88"",""path"":""1_Electronic/Printer_136.jpg"",""region_id"":""e4bc4d6e7e2634d839459751""},{""role"":""bagian besar"",""parent_id"":""94c35b81b52b14ea"",""path"":""1_Electronic/Printer_223.jpg"",""region_id"":""a62d7c86caa611c806c4fd56""},{""role"":""variasi posisi"",""parent_id"":""b9b5eb80a2317aed"",""path"":""1_Electronic/Printer_185.jpg"",""region_id"":""765db903e8f9e6a98dde82be""},{""role"":""batas afinitas"",""parent_id"":""37f14ef3b6461ad2"",""path"":""1_Electronic/Keyboard_32.jpg"",""region_id"":""3b928b446e7e94e4f4286c7b""},{""role"":""anggota tambahan"",""parent_id"":""c646218c52920ba1"",""path"":""1_Electronic/Player_264.jpg"",""region_id"":""b7410bc4f897a933ae4a8f5b""}]",3,2,2,3,3,2,printer,Mayoritas contoh perangkat cetak tetapi bentuk slot dan tepi masih beragam.,rejected_visual_review,generic_device_edge,0,0,54.0,agent_evaluated_offline_from_original_photo_context_and_exact_region_crop,discovery_hypothesis_not_component_identity_or_hidden_content,84
72,F0072,area kontrol perangkat terbuka,unusual_substructure|unresolved_pattern,3,3,rare_two_to_four_parent_hypothesis,1,0.0,1.0,"{""Tumpukan dan rakitan campuran"":3}",3,"{""laptop"":1,""nama_sumber_tidak_terstruktur"":1,""papan_rangkaian"":1}",1.0,1.0,1.0,1.0,1.0,"{""dino_r0.5_s11"":1.0,""dino_r0.5_s23"":1.0,""dino_r0.5_s37"":1.0,""dino_r1_s11"":1.0,""dino_r1_s23"":1.0,""dino_r1_s37"":1.0,""dino_r1.5_s11"":1.0,""dino_r1.5_s23"":1.0,""dino_r1.5_s37"":1.0,""reweighted_r0.5_s11"":1.0,""reweighted_r0.5_s23"":1.0,""reweighted_r0.5_s37"":1.0,""reweighted_r1_s23"":1.0,""reweighted_r1_s37"":1.0,""reweighted_r1.5_s11"":1.0,""reweighted_r1.5_s23"":1.0,""reweighted_r1.5_s37"":1.0}",0.7591131925582886,0.8048978447914124,-0.0234559178352355,0.9960371356293356,3,"[{""role"":""medoid"",""parent_id"":""3f6bb1af8fa2d879"",""path"":""1_Electronic/76.motherboard_en.jpg"",""region_id"":""80aeb837a3e897cf84c0cb62""},{""role"":""bagian besar"",""parent_id"":""7d0872af20f59619"",""path"":""1_Electronic/71.Laptop-Recycling.jpg"",""region_id"":""a1fc6f248c920a811dbb8f7c""},{""role"":""anggota tambahan"",""parent_id"":""497b0feae662c8aa"",""path"":""1_Electronic/69.E-Waste.jpg"",""region_id"":""e8105cc22ee0de0e3ec0ad16""}]",2,3,3,2,2,3,mounted_detached,Keyboard workbench dan perangkat terbuka bercampur tanpa satu bagian pasti.,not_retained_low_support,support_below_20_unique_parents,0,0,52.25,agent_evaluated_offline_from_original_photo_context_and_exact_region_crop,discovery_hypothesis_not_component_identity_or_hidden_content,85
75,F0075,basis bundar atau drum perangkat,unusual_substructure|unresolved_pattern,3,3,rare_two_to_four_parent_hypothesis,2,0.9182958340544894,0.6666666666666666,"{""Tumpukan dan rakitan campuran"":2,""Papan rangkaian"":1}",1,"{""nama_sumber_tidak_terstruktur"":3}",1.0,1.0,1.0,1.0,1.0,"{""dino_r0.5_s11"":1.0,""dino_r0.5_s23"":1.0,""dino_r0.5_s37"":1.0,""dino_r1_s11"":1.0,""dino_r1_s23"":1.0,""dino_r1_s37"":1.0,""dino_r1.5_s11"":1.0,""dino_r1.5_s23"":1.0,""dino_r1.5_s37"":1.0,""reweighted_r0.5_s11"":1.0,""reweighted_r0.5_s23"":1.0,""reweighted_r0.5_s37"":1.0,""reweighted_r1_s23"":1.0,""reweighted_r1_s37"":1.0,""reweighted_r1.5_s11"":1.0,""reweighted_r1.5_s23"":1.0,""reweighted_r1.5_s37"":1.0}",0.4453244209289551,0.5180494785308838,-0.0290853884071111,0.9868732560402244,3,"[{""role"":""medoid"",""parent_id"":""ede3cffb9aff3b90"",""path"":""1_Electronic/2.pngtree-camera-lens-broken-part-close-up-shattered-photo-picture-image_7350404.jpg"",""region_id"":""8ae293dd9038383761e73c20""},{""role"":""bagian kecil"",""parent_id"":""90dcbcdff128fea2"",""path"":""1_Electronic/8.Lapak-lapak-sekitar-3117968952.jpg"",""region_id"":""d3d77fb001a914804b852682""},{""role"":""bagian besar"",""parent_id"":""f92932b857e07c40"",""path"":""1_Electronic/66.images28329.jpeg"",""region_id"":""c604c031a252a66f11c83021""}]",2,3,3,2,2,3,electromechanical,Bentuk bundar pada perangkat dan tumpukan belum cukup koheren.,not_retained_low_support,support_below_20_unique_parents,0,0,52.25,agent_evaluated_offline_from_original_photo_context_and_exact_region_crop,discovery_hypothesis_not_component_identity_or_hidden_content,85
86,F0086,komponen atau kontrol bundar elektronik,unusual_substructure|unresolved_pattern,2,2,rare_two_to_four_parent_hypothesis,1,0.0,1.0,"{""Papan rangkaian"":2}",2,"{""papan_rangkaian"":1,""nama_sumber_tidak_terstruktur"":1}",1.0,1.0,1.0,1.0,1.0,"{""dino_r0.5_s11"":1.0,""dino_r0.5_s23"":1.0,""dino_r0.5_s37"":1.0,""dino_r1_s11"":1.0,""dino_r1_s23"":1.0,""dino_r1_s37"":1.0,""dino_r1.5_s11"":1.0,""dino_r1.5_s23"":1.0,""dino_r1.5_s37"":1.0,""reweighted_r0.5_s11"":1.0,""reweighted_r0.5_s23"":1.0,""reweighted_r0.5_s37"":1.0,""reweighted_r1_s23"":1.0,""reweighted_r1_s37"":1.0,""reweighted_r1.5_s11"":1.0,""reweighted_r1.5_s23"":1.0,""reweighted_r1.5_s37"":1.0}",0.8684130311012268,0.8643062710762024,0.0041067600250244,1.0,2,"[{""role"":""medoid"",""parent_id"":""4f6ec3bc61ff8691"",""path"":""1_Electronic/pcb_255.jpg"",""region_id"":""7f6ecf88f213ec0d94796a4a""},{""role"":""bagian kecil"",""parent_id"":""f31eb930193abb3d"",""path"":""1_Electronic/wiring_problems_xl_banner.jpg"",""region_id"":""f0f4e6cdf0b9b4379440e912""}]",2,3,3,2,2,3,pcb|audio,Bentuk bundar pada papan dan panel audio belum cukup spesifik.,not_retained_low_support,support_below_20_unique_parents,0,0,52.25,agent_evaluated_offline_from_original_photo_context_and_exact_region_crop,discovery_hypothesis_not_component_identity_or_hidden_content,85
80,F0080,panel belakang ponsel satu bentuk,recurring_part|unresolved_pattern,3,3,rare_two_to_four_parent_hypothesis,1,0.0,1.0,"{""Ponsel"":3}",1,"{""nama_sumber_tidak_terstruktur"":3}",1.0,0.008379888268156424,0.00949367088607595,0.00949367088607595,0.0066815144766146995,"{""dino_r0.5_s11"":0.006880733944954129,""dino_r0.5_s23"":0.0066815144766146995,""dino_r0.5_s37"":0.006880733944954129,""dino_r1_s11"":0.00949367088607595,""dino_r1_s23"":0.00949367088607595,""dino_r1_s37"":0.00949367088607595,""dino_r1.5_s11"":0.013157894736842105,""dino_r1.5_s23"":0.022556390977443608,""dino_r1.5_s37"":0.013157894736842105,""reweighted_r0.5_s11"":0.008746355685131196,""reweighted_r0.5_s23"":0.008379888268156424,""reweighted_r0.5_s37"":0.008379888268156424,""reweighted_r1_s23"":1.0,""reweighted_r1_s37"":1.0,""reweighted_r1.5_s11"":1.0,""reweighted_r1.5_s23"":0.08108108108108109,""reweighted_r1.5_s37"":0.08108108108108109}",0.9499069452285768,0.9506855010986328,-0.0429627895355224,0.8943193664092207,3,"[{""role"":""medoid"",""parent_id"":""ce285a6a7f3162ed"",""path"":""1_Electronic/IMG_20200329_201011.jpg"",""region_id"":""78ba439d36071326b2db60d5""},{""role"":""bagian kecil"",""parent_id"":""b15e24d5cf721454"",""path"":""1_Electronic/IMG_20200329_201009.jpg"",""region_id"":""484bdab0ab7dc3ef4ccb648b""},{""role"":""bagian besar"",""parent_id"":""ad2f1fe6cd9126ee"",""path"":""1_Electronic/IMG_20200329_201015.jpg"",""region_id"":""d50995407d7705c2c4e912f9""}]",4,1,2,4,2,3,handheld,Tiga ponsel sangat serupa; source diversity perlu diperiksa.,not_retained_low_support,support_below_20_unique_parents,0,0,48.25,agent_evaluated_offline_from_original_photo_context_and_exact_region_crop,discovery_hypothesis_not_component_identity_or_hidden_content,89
91,F0091,isi layar statis atau permainan,visible_condition|unresolved_pattern,2,2,rare_two_to_four_parent_hypothesis,2,1.0,0.5,"{""Tumpukan dan rakitan campuran"":1,""Layar dan televisi"":1}",1,"{""nama_sumber_tidak_terstruktur"":2}",1.0,1.0,1.0,1.0,1.0,"{""dino_r0.5_s11"":1.0,""dino_r0.5_s23"":1.0,""dino_r0.5_s37"":1.0,""dino_r1_s11"":1.0,""dino_r1_s23"":1.0,""dino_r1_s37"":1.0,""dino_r1.5_s11"":1.0,""dino_r1.5_s23"":1.0,""dino_r1.5_s37"":1.0,""reweighted_r0.5_s11"":1.0,""reweighted_r0.5_s23"":1.0,""reweighted_r0.5_s37"":1.0,""reweighted_r1_s23"":1.0,""reweighted_r1_s37"":1.0,""reweighted_r1.5_s11"":1.0,""reweighted_r1.5_s23"":1.0,""reweighted_r1.5_s37"":1.0}",0.737864077091217,0.7519341707229614,-0.0140700787305831,1.0,2,"[{""role"":""medoid"",""parent_id"":""c1f23791c7e4feb3"",""path"":""1_Electronic/5.sddefault.jpg"",""region_id"":""2c8aa747aac92559233c3635""},{""role"":""bagian kecil"",""parent_id"":""d215449ab0a68446"",""path"":""1_Electronic/11.thats-my-dads-computer-maingear-revives-the-90s-again-with-r_wf85.jpg"",""region_id"":""c3c4d61c66f71227ba4b2c87""}]",2,2,3,2,2,3,screen_condition,Satu layar bermasalah dan satu layar permainan; tidak cukup untuk kondisi tunggal.,not_retained_low_support,support_below_20_unique_parents,0,0,47.75000000000001,agent_evaluated_offline_from_original_photo_context_and_exact_region_crop,discovery_hypothesis_not_component_identity_or_hidden_content,90
103,F0103,perangkat hitam bertumpuk satu sumber,common_category_pattern|unresolved_pattern,2,2,rare_two_to_four_parent_hypothesis,1,0.0,1.0,"{""Tumpukan dan rakitan campuran"":2}",1,"{""monitor_layar"":2}",1.0,1.0,1.0,1.0,1.0,"{""dino_r0.5_s11"":1.0,""dino_r0.5_s23"":1.0,""dino_r0.5_s37"":1.0,""dino_r1_s11"":1.0,""dino_r1_s23"":1.0,""dino_r1_s37"":1.0,""dino_r1.5_s11"":1.0,""dino_r1.5_s23"":1.0,""dino_r1.5_s37"":1.0,""reweighted_r0.5_s11"":1.0,""reweighted_r0.5_s23"":1.0,""reweighted_r0.5_s37"":1.0,""reweighted_r1_s23"":1.0,""reweighted_r1_s37"":1.0,""reweighted_r1.5_s11"":1.0,""reweighted_r1.5_s23"":1.0,""reweighted_r1.5_s37"":1.0}",0.9823862314224244,0.8563830256462097,0.1260031759738922,1.0,2,"[{""role"":""medoid"",""parent_id"":""395c662a39569d2f"",""path"":""1_Electronic/2.lcd-monitor-scrap-500x500.jpg"",""region_id"":""ac6233ba59f8992a93af52ba""},{""role"":""bagian kecil"",""parent_id"":""ce2040b71cbc3701"",""path"":""1_Electronic/8.LCD-Monitor-scrap.jpg"",""region_id"":""a31692b18f11fa3d3d27ee73""}]",3,1,2,3,1,3,mounted_detached,Dua crop tumpukan perangkat tampak dari sumber sama.,not_retained_low_support,support_below_20_unique_parents,0,0,42.0,agent_evaluated_offline_from_original_photo_context_and_exact_region_crop,discovery_hypothesis_not_component_identity_or_hidden_content,96
