family_internal,machine_family_id,visual_name_id,role,parent_id,source_relative_path,source_sha256,region_id,feature_row,resolution_status
0,F0000,permukaan papan sirkuit terpopulasi,anggota tambahan,b275c60a261cafd5,1_Electronic/pcb_50.jpg,b0348a636284df37bef2d1365df044b806c032508af67ed5131220d80dc9e6e0,05e0c93336966c3f88f9fa3b,41741,fine_visible_geometry
0,F0000,permukaan papan sirkuit terpopulasi,bagian besar,928412fc2e19b9ed,1_Electronic/pcb_296.jpg,d6e082bed623c8e5b77e0b2a29de5d4b06cf6264afe8c3a24e909766eb74df6c,55b22e70e91ed07a79da3d50,50762,fine_visible_geometry
0,F0000,permukaan papan sirkuit terpopulasi,bagian kecil,d727cf6c4ab4e3d3,1_Electronic/79.6.jpg,0579952ef1a5d8f24506e20400fab89609c68e40e7da5ec972e03d7fa3a142df,cf53bf9117ebdc8f0c60df60,1332,fine_visible_geometry
0,F0000,permukaan papan sirkuit terpopulasi,batas afinitas,e14fd8301d0c2fc1,1_Electronic/pcb_260.jpg,c97de10a8c4bac4ef98f015ccddf41e20f95704d04d319e11180931f345216aa,31774f01633646474f5a5e94,47456,fine_visible_geometry
0,F0000,permukaan papan sirkuit terpopulasi,medoid,35bab23240072254,1_Electronic/pcb_294.jpg,39ac6c787619b5bff2730e7884bf1af9b81c602e74b9985711bc63309ffdebdf,159a4d55eea8a962f0070170,14187,fine_visible_geometry
0,F0000,permukaan papan sirkuit terpopulasi,variasi posisi,8d1a3e3beec4d0e8,1_Electronic/pcb_200.jpg,86c389f96ae4b90b2fb3d95a970905091e62247a5d26ba1a26fb35583c18f8f1,1ebe514e1c136ca98548dbf4,31941,fine_visible_geometry
1,F0001,permukaan layar gelap perangkat genggam,anggota tambahan,ee7d4b62678be5a2,1_Electronic/Mobile_186.jpg,0ab55fb3109d6dc9f2234b247c8bc208cc419cad955e92eca2a1112d7b087a7f,c922a8ac5a73ecba7030d3a3,2633,fine_visible_geometry
1,F0001,permukaan layar gelap perangkat genggam,bagian besar,6e466ca474e7b857,1_Electronic/Mobile_91.jpg,b00995321f50736b22070e0cd2d5c3307db51914009152f58d60b0a6639491c9,2d5c6310f4217ef442ce1b44,41665,fine_visible_geometry
1,F0001,permukaan layar gelap perangkat genggam,bagian kecil,73aa025199d88f3d,1_Electronic/IMG-20200328-WA0032.jpg,7c39f4efb3d2482454c59524847fe720e7c166fc29864fd8bc2bf77cee4a708c,d57cd097173a2237ca13ae8a,29296,fine_visible_geometry
1,F0001,permukaan layar gelap perangkat genggam,batas afinitas,1b6dd85f7487ce25,1_Electronic/brokenp.jpg,e50dda3536e5fb2bfe788e4a9909defbadaf80042e30755c89a83f1cf665a1bf,98e0458a5bc6205c281ff522,54149,fine_visible_geometry
1,F0001,permukaan layar gelap perangkat genggam,medoid,5f456f3922676beb,1_Electronic/Mobile_230.jpg,452b0fb97e34b1489f145d6b8de076d7ee6f8785a41a988ab998ec2a1b3da5d2,5eaceb140308cce7af0394ae,16867,fine_visible_geometry
1,F0001,permukaan layar gelap perangkat genggam,variasi posisi,ddfd3e71a2e913e3,1_Electronic/IMG-20200328-WA0048(1).jpg,9fa36bb40ff47e3ef8173de5f5f5848d1c5d4ab5a9579af4e2ca9dea106a18f5,00ee51a9157f5989e5e85d1f,37847,fine_visible_geometry
2,F0002,fragmen tumpukan perangkat dan layar,anggota tambahan,e717663cfc526545,1_Electronic/15.electronicwaste.jpg,100cb32eae78edd34cd2e082bcdf6d8647d257af9168dca6826f6ec2f518b781,e757611339627459d0fdb043,3799,fine_visible_geometry
2,F0002,fragmen tumpukan perangkat dan layar,bagian besar,59908d01a394c974,1_Electronic/64.maxresdefault.jpg,7743befe4359b8228f5b8c5e611a917b32bac8941c5d49598f3ee634c9f9ca66,01fec3d644e192c311e29e4d,28000,fine_visible_geometry
2,F0002,fragmen tumpukan perangkat dan layar,bagian kecil,d8a3a6f6bb2c5bf3,1_Electronic/16.guiyuewaste.jpg,6875a3e51357c03feedb375849430100fa9f9358e8fbb2c2930e99ea0be21bdc,029174a89aa001b58ff3d432,24684,fine_visible_geometry
2,F0002,fragmen tumpukan perangkat dan layar,batas afinitas,418c26ca6b01e74f,1_Electronic/11.landfill-e-waste-scaled.jpg,7264e1fd46e78b781dad10b765e5a2227276975e1635be6ffbf08e8cce7d9b26,fad013fa2be9e25e66fb56e7,27020,fine_visible_geometry
2,F0002,fragmen tumpukan perangkat dan layar,medoid,cd3069cc66bee75e,1_Electronic/6.classic-desktop-computer-system-past-260nw-2648304523.jpg,623193dd8c929d613e114fcb806653b3f55219ef6e1e5f6b57138315f1177424,43ecfcac96f1f57c8ccef419,23111,fine_visible_geometry
2,F0002,fragmen tumpukan perangkat dan layar,variasi posisi,11085aad8eb5953f,1_Electronic/4.Ilustrasi-Barang-Elektronik-Yang-Rusak-Akibat-Listrik-Yang-Tidak-Stabil-300x169.jpeg,b755334e0409bef43c025d03bf4837727e6f6b35ae72e9305e13058a4e31b9d6,a8917a5a9139c1f3ef645567,43246,fine_visible_geometry
3,F0003,zona depan dan keluaran pencetak,anggota tambahan,bc38280a3187a9f7,1_Electronic/Printer_95.jpg,4ab5521bdc38f2095f08cb7cdd05b2533047f11560db6a6c276ca210d582e128,076dcf93170556f88e7de986,18173,fine_visible_geometry
3,F0003,zona depan dan keluaran pencetak,bagian besar,ebcedd4ba04a1d34,1_Electronic/Printer_72.jpg,7338ca81f50f42833696c87c0b93b638ff45618ef070f26795313012f3408e2b,c5d2023a9536f970774c3801,27205,fine_visible_geometry
3,F0003,zona depan dan keluaran pencetak,bagian kecil,d717ec161760eee1,1_Electronic/Printer_255.jpg,3d7e1584e2e1037d9bfa36e398477ba9cad3e0195575cd5685c4bed8744b5cb7,f9500965cf671fd761941941,14986,fine_visible_geometry
3,F0003,zona depan dan keluaran pencetak,batas afinitas,29cc9780516848db,1_Electronic/Printer_138.jpg,682cf1392a945f9c306835cd790c5b257ead660a6ff5bcd73d38d725b67c9921,5b4166fc492191f11bfba378,24597,fine_visible_geometry
3,F0003,zona depan dan keluaran pencetak,medoid,74a25c18501ef94a,1_Electronic/Printer_264.jpg,746a6b99cd60b5dd7e086a7958fe0a7a4147e436ef64b431bacc5b368bbd215a,a23ad442010de125af576ecc,27414,fine_visible_geometry
3,F0003,zona depan dan keluaran pencetak,variasi posisi,085e31aaa1f5ffb0,1_Electronic/Printer_106.jpg,411ae89b19edf95952864dd06242469cdab4e6f3e1370b0bf1bf4cfbb014d1d6,6c4eae9e6103de7941ddb852,15926,fine_visible_geometry
4,F0004,fragmen permukaan dan latar campuran,anggota tambahan,a6859f1191e18247,1_Electronic/320.jpeg,bda8c107323de74719633549d7778991429fc87336cb646641f2fbb0245dce97,c1cbb0ae650436ae08c87b56,44838,fine_visible_geometry
4,F0004,fragmen permukaan dan latar campuran,bagian besar,be49219ea0e39699,1_Electronic/20.computer-motherboard-scrap.jpg,26696f17af6ac2093dd35964f43c133a63c269817356656ef2e57802633f491d,89ea42e2fc105403bb631288,9147,fine_visible_geometry
4,F0004,fragmen permukaan dan latar campuran,bagian kecil,3ea066ff187efc12,1_Electronic/84.broken-pc.jpg,99d6c18fe2476c310ab55e19b2e1b47829fff85ddc90bfe7f3fa0be147852adf,ccbf822bcc52d0ba6bbab2a8,36403,fine_visible_geometry
4,F0004,fragmen permukaan dan latar campuran,batas afinitas,db6ff604cc56351b,1_Electronic/Television_184.jpg,5c125b37d7b2bd10d400d46d91cc2eb536a871e55c46afc105644cb3d531c5aa,b1991db8394dd4e9891c0cb2,21807,fine_visible_geometry
4,F0004,fragmen permukaan dan latar campuran,medoid,00c38a341b5ba5f0,1_Electronic/Mouse_21.jpg,a31d415701c32442a299bc61b42f5cad68146990eaea3a8ddf2e32d1f1b8718a,1fb2f4d891b8e6da323630f6,38688,fine_visible_geometry
4,F0004,fragmen permukaan dan latar campuran,variasi posisi,e221406e6e88939b,1_Electronic/IMG-20200328-WA0047.jpg,ebe4e06bbdc0702481ce56d72e287c16eec901fed4be42f2a13b2ce6050cc972,53f8e309a296cffb4e554c92,55717,fine_visible_geometry
5,F0005,matriks tombol papan ketik,anggota tambahan,075251812b1fded9,1_Electronic/Keyboard_180.jpg,bb9e21b97f4a81da6a3d1db23b23d4c973e9dde69539b5b8225b22545363b64a,6d1bdcd745574d01eaea9436,44436,fine_visible_geometry
5,F0005,matriks tombol papan ketik,bagian besar,e68c1ccc4b3e984f,1_Electronic/Keyboard_251.jpg,daeff97399d31075ddd3721399a06d2069e12a88cf37464d0378ff7c7153cb4f,3ff7bac37c70e5d721496592,51656,fine_visible_geometry
5,F0005,matriks tombol papan ketik,bagian kecil,99739632ed892b70,1_Electronic/4.jpeg,07e2abef1cbe4465af4a48741a1824ec16de17189cce94b48e0e6ba3f1fd0812,5c9595c68643eca147df0333,1899,fine_visible_geometry
5,F0005,matriks tombol papan ketik,batas afinitas,543c84fcbe884d8c,1_Electronic/Keyboard_204.jpg,2b1f01f5da9c3291a34ccf9912cedbd3b0db7d57320dc9afc0373f03e4e3685a,7f1a34fd5bd15949e014b323,10751,fine_visible_geometry
5,F0005,matriks tombol papan ketik,medoid,0ffd6974456a54d4,1_Electronic/Keyboard_41.jpg,735d461a134f91dca7270f9bf4dbea9e5eec31b4daa65a990660fa54890e61e7,12191aa14aaf721ddf89c669,27271,fine_visible_geometry
5,F0005,matriks tombol papan ketik,variasi posisi,0e9da048b92ff8e8,1_Electronic/Keyboard_193.jpg,5f885df5ed23664d673f3e71745e078ce83be4b521dcf24a6fa8d109e48a61eb,f61d1e5271065ca865227626,22428,fine_visible_geometry
6,F0006,cangkang dan kontrol tetikus,anggota tambahan,483403c315e47681,1_Electronic/Mouse_124.jpg,ef8854732b1d0ea8a0d8699b6e48c66344e993033b443011347e1fbff45720fb,6ede623d8ec03492debb39c1,56526,fine_visible_geometry
6,F0006,cangkang dan kontrol tetikus,bagian besar,21d4b2f55d691e20,1_Electronic/Mouse_131.jpg,bdcd500dba7a2429b3f7453cfd8470d559d197920e9ba82d69875b7388d92121,6f60360e253a4653ae2151ae,44874,fine_visible_geometry
6,F0006,cangkang dan kontrol tetikus,bagian kecil,598ceb49ea06455d,1_Electronic/778.jpeg,c63478f8ac62f3751d3ab5fdceca13b30f681b1dcbb6043c2c717526dc49a459,5f910450043080e5fbd4150f,46665,fine_visible_geometry
6,F0006,cangkang dan kontrol tetikus,batas afinitas,1beb2c17137290f0,1_Electronic/Mouse_92.jpg,a8d0f43899eb7445e3b8117844457e707d2e7206ae11c44c3f6a2ea1ec4bcd29,e0113cef81a43b5f7a71406d,39938,fine_visible_geometry
6,F0006,cangkang dan kontrol tetikus,medoid,c5cfae219886ef07,1_Electronic/Mouse_65.jpg,2c9c0aec2cfefcd0ba57579bec9a2a4b78a25498dee3d3c91fac0b93cf69b02a,c084f6874fcd8178a27565bf,11087,fine_visible_geometry
6,F0006,cangkang dan kontrol tetikus,variasi posisi,a3320bc8493a1906,1_Electronic/791.jpg,78c7b7bbfe1fcc10cc5996829ef102ed8d77915cc0fd58248c7ef70617638278,9b3617b60a9183521a9e1d90,28302,fine_visible_geometry
7,F0007,panel depan perangkat audio,anggota tambahan,e5e2b36968f9484e,1_Electronic/Player_279.jpg,84185f692a85cde57dca647a087d6c9b1e66976d31af2af948e5ed54472fd292,0f2e4720e22b25b9635342ef,31373,fine_visible_geometry
7,F0007,panel depan perangkat audio,bagian besar,b87ed03ab4aee55d,1_Electronic/Player_216.jpg,22e73910295ea04728944d6c45d0dad929cdc05ef957cfbf25bc69e996a80994,654bbbfd46493e87a08e1a6e,8333,fine_visible_geometry
7,F0007,panel depan perangkat audio,bagian kecil,f124830fa2e05e0f,1_Electronic/Player_7.jpg,e7fa02a4d2b568c658848fed1b33b017f230775058a45a7dd2ba6f63ad75fb2c,9f0f8eff861312a8b73696ae,54864,fine_visible_geometry
7,F0007,panel depan perangkat audio,batas afinitas,1446ea8a91ab1641,1_Electronic/pcb_98.jpg,0229ab0d48dcab2578da582acc9bf47c9e2062b22e39fd5ea8157b36462052ce,b1494ceec442391bab898571,592,fine_visible_geometry
7,F0007,panel depan perangkat audio,medoid,988d0a65258a62d6,1_Electronic/Player_218.jpg,6ae31378722970b6c8a421a2a7a4a34062cb53cbe89e0b3714ba51b90dd25d45,2ef115e1464095d2cc0d7070,25236,fine_visible_geometry
7,F0007,panel depan perangkat audio,variasi posisi,1e474944ee583ce8,1_Electronic/Player_96.jpg,448d7ce2bc668dcec95ae51eadb709856aeb839abf733aabd04c0337313a46dd,c346885424427b016c4cac7b,16777,fine_visible_geometry
8,F0008,tepi bawah perangkat gelap,anggota tambahan,af98b348b877418d,1_Electronic/Mouse_142.jpg,7905dc954baf30b7050bc6433c39f48cff9dd0ede43ad4caccb2aadb130c0d71,38553cbe95d0abce3fad7094,28377,fine_visible_geometry
8,F0008,tepi bawah perangkat gelap,bagian besar,94d8885eff2df083,1_Electronic/Mouse_260.jpg,3622b728e617e732fab9a6fc8ab0686d100e460e3dea5739c37df6f2303a5aa7,32956fbbea7e81564c4c3516,13305,fine_visible_geometry
8,F0008,tepi bawah perangkat gelap,bagian kecil,492cc8aac4385dfa,1_Electronic/346.jpeg,d26cbbf661a2f8893986a1b35817a1a5ea2006dcf84855e36a03e9f6ecdf9f56,b147bde4dee91788b9b212b8,49567,fine_visible_geometry
8,F0008,tepi bawah perangkat gelap,batas afinitas,e3eaf507766afd28,1_Electronic/39.free-photo-of-jalan-smartphone-ponsel-pintar-rusak.jpeg,7d03bf95358c5b7a36716e0dbd73ad137ceb8b6436a5c963a51bbf85511661b0,b7296eaba9991af4e17a35e3,29696,fine_visible_geometry
8,F0008,tepi bawah perangkat gelap,medoid,3a44485ed07e1c50,1_Electronic/Mouse_179.jpg,40d34fa96953a1b61f49549f5d398a423316f1b8a9e6d9c5e67eeb2c36f05b12,46f560cc929f107973edfbbc,15835,fine_visible_geometry
8,F0008,tepi bawah perangkat gelap,variasi posisi,9f09660857854ec1,1_Electronic/775.jpeg,ad330b5880a2305b35fd252868f11d9c5e822d32cc2d9b176af335ad6f681664,8a8f378a396e95496771e4e1,41010,fine_visible_geometry
9,F0009,fragmen kisi tombol,anggota tambahan,fc340a5f41fceb7f,1_Electronic/Keyboard_176.jpg,e5570b05af9419f7bad71d920465d556fac1794f45b7911bece529353e5fa8dc,df163a696c81a5f5a3151683,54180,fine_visible_geometry
9,F0009,fragmen kisi tombol,bagian besar,9bf26e7fe4fb9e8c,1_Electronic/Keyboard_128.jpg,a76dd1086126508a28fd0186a4f73833aed19fa2966b27c21b6d9b4baa7ee76d,55d0f3dda875b438e185de73,39534,fine_visible_geometry
9,F0009,fragmen kisi tombol,bagian kecil,b99d227091b8f1b1,1_Electronic/24.laptop_repair_6.jpg,878e5bf39e977325308f09d3dbe2f2fd025cc27938a04a8300b56f56b4493571,96feb430b89f798e5d9d8ec2,32071,fine_visible_geometry
9,F0009,fragmen kisi tombol,batas afinitas,8a594dab9da317ba,1_Electronic/19.pile-of-discarded-laptops-tablets-and-keyboards-e-waste-recycling-concept-photo.jpg,ec5543e305406f7eb4635fe95a7eea05f7c76acfbad7eeec2b879e9ae3b9802d,b60aa0d1b71f61d5fe91a430,55756,fine_visible_geometry
9,F0009,fragmen kisi tombol,medoid,943e57cc2dcbc2cb,1_Electronic/Keyboard_70.jpg,2a70505e19cb9974aa62e4b7da4b3e10413e9c17094adab35ae5dcfd26bf4826,ce092ed620168d101bfd0102,10586,fine_visible_geometry
9,F0009,fragmen kisi tombol,variasi posisi,d4e4a17c31973684,1_Electronic/Keyboard_252.jpg,9ef161b02982ce491919e9017b75cb01c085395607b8158fdef4368f744336ff,d201400a1aa9ae78a0de5387,37659,fine_visible_geometry
10,F0010,casing dan terminal paket baterai,anggota tambahan,19a387c82a783729,1_Electronic/battery_37.jpg,c53ba1184ec1be35d5c8e246ef68eb592e9d3a40a0c2efa6ac0e509c2b0fea7e,ced7f2fc0cc6d352ece61a01,46355,fine_visible_geometry
10,F0010,casing dan terminal paket baterai,bagian besar,c8a075561acfd73d,1_Electronic/battery_281.jpg,7ca31155ce7e3dc7f54c0f26f0d56e7bb25a7ba65bd67db457cbbb013940df7a,84524decca9ac1eac70dcad4,29483,fine_visible_geometry
10,F0010,casing dan terminal paket baterai,bagian kecil,1aa0eb1bad8f36a8,1_Electronic/battery_206.jpg,5b6183d84a619ee6c2f891f660411513c46fcc543543fdda4925ac8c10a56921,0ce4199c19d3b39a60c9cb23,21672,fine_visible_geometry
10,F0010,casing dan terminal paket baterai,batas afinitas,007f3f7b192fa850,1_Electronic/battery_70.jpg,c4d4284fa52cee350df736938713cf6af125c8f341080e987e0590b65aa5a80e,1624c37efa49d61cb08f628b,46159,fine_visible_geometry
10,F0010,casing dan terminal paket baterai,medoid,c77d018fcf96801f,1_Electronic/battery_54.jpg,7e8e3fc43860d352de8fea74b7cf0084e36715e813e0e8812680ce37fc87d97a,863f8c4f67797a604b8e6524,30181,fine_visible_geometry
10,F0010,casing dan terminal paket baterai,variasi posisi,d9c71e38c4627f9a,1_Electronic/battery_137.jpg,5ec0f1c3f52947137d93793adada1cf9a8e27e1675e13cafaac785545f1f7061,b0c975a7d21b1c9aecd4b2d9,22194,fine_visible_geometry
11,F0011,permukaan layar gelap monitor,anggota tambahan,d273627be025fcf0,1_Electronic/Television_108.jpg,c24c00c775197ccc3920b5510e05ab1d60090d9e699d92f45b454bb79bb664cf,06992db4f8c7c4478bac025d,45695,fine_visible_geometry
11,F0011,permukaan layar gelap monitor,anggota tambahan,ed704744c6ad9e5e,1_Electronic/Television_72.jpg,8a3747434004a1ba7245652df1f2d1fb432b5e64337c0bb02ef9d83a81b14632,e60ae95c0021e6d08ac3598a,32692,fine_visible_geometry
11,F0011,permukaan layar gelap monitor,bagian besar,adcbf79fc0cba63a,1_Electronic/311.jpeg,3ece50ff3ab9e197616134d7389fc75cf3926c38c4adf14890b20779a1de1fd6,9f9a5e6b12808fd2712c4b76,15240,fine_visible_geometry
11,F0011,permukaan layar gelap monitor,bagian kecil,92494059b379b0ac,1_Electronic/Television_211.jpg,5a4e0183b12aee3e8e8e8d0f89aa00459dc638e0fd334eb57b38d9b6dec506df,fd3fd2291eb1adbc4f493cf6,21447,fine_visible_geometry
11,F0011,permukaan layar gelap monitor,medoid,3a729eeb92d54965,1_Electronic/Television_171.jpg,01768b4f3312161cb17e9d7e7a1eea07a6cfe4bc5ced1ee2ba3618782307c6d6,7ddc1e9d5e9ef7aa0617bd9a,355,fine_visible_geometry
11,F0011,permukaan layar gelap monitor,variasi posisi,3d592ebecbb1a907,1_Electronic/Television_160.jpg,c438b12d6f9b90550abb205f00c0fc24282e61ee04c4b743ad2ba2215a54dc94,4ecff0e798bd88cad9f092b1,46096,fine_visible_geometry
12,F0012,basis dan tepi objek terang,anggota tambahan,4a029ce550e1886c,1_Electronic/Mouse_165.jpg,6d0e0aea1ca01c5980c1341105e284a452881a3b693e75bbe1a1656898e4eeb6,65ee8a1a8c4585d98d19d9c8,25754,fine_visible_geometry
12,F0012,basis dan tepi objek terang,bagian besar,48573444fd3bda5f,1_Electronic/Printer_50.jpg,864973dd3a6c4974cb24a2628ed7721d62850189931d2da827ca7f7fe648fcda,c931a29f1b1d2dd7eef558d0,31856,fine_visible_geometry
12,F0012,basis dan tepi objek terang,bagian kecil,69139959098cb052,1_Electronic/68.broken-laptop.jpg,56cbfec4de72e6aac87cb3f42367f6e0665211a059d88adee5d435f936b0d155,fdc6c9cc9db0b5035dc7ac7e,20797,fine_visible_geometry
12,F0012,basis dan tepi objek terang,batas afinitas,0e0dfc2eedec067c,1_Electronic/Player_149.jpg,4a63a64770bcc36882d7814b2d40fc154721b08ad9f6e9b3b1b4aa4d63fa64f1,8efe51bda3b44a886be21504,18099,fine_visible_geometry
12,F0012,basis dan tepi objek terang,medoid,326ce88d44c13f2d,1_Electronic/battery_114.jpg,131a7012669de3147903b5774907a866db9921ca99da9c6e1403ff409847f81b,3c7369710bf44eff1915cb24,4450,fine_visible_geometry
12,F0012,basis dan tepi objek terang,variasi posisi,5cd94a7003ee6078,1_Electronic/Mouse_175.jpg,0bc45cb035ae005004135b2953c12cbee99dbfc51bd92c872c28233e7ea44cc6,c6c7128ebc61d9cd54076d0f,2776,fine_visible_geometry
13,F0013,papan sirkuit dalam rakitan dan tumpukan,anggota tambahan,1bf87a01bab2b907,1_Electronic/72.hand-technician-repairing-broken-laptop-260nw-1719826171.jpg,90cfb70817f2eb0152ccb2c789637e6a4609db3f709a04b72a4723bf933a628a,457ff6653f5a83772b725fef,34119,fine_visible_geometry
13,F0013,papan sirkuit dalam rakitan dan tumpukan,bagian besar,be49219ea0e39699,1_Electronic/20.computer-motherboard-scrap.jpg,26696f17af6ac2093dd35964f43c133a63c269817356656ef2e57802633f491d,19d0f5fae27c81d5f632029f,9148,fine_visible_geometry
13,F0013,papan sirkuit dalam rakitan dan tumpukan,bagian kecil,af33ecc677f953e3,1_Electronic/15.1-19121G4131J13.jpg,bc06f2c7c675b8c0cceaca75655e807e21c70f4e38c025e13f51f9149c8a8f91,6c1faa128535d9b2bc5a1db5,44472,fine_visible_geometry
13,F0013,papan sirkuit dalam rakitan dan tumpukan,batas afinitas,7ede4fe856d8ca57,1_Electronic/80.Untitled-design.jpg,2807c3764061418e4e90fda205faedf5d6dca04e651147a430ba86ed034704de,c83d346d76d734b76f6a786d,9673,fine_visible_geometry
13,F0013,papan sirkuit dalam rakitan dan tumpukan,medoid,93bcd9f51f027f41,1_Electronic/72.24102021-singapore-republic-of-singapore-asia-electronic-waste-e-waste-pile-from-discarded-laptop-computer-components-with-circuit-board-2H32PRD.jpg,5f2e7fbbc1d4a095f6a6feae261bc832e5cc8fffae340fa3e821e5b254c15d46,3c924a774442d2f716fe2dda,22342,fine_visible_geometry
13,F0013,papan sirkuit dalam rakitan dan tumpukan,variasi posisi,3ff9cc730e9c220f,1_Electronic/16.large-pile-of-e-waste-sadoff-e-recycling.jpeg,f636d5e4ca353425233d9208147882e38537d787b352ad59ef484919266c9e75,53a830da7d5d5857a18c677b,57980,fine_visible_geometry
14,F0014,fragmen objek pada adegan limbah,anggota tambahan,5c597954e4a57070,1_Electronic/24.according-to-the-unite.jpg,6438ba27e1bee641570b45caee2a15924a96ab2e52e7a3cba8e45c9f415ffd32,8ea2eb79e2aea096e33584ed,23575,fine_visible_geometry
14,F0014,fragmen objek pada adegan limbah,bagian besar,0a78d8191a313a18,1_Electronic/istockphoto-174876806-612x612.jpg,1a6c83504f07b2185ee9d2680b10b6b1c811916b2f0aaf35b309951c7d509aa1,bff749bb283c1b3154dc5924,6333,fine_visible_geometry
14,F0014,fragmen objek pada adegan limbah,bagian kecil,118e61575ecffab0,1_Electronic/68.Untitled-design-2024-07-11T112427.392.png,45f26e6cbdd89f3e218b14d7281b8bd72fd243d38a493b31c5fb6263bac20e8f,1159ee766a08c3a5ce9f0ada,17057,fine_visible_geometry
14,F0014,fragmen objek pada adegan limbah,batas afinitas,5e2d7e5b25e7a7d2,1_Electronic/342.jpeg,ea36929ef297864bd2043da70a41aef57c9af601356d516eff7c538262df5c3d,a543f42f7a0a5d10d3fdd816,55399,fine_visible_geometry
14,F0014,fragmen objek pada adegan limbah,medoid,9c93a95b2d7e4fac,1_Electronic/16.computer-recycling_800x800.jpg,1b1e5f42c00f6113b6030dc47d3d619a6ec2eb65b077b3f1312fd31ca2df859f,6b2eeb7c04f8a90a0b5dd8c7,6481,fine_visible_geometry
14,F0014,fragmen objek pada adegan limbah,variasi posisi,09cdc9dba6cda034,1_Electronic/Printer_193.jpg,1104bdb5c099d8b449435fdb235ceb77eef70069b4be017aab1543906bd8bcdb,f6de7e369e2296109926ac57,4015,fine_visible_geometry
15,F0015,strip samping speaker dan layar,anggota tambahan,8df0b4c73d8086cd,1_Electronic/Player_5.jpg,578952904f69225d23b14dcb71af25f9df30355823046130af1767a48d32a3f1,ef58cb6a13f6d721e793d0b3,20881,fine_visible_geometry
15,F0015,strip samping speaker dan layar,bagian besar,e45b1451e72fa0d1,1_Electronic/Television_149.jpg,6e96c31e90f6266b313d78f32c886215d44149cf060446a486e09df8239ac46e,4441422811b54f78577da827,26126,fine_visible_geometry
15,F0015,strip samping speaker dan layar,bagian kecil,7fa3dd0cc81a5ca3,1_Electronic/21.Broken-TV-screen.png,0f2f83d6353f9e90e80e0946f3e9fa3606e8f97eb9be02bff8d7dc78d712b6e5,ab05487b418def8a023608c2,3578,fine_visible_geometry
15,F0015,strip samping speaker dan layar,batas afinitas,b4eae77614d45fda,1_Electronic/Television_177.jpg,37b4fbd5cf40a716c039ee06a1ee57fa9f9f98c83ab6ea10426c571c2c5fd106,e2b6cf2c16e59119d152ee81,13680,fine_visible_geometry
15,F0015,strip samping speaker dan layar,medoid,e46aad2e8a2380a9,1_Electronic/Player_252.jpg,f821208bb298653a70cf9395c5484f85a9d69186f61f64d953c17c065a9a9e44,6a61ea22c1af3c4ab8d48d63,58357,fine_visible_geometry
15,F0015,strip samping speaker dan layar,variasi posisi,14005519827be1b5,1_Electronic/Television_47.jpg,ded743f8a473ee9f8156bc1c6bc65a6f8388af7805823d06b152050e6819e8a9,48bd19cbd3640fe7adce57f8,52479,fine_visible_geometry
16,F0016,muka layar tabung,anggota tambahan,9ebd8745251eaaaf,1_Electronic/Television_73.jpg,dd5fc254adead54a8bc02f65b2c404821d4a7fc254a9e1092a59c302a7db04d2,3782a4e37cfcc282f981410f,52079,fine_visible_geometry
16,F0016,muka layar tabung,bagian besar,1c51a03d0eee680d,1_Electronic/Television_79.jpg,850998e1104a17e74aebc4bea10fe9dd69f0c41c7eabdfab099127fffcb8fa16,13771c9a5d2d696d519e8ad1,31611,fine_visible_geometry
16,F0016,muka layar tabung,bagian kecil,9d2c09be22bcffe6,1_Electronic/77.an-old-tv-shattered-by-a-bullet-hole-in-a-garbage-pile-behind-a-wrecked-abandoned-house-wonder-valley-california-usa-high-desert-mojave-MN9P1X.jpg,f2c2192b8850438fb160a0265a0a8e28f5077593c3fa9318632036928ebef7c4,07fa4baefca6e52fd3eeab5e,57369,fine_visible_geometry
16,F0016,muka layar tabung,batas afinitas,bb3f63650beddc1e,1_Electronic/8.globalewaste.jpg,270dad4ee401e1b352643c79b6fe93e9908de7a9ff6373ac99348568fc249025,866974e2974b1f97e464422a,9357,fine_visible_geometry
16,F0016,muka layar tabung,medoid,d37b1ba0cf1bdc80,1_Electronic/Television_67.jpg,4f1c580d20f2e62e876bdb05605c2bc005e91ca64250d654136101b79808c037,76e3e7d7cee7a70167347d44,19181,fine_visible_geometry
16,F0016,muka layar tabung,variasi posisi,ae20f9230e34f552,1_Electronic/Television_263.jpg,40b616c5274e5d9f68deddd72ff9a0640222162469d92ded6a85c8405fe9dede,1acb4a3b3810838f0f911122,15802,fine_visible_geometry
17,F0017,kabel dan tepi periferal,anggota tambahan,2b264f5f1ab9293c,1_Electronic/Mouse_40.jpg,b1755b7669402fbe13edaf8be63c1c885c090dcc5fca564487d454265ca9c5d3,a09b330089da602a1b9fb99e,42184,fine_visible_geometry
17,F0017,kabel dan tepi periferal,bagian besar,0284d3f319120430,1_Electronic/Mouse_170.jpg,800e57cc878d4a756ab00613a5928aa88f1410ef9184b2db30c32afda77344f5,99a9b863d9fbeaa9b631612a,30585,fine_visible_geometry
17,F0017,kabel dan tepi periferal,bagian kecil,18006038e522a2a1,1_Electronic/816.jpeg,24c8465ad2c860d10de3da2685597e4af5c4546791ee585218be7a36f5d3cb62,d4f9a85c2faa0508e081046f,8736,fine_visible_geometry
17,F0017,kabel dan tepi periferal,batas afinitas,8685e8520f07f809,1_Electronic/Copy of IMG_20200328_221715.jpg,2652b67ffa13eb6eaace14ce0f288df302d632a95466e9e82269c1a16c2b2def,f180f203f4af2e3536f17e9f,9135,fine_visible_geometry
17,F0017,kabel dan tepi periferal,medoid,3fa0dcc46b249a22,1_Electronic/Mouse_132.jpg,eb52fc94f22eaabd027d08f381fbc7637f768e5e266392da828934ea8194edca,ecb7dae4ff592d2cda4cdb05,55524,fine_visible_geometry
17,F0017,kabel dan tepi periferal,variasi posisi,94d8885eff2df083,1_Electronic/Mouse_260.jpg,3622b728e617e732fab9a6fc8ab0686d100e460e3dea5739c37df6f2303a5aa7,59293f2707e4612ffbe5920e,13307,fine_visible_geometry
18,F0018,slot atau keluaran perangkat cetak,anggota tambahan,c646218c52920ba1,1_Electronic/Player_264.jpg,49cc142a3050fad9828fdd70882bdfc4e6388f34501e091033e04f70f63e9653,b7410bc4f897a933ae4a8f5b,17922,fine_visible_geometry
18,F0018,slot atau keluaran perangkat cetak,bagian besar,94c35b81b52b14ea,1_Electronic/Printer_223.jpg,e144163101b282ba0aa37fb99df1970b27683c755d5e0ca5958ccf21555dc570,a62d7c86caa611c806c4fd56,52960,fine_visible_geometry
18,F0018,slot atau keluaran perangkat cetak,bagian kecil,228ce125231d3c88,1_Electronic/Printer_136.jpg,3ff5e9614769d8b70f0062a9200c97aa101c84f8cbf92bdf297b9ad9fd2634f9,e4bc4d6e7e2634d839459751,15586,fine_visible_geometry
18,F0018,slot atau keluaran perangkat cetak,batas afinitas,37f14ef3b6461ad2,1_Electronic/Keyboard_32.jpg,e238db2c32cfbfbe1dba8acb9f51c0686c548365c249b6b041f27ae4d07de91c,3b928b446e7e94e4f4286c7b,53289,fine_visible_geometry
18,F0018,slot atau keluaran perangkat cetak,medoid,cbeb4763095b8b37,1_Electronic/Printer_52.jpg,aad092ccde75697e8b5e9b35e6044a5f25582b3d89b0fbc5d947387e3ba437e9,2cf54991ee2a19f01721afef,40375,fine_visible_geometry
18,F0018,slot atau keluaran perangkat cetak,variasi posisi,b9b5eb80a2317aed,1_Electronic/Printer_185.jpg,f25d1df931dc2ee75873266e0da5c085a2a51ee3c3606b1df0792d5d89c4c65a,765db903e8f9e6a98dde82be,57267,fine_visible_geometry
19,F0019,panel samping peralatan terang,anggota tambahan,7d85b3c090f1a061,1_Electronic/Washing_Machine_54.jpg,72ffd5bf9fea797ac3d58d2b143d8a15909ef27feb36811bdc571859f9a20e6b,ba2c1dc9f95897224724c7c6,27186,fine_visible_geometry
19,F0019,panel samping peralatan terang,bagian besar,ba7eb0b2481af3d5,1_Electronic/Washing_Machine_119.jpg,02c509390c2e8a31591fc6dd26798bf1490c74dd264043edc3af244beeb1d052,85036b9bf4476d64433773ff,748,fine_visible_geometry
19,F0019,panel samping peralatan terang,bagian kecil,dcd669c1b3d8457d,1_Electronic/Washing_Machine_150.jpg,74a7b79c068d07182c714c1e0246d8c98e289f48dbdf03a7c0f6bf80e03ae753,a05c2d444777a063956c320c,27462,fine_visible_geometry
19,F0019,panel samping peralatan terang,batas afinitas,94c35b81b52b14ea,1_Electronic/Printer_223.jpg,e144163101b282ba0aa37fb99df1970b27683c755d5e0ca5958ccf21555dc570,65e95b78f0ec0776f2e53eb9,52964,fine_visible_geometry
19,F0019,panel samping peralatan terang,medoid,245eb01e9ccee9cf,1_Electronic/Washing_Machine_130.jpg,5a10a63b72f3afaa8c5466965f11d0c657c03b2e6bdc1dbd3dc42f0cf350f3e0,2bab7eeb1be757c46c8a9789,21331,fine_visible_geometry
19,F0019,panel samping peralatan terang,variasi posisi,7e96e1a8db44a014,1_Electronic/Washing_Machine_76.jpg,dec92d137b6829efaf1d9571bc6de111ebe50329569b8763ab2b863183922ca6,c95be6c1fb1357912f11b4fd,52469,fine_visible_geometry
20,F0020,panel kontrol microwave,anggota tambahan,9758a8b875ef5ac6,1_Electronic/Microwave_84.jpg,a221ab2cc6ca4e5967c5964ad0b46a61ad7f1a7887c1a24c5f25e61375314e7c,2ba2c300e35aba6a8621ee91,38416,fine_visible_geometry
20,F0020,panel kontrol microwave,bagian besar,583d9e156517f031,1_Electronic/Microwave_203.jpg,b4d492751726833db50c1c9727f21578071234124a54a4cdf4cb06ddaec13f11,fd093158a107fcbb6f88584c,42866,fine_visible_geometry
20,F0020,panel kontrol microwave,bagian kecil,912635caab89bf93,1_Electronic/Microwave_190.jpg,38b925a75dcab8c720603d10f18456259e8ddc5c72ce9b5237478486a0adfb26,01e6f85f404639e478da4ffa,13974,fine_visible_geometry
20,F0020,panel kontrol microwave,batas afinitas,61d3ab724c3c2f46,1_Electronic/Microwave_294.jpg,fc42b61e12d3495e582dd8ddee3ebe6c2227b7113cf8a316ad065dd7465c51d8,ce124d115e7569fd59cc866f,59269,fine_visible_geometry
20,F0020,panel kontrol microwave,medoid,80371c4533dbfb5b,1_Electronic/Microwave_68.jpg,dad9cf8c759fd403f31157ee0534b0b8aec1521fe87464d081f57c87f950e5a8,8191eb5f702b91e82b23d752,51616,fine_visible_geometry
20,F0020,panel kontrol microwave,variasi posisi,f238f3fafcc04081,1_Electronic/Microwave_208.jpg,c7c9711273462489c9152d9f932dadc603a089764af0ae8d96e37645ebaba660,d152bf2648ac897bf1178a15,47075,fine_visible_geometry
21,F0021,permukaan layar aktif,anggota tambahan,9f8f195881b7e041,1_Electronic/Mobile_52.jpg,56aa1ee5c037cc50617cf9303622c00e0985a600b541265401b6ee1b6f943d18,32a837ee5e8a5dc388229133,20770,fine_visible_geometry
21,F0021,permukaan layar aktif,bagian besar,b9cfd80c4ee10b7f,1_Electronic/Television_190.jpg,1e630ec54a9ebff39df981a1f2d4f029366f3d9a1020a5e878154915f4de12a2,1ccefe1a23df2e63f668f8c1,7206,fine_visible_geometry
21,F0021,permukaan layar aktif,bagian kecil,e262075f97032897,1_Electronic/636364539543570882-Junk-08.jpeg,fa84872f3ea7d6bdfe3a0e3da036b8ef6fd2df899634f5b11447f00dba116580,33bb58c1265f5dfb1c6ff8e4,58859,fine_visible_geometry
21,F0021,permukaan layar aktif,batas afinitas,8a3dc49564c54711,1_Electronic/IMG-20200328-WA0024.jpg,e74eff0cde2190dbfc1943ad5ecf1521e1c68bfd6279aa7aa1b6172db20d6e3c,160cbe4821e2ad135bb87464,54667,fine_visible_geometry
21,F0021,permukaan layar aktif,medoid,78195f599d4b0349,1_Electronic/Television_69.jpg,22600ef64aebb498abf2f65d1118a80919bf52a78af45fd0d8492a7fe688e2f5,0034315fb20b183969b723ac,8222,fine_visible_geometry
21,F0021,permukaan layar aktif,variasi posisi,4899da67d22b6d96,1_Electronic/Television_216.jpg,89de150e7a96f9bf15b8eb4525ed460ead331da72ad03bde281977e959ec8264,d993eab6a4062020d8b4c600,32543,fine_visible_geometry
22,F0022,sasis internal komputer meja,anggota tambahan,5e607bad4a2b4f8b,1_Electronic/12.three-old-obsolete-computer-screen-monitors-discarded-as-junk-on-the-B49J8G.jpg,95f11c1393173a26ee392d5a80087df078a3933c6a691896ff4afefd70392dc2,137e0fe1f480e76d5ad4f7ca,35440,fine_visible_geometry
22,F0022,sasis internal komputer meja,bagian besar,f80b9b87c928d629,1_Electronic/79.computer-hardware-scraps-1276859.jpg,065a780f9e771772888119471032b2d581a892a767b10fd16ece2c6b256c8369,614972ed91de66ff1ad251d1,1572,fine_visible_geometry
22,F0022,sasis internal komputer meja,bagian kecil,7884c7c553303f5a,1_Electronic/14.electronic_waste_02.jpg,6bd67a84edca17874b1e67b63a3954ba1d09e52236f0a3bf8b7c668fbf115793,932a150005996a758ae51311,25463,fine_visible_geometry
22,F0022,sasis internal komputer meja,batas afinitas,a28a238c7fae6352,1_Electronic/Player_291.jpg,d2a437fcdbc1769c50a0ec161de9ea301ea895476f95fa499566b709532768aa,606c9661acc0d522f6595a94,49638,fine_visible_geometry
22,F0022,sasis internal komputer meja,medoid,0bf0aecf5873f395,1_Electronic/69.2020-11-13_15h48_00-1.png,05d2825bcf497577bc1e577930033674b58a0a21581bd5c097fa7c13bf681d72,42ce6f90f4d8db8918131a17,1431,fine_visible_geometry
22,F0022,sasis internal komputer meja,variasi posisi,db759ab271965dde,1_Electronic/FQVGFP3IMI0XZXE.jpg,3eb68b58d09ff9d36708646ec0729c5909cfd85202cd551c650ef7e16382b2d9,896ddfb8b41ec3565f0ad74f,15214,fine_visible_geometry
23,F0023,dek masukan laptop,anggota tambahan,2bb337f14f32bb81,1_Electronic/14.old-dusty-vintage-computer-laptop-notebook-in-isolated-white-2A6X2JP.jpg,0493875e9fb3145171e4f771e11a399719e83c4a0946a8e058832f539e6b0b64,0622c808f04fe9e4458624fa,1135,fine_visible_geometry
23,F0023,dek masukan laptop,bagian besar,9563a32efa176632,1_Electronic/173.jpg,071c5a7738f2536c6ac0f96f0998a4ef6ee68d5530d09b1736bd98c83908259e,2bb336a2fe5b99af04b8b408,1816,fine_visible_geometry
23,F0023,dek masukan laptop,bagian kecil,bbcc60ec1a6b8729,1_Electronic/IMG_20200328_131236.jpg,2c15d096981c7295e3b0eadafcac2518d2da7e959e13c59400406ac120a64217,088a4e37a5badd10e8effe81,10959,fine_visible_geometry
23,F0023,dek masukan laptop,batas afinitas,a9f976febdd3060f,1_Electronic/72.how-to-safely-retrieve-files-from-a-damaged-laptop-data-recovery-101.jpg,804ae2324d5fb910278eb6ca492ed4b2e7554eb98c2b111ade5db7e55dc37e7a,83e8c403aafa194d6d32fc5b,30729,fine_visible_geometry
23,F0023,dek masukan laptop,medoid,7bbcde5a9d88f08f,1_Electronic/501.jpeg,c90431ad7ab5eb80cbf195771db8ec1162230b4c2561a057f39eaf2c7d83289b,23e0e58bdb236e38c4bcee71,47306,fine_visible_geometry
23,F0023,dek masukan laptop,variasi posisi,fc4d918dcbfbe6fd,1_Electronic/17.stock-photo-a-broken-old-computer-laptop-and-notebook-crash-concept-laptop-disassembling-in-repair-shop-1533004190.jpg,52bb1ea7f819ddac53047916de75c7b6c9f498280d97279bde3bf0fee1ba5ec1,d5bb427e8ef1cbd719789dea,19938,fine_visible_geometry
24,F0024,pintu atau rongga microwave,anggota tambahan,7bd3a0862f88c12c,1_Electronic/Microwave_150.jpg,1871e05e8bef65b4dab9571369c0167a5e5279d4e51b31a472912c0aa5f841a7,7d044d8ee9b4f82105621a25,5765,fine_visible_geometry
24,F0024,pintu atau rongga microwave,bagian besar,583d9e156517f031,1_Electronic/Microwave_203.jpg,b4d492751726833db50c1c9727f21578071234124a54a4cdf4cb06ddaec13f11,a9b252eb189fe4af3cced527,42864,fine_visible_geometry
24,F0024,pintu atau rongga microwave,bagian kecil,6dc16ac75c7bec10,1_Electronic/Microwave_57.jpg,c7cb3568c4a5835fffc8999537cd5368c65c5539b198758a8bee12bacac49966,e41ca0ff550ac93f08f092ff,47092,fine_visible_geometry
24,F0024,pintu atau rongga microwave,batas afinitas,270cbf2c3b30f098,1_Electronic/Microwave_187.jpg,1ab09b9b2e08599d84a0db2e30b754176cc9d3bd100b596d80e2f629baae3507,0ab5c1b10133090dd2a8030d,6401,fine_visible_geometry
24,F0024,pintu atau rongga microwave,medoid,6573b22083172fbb,1_Electronic/Microwave_42.jpg,fcfdedae69c8f45c83a20d29067fc87c0f5344ec979a83cd960fd24c5df3dc51,22f0d95bbecfa2921e8f29f6,59462,fine_visible_geometry
24,F0024,pintu atau rongga microwave,variasi posisi,beb45c179fd94683,1_Electronic/Microwave_130.jpg,c97c0cbdae896b7ae3e78189b59fc15be7e968fa5e15f11bc567ced55bc70990,fc9adb3c8a81ad80e160fdae,47445,fine_visible_geometry
25,F0025,fragmen kemasan tangan dan tumpukan,anggota tambahan,dbb95e461dce6023,1_Electronic/71.hoarder-house-junk-pile-footage-240596078_iconl.jpeg,4e425a63bbbc15476677be7e96d6405729ab12b2303f1f3e254557232e0f3a61,95659dcfd75cc594f5523351,18931,fine_visible_geometry
25,F0025,fragmen kemasan tangan dan tumpukan,bagian besar,ee67679bb377d4c7,1_Electronic/IMG_20201101_130724.jpg,2fbcfd15f2b61c8ae03816d79a62042a8a48c1ce7ffca191c7672d8cfde4b19f,6436cec54813313c35e06695,11865,fine_visible_geometry
25,F0025,fragmen kemasan tangan dan tumpukan,bagian kecil,df89a7f2e1170ba5,1_Electronic/205.jpeg,468f919b156f4417ce3967dc1140cb0ed836970f45cddadaef5dc96a31ffe54c,3b4808df171acbbb05abde96,17195,fine_visible_geometry
25,F0025,fragmen kemasan tangan dan tumpukan,batas afinitas,040e8f44ba12e470,1_Electronic/17.john-cameron-ewaste.jpg,9553e890336fb428b397ee7a607b819c394e9fbd9e5029d03e7f02488c831a1b,b5012712dd69b5dffb8bf9b1,35139,fine_visible_geometry
25,F0025,fragmen kemasan tangan dan tumpukan,medoid,6a90c0462f90cc7c,1_Electronic/6.552958fa6ea8343c718b4567.jpeg,380b2dff3166541d99be9872a87671c1e5b70122beed13f4a3f591533bd37674,c19dae66690edbd0ddbebeda,13756,fine_visible_geometry
25,F0025,fragmen kemasan tangan dan tumpukan,variasi posisi,16d15f3c29417849,1_Electronic/508.jpeg,fb082df7ce630ad56bebed2008c4028b38b09c224beff8828050f3f1da4181f8,55fa05efc84128043bc43cbf,58906,fine_visible_geometry
26,F0026,casing belakang perangkat genggam,anggota tambahan,25397770c3bdde73,1_Electronic/Mobile_111.jpg,420e797a617e6f7991ab97b319138ff775943d194e47690ffd038da93e4e847b,824210b47702191dee100130,16154,fine_visible_geometry
26,F0026,casing belakang perangkat genggam,bagian besar,1efca55ff58dab81,1_Electronic/565.jpg,365523df6a6979d91155df19e8a4b58b95867ba434801b7a239309f924ea47c2,fa3ba3d0add6f1d817f4f368,13346,fine_visible_geometry
26,F0026,casing belakang perangkat genggam,bagian kecil,b15e24d5cf721454,1_Electronic/IMG_20200329_201009.jpg,89d6db8ffdabaa3cbaf476bfee9ae77390e3ada226aa27a957a0cd493f7613db,51636c6d4669e32fb9a8e6e6,32533,fine_visible_geometry
26,F0026,casing belakang perangkat genggam,batas afinitas,9985aeb2c8d938da,1_Electronic/485.jpg,e78a892ef017a0669fe9e6b910b14b169a40695313ca085acd428bf5a378c54d,6acff0e4bc720e61dc13e549,54755,fine_visible_geometry
26,F0026,casing belakang perangkat genggam,medoid,6bb1f6ef36efa082,1_Electronic/Mobile_95.jpg,41a7cc0259d3473495afd5737c1a35cf002e19656f3257ffa3324dfdd5f0aa17,bc42e73e1259b7c0ed901de8,16044,fine_visible_geometry
26,F0026,casing belakang perangkat genggam,variasi posisi,9be5e0e4fe3b0257,1_Electronic/Mobile_106.jpg,972e8e43df98d58694ab9da921fa8f21f5fe69d6bf49d52581a3e4bf6bfa3cf3,b6e9473d7fc95a19cc972392,35676,fine_visible_geometry
27,F0027,keyboard dan dek laptop,anggota tambahan,0578ec0fea7b52b7,1_Electronic/182.jpeg,007098ef23d92dcdddee23730bb7925be9c098a71f77449444f503c0fcf7efa1,95bc1ac66361dd77dc76200b,78,fine_visible_geometry
27,F0027,keyboard dan dek laptop,bagian besar,e3c235cb937a8b4e,1_Electronic/237.jpeg,0fef52f24b73075a8950a62474b87c9fad0e806d2f0a2e72c89e9d4f84e55059,009a5587a0ac3a1901cd6a12,3765,fine_visible_geometry
27,F0027,keyboard dan dek laptop,bagian kecil,f980077b3cb0397b,1_Electronic/16.s-l1200.jpg,5954ae6668bae491c03cfb14bdc7cd8a4fb59d66fe83f3c31cb39875a9d2f8ec,5ee23753de3bd744faf99e4f,21181,fine_visible_geometry
27,F0027,keyboard dan dek laptop,batas afinitas,f4d58ac6e0b80ee8,1_Electronic/76.MmcGCJOWDe8-2.jpg,388e99bdb0fbb405f7c5db4cfc6a064ea4119b32687e12473806df41b589dbcf,42f4a483f84e7c06c872df5a,13938,fine_visible_geometry
27,F0027,keyboard dan dek laptop,medoid,34f62255ac4d2e31,1_Electronic/IMG_20200329_142653.jpg,59846a9612f2b4d8b9c27c25e1b1c57b1b3048543b5298b989c36e2adb36dbb8,952b553073ce91b4263751ce,21211,fine_visible_geometry
27,F0027,keyboard dan dek laptop,variasi posisi,bbcc60ec1a6b8729,1_Electronic/IMG_20200328_131236.jpg,2c15d096981c7295e3b0eadafcac2518d2da7e959e13c59400406ac120a64217,ad503ccaca192fd7fdf7eb1f,10960,fine_visible_geometry
28,F0028,label dan bidang atas persegi panjang,anggota tambahan,304e39eeeb24e24a,1_Electronic/battery_85.jpg,d767bbbf48119cfb7110dbb42717adb3c49c22673005dd62caabf14b61713667,01d146cb884c346f01543515,50958,fine_visible_geometry
28,F0028,label dan bidang atas persegi panjang,anggota tambahan,a95ce100fdc9fae3,1_Electronic/battery_207.jpg,6cc16ef4f666d58eb28ffdb40c15e8eddce198aea58c356779c5718d064684b0,3388439ca8025218c58b4885,25700,fine_visible_geometry
28,F0028,label dan bidang atas persegi panjang,bagian besar,c812352d0ab61297,1_Electronic/battery_284.jpg,18ae9b6a8bf8ebfc778c219804e6b12a9280f91dd0291079de54857d47efa6f9,083502f66c91f464ea6dca5b,5826,fine_visible_geometry
28,F0028,label dan bidang atas persegi panjang,bagian kecil,0439b766fdd37a20,1_Electronic/18.pexels-photo-5721895.jpeg,e2830c1f0be8cec7fa360ee8a6f04998982419c5196d9d721980a497ef37c778,ef1079f64b458c76589e4202,53353,fine_visible_geometry
28,F0028,label dan bidang atas persegi panjang,medoid,40db16f4050ee900,1_Electronic/battery_14.jpg,993ce30477a9a75a10ec1f5829cfef8d625d20f0cf405f689e00c9a4ef65b85d,897455b3fb3a1b604e3f9152,36260,fine_visible_geometry
28,F0028,label dan bidang atas persegi panjang,variasi posisi,2fadf6cfa7d1660a,1_Electronic/battery_276.jpg,ddfb4c6501e7d029546c211eeef4b84ec34529f1ed3d52d954725d78d252e407,060639f7a778b35c22243760,52190,fine_visible_geometry
29,F0029,aksesori campuran,anggota tambahan,6b71628f5ba7b258,1_Electronic/Mouse_291.jpg,b23618e8a9f50638c9dd3675b68680ec6c32e1d12432f119fe4b3b67a623da76,321c8dea21ae0a70fddf0187,42217,fine_visible_geometry
29,F0029,aksesori campuran,bagian besar,94d8885eff2df083,1_Electronic/Mouse_260.jpg,3622b728e617e732fab9a6fc8ab0686d100e460e3dea5739c37df6f2303a5aa7,7a3511654199871d30a9a94c,13304,fine_visible_geometry
29,F0029,aksesori campuran,bagian kecil,39b0e3a77c7787d7,1_Electronic/767.jpeg,e9f34cc7eaac6b024670fe06b30577493053b133d12ba1779e99af90324e6c86,dd1407ea7b6fb7ea6650f619,55335,fine_visible_geometry
29,F0029,aksesori campuran,batas afinitas,c110dfda7ea36025,1_Electronic/Keyboard_36.jpg,f499eba8b3910c8f7c25f1cea6bae077931c89a42980852f6643e0a24646dfc9,839b56f7ffa5f28f303a68c4,57640,fine_visible_geometry
29,F0029,aksesori campuran,medoid,2be7e3c217ceb400,1_Electronic/Printer_97.jpg,48139adce82067215bd5c4ed75c8cd9b544955b3f1b0194da670881d99c4ffb1,763448794ff554615db835a7,17569,fine_visible_geometry
29,F0029,aksesori campuran,variasi posisi,35181c485cf0c164,1_Electronic/Printer_71.jpg,1c511d0b8b01d88b01d5fc3cd3152f4feac58ccd2f59aefcc7e4e3b35fd49919,0323df543ede44a714d601c3,6704,fine_visible_geometry
30,F0030,pintu akses mesin cuci,anggota tambahan,6f11c4054a59e5ec,1_Electronic/Washing_Machine_114.jpg,0ac50d1b11be044aa7178a5318f390e83f2740c9142c00b541e04766dc5aaed8,2e97d067a03d4a6adbf241b3,2656,fine_visible_geometry
30,F0030,pintu akses mesin cuci,bagian besar,af5dcd4b9b4bd2f8,1_Electronic/Washing_Machine_82.jpg,3b5a950d9af7787ed651d0d5359365ceaa8488a34ba1e196d2499ca2bfd60853,b34b3391c335e1e08ab8b141,14503,fine_visible_geometry
30,F0030,pintu akses mesin cuci,bagian kecil,e86564f5709b1344,1_Electronic/15.WhatsApp-Image-2024-06-24-at-17.19.46-989x1024.jpeg,7a8e85f9c2230ef2cfdd7ec3c880bfd3d0c672fde511762d510821f1ec10f1d9,64e1f6478f8ab2093f3ac8ca,28817,fine_visible_geometry
30,F0030,pintu akses mesin cuci,batas afinitas,458ce421e77d8265,1_Electronic/Washing_Machine_6.jpg,b6a2479440d26e95ca4d67d274b84456a4c7048de4a1c384a3914d1481c04165,b6113aadd8f454b652ca2e63,43113,fine_visible_geometry
30,F0030,pintu akses mesin cuci,medoid,61fdf956bbf5ac54,1_Electronic/Washing_Machine_46.jpg,24f2f15cf30cda244bfa94e403e38d5e5f16f14d0caf25f5786763462e2ed021,b0e8f1b901544c1c25eadb1e,8800,fine_visible_geometry
30,F0030,pintu akses mesin cuci,variasi posisi,e5e51e62f6312496,1_Electronic/Washing_Machine_208.jpg,e5634174808d1364f215ad815d1e691d85676c9832baa12de33ba33ab2a4f737,f6454e5355ff95c5f42be80e,54211,fine_visible_geometry
31,F0031,fragmen internal laptop dan slot,anggota tambahan,1646aefcf33464cc,1_Electronic/Player_296.jpg,b97fd2e6d5a4d71c1c0802006f21941d8f5775d255185871a73edc84ae7e52d3,7d0a435e537d54800cd03ada,43798,fine_visible_geometry
31,F0031,fragmen internal laptop dan slot,bagian besar,786e96f425c8ab03,1_Electronic/14.2728905_20190122100223.jpg,5a4838f06091ea0a45a18c77295b084bfeaaa706daeb0128e55c3ae416008138,074e6b3995d7bce9b4e1deb9,21409,fine_visible_geometry
31,F0031,fragmen internal laptop dan slot,bagian kecil,b1917fc5e059face,1_Electronic/67.laptop-liquid-damage-repair.png,fe2a8c479bf2c9f8e6ada8ed7b0c1c6dc5a1c119857623ac939cb228d6848cee,80331122243d0c184420d76d,59658,fine_visible_geometry
31,F0031,fragmen internal laptop dan slot,batas afinitas,a46338b01b90e7ef,1_Electronic/67.xelectronics-disposal-1.jpg,db3ccdfa6a48d76bd08671d45fa311da8229e8a9322683fdc614ffa430151d99,f1a15d4de91156680c9354e0,51718,fine_visible_geometry
31,F0031,fragmen internal laptop dan slot,medoid,ab8e01bc78315271,1_Electronic/broken-printer.jpg,58d930da38174a06b192f07769f8c4c5cd2a948d655e8b9db6388b56de3631bd,2ead4152c6e5995400ce406b,21091,fine_visible_geometry
31,F0031,fragmen internal laptop dan slot,variasi posisi,62fd1bd615fa2416,1_Electronic/download.jpg,e23dea816916889229f5999af5ed3c748b612b92ae14ed1937c6786f73337a91,cfb51b23d89dec10315bb797,53320,fine_visible_geometry
32,F0032,isi layar dan antarmuka,anggota tambahan,e7178c3bd9d63c33,1_Electronic/314.jpeg,5fa887bc2f9e6c3dc4164cc425d12bd6e738c33bd82acdb68b744c929f4fdb2e,1b3b1355bccbe345b12f3ea6,22484,fine_visible_geometry
32,F0032,isi layar dan antarmuka,bagian besar,a83e00ec3cdd568e,1_Electronic/178.jpeg,7ee2cec4112e01929c84156fa8d9f816fc65eaf68b93bbb42021794d1dec66f8,3f026826ca77686dfa1c9d83,30266,fine_visible_geometry
32,F0032,isi layar dan antarmuka,bagian kecil,86c9a855446f04d4,1_Electronic/254.jpeg,e9e26f6d8b631c84b965d6cb99d755330adbe0ac7338c8f9b5cb8e63a32ac6ba,47e4f893565d585aaadabae2,55317,fine_visible_geometry
32,F0032,isi layar dan antarmuka,batas afinitas,30404de41090136a,1_Electronic/Keyboard_46.jpg,0b1608ae8910737c1a51d76cd747f56c07095567aecdd34bd3a7ef39be1a39ab,fe4fa27241d5a1aa237e2a18,2725,fine_visible_geometry
32,F0032,isi layar dan antarmuka,medoid,76e226b2b537856e,1_Electronic/DipnUxlVsAAXxSN.jpg,2876297e96d68d2b752678f70b27df51be96bb7aef5e72e0303100d16e997706,b29665330912027b11d26d4c,9842,fine_visible_geometry
32,F0032,isi layar dan antarmuka,variasi posisi,a2d25578a261e76e,1_Electronic/Television_35.jpg,fe243b2530cbc8f072d849d59bb7851fe5cf62cf586d5e375435780b5844aff8,140b2697eb81e5c95b352b1f,59642,fine_visible_geometry
33,F0033,penutup luar laptop,anggota tambahan,5c4016c9cb5222cd,1_Electronic/180.jpg,66c30a1b922d7f86bc7387d9784f2c120c23621b2daf2ac5d0abccc1d7d4533f,018b6a8732061be420ee094c,24262,fine_visible_geometry
33,F0033,penutup luar laptop,anggota tambahan,56a91967238e8ab0,1_Electronic/IMG_20200329_152746.jpg,b123645bd237bc54215febda2af3a2267c1e65e5bed8d72c2b6af470ec104f73,e25eaacd66d2c6781ba54728,42104,fine_visible_geometry
33,F0033,penutup luar laptop,bagian besar,37bc388c867e7b59,1_Electronic/IMG_20200329_152730.jpg,6d337bc7bb4cc55051d4e2fd4998d4e2133b596610aeff24c277720715ea6cc7,96931ecb2cd43e8574ea9960,25779,fine_visible_geometry
33,F0033,penutup luar laptop,bagian kecil,e076c16871871c5d,1_Electronic/IMG_20200329_152840(1).jpg,7ed5593192eafb1b5f681b203875a6100c2c646c84018acad550b39c51a96f51,cf9dd6a4e28cb0792686f361,30256,fine_visible_geometry
33,F0033,penutup luar laptop,batas afinitas,7e549ef7a29f262c,1_Electronic/249.jpg,22ade5e83660ad73c5f99c111cbc109e979da6763bb336ee253ceb8bd38d408a,7f4bf5e072d77f0eaf2ebd10,8299,fine_visible_geometry
33,F0033,penutup luar laptop,medoid,9b30aecf2daa80ca,1_Electronic/IMG_20200329_152857.jpg,201d8bacaa1fb99d9c002d3bd8e5db564b0ec9fab83cc840f3617f22d34e6d67,179da8c4ce285ca9ac6f3c1a,7793,fine_visible_geometry
34,F0034,retak dan pecah layar,anggota tambahan,e74c268f4b54ea8c,1_Electronic/Mobile_192.jpg,8e1e8b1f13dee071ddf0705614c097e408604a664cb7243f1f073b9a53673378,d2a8db100a9aae6fc9572d32,33545,fine_visible_geometry
34,F0034,retak dan pecah layar,bagian besar,cdaddb7baeb3fc45,1_Electronic/60.6.jpg,a5f04171db765b16aeb7c48b7927257c10bfa7a90443d5f74e0770d7262fd09f,f0a76f9ee3dbe41e7a9c6ac9,39180,fine_visible_geometry
34,F0034,retak dan pecah layar,bagian kecil,26ed5e3f5d9f3c5f,1_Electronic/Mobile_283.jpg,1dc4f2f3c725db59d38da23dfb114ac1b3fef7083fd3ba7ed406a358251f92b0,2c86c846f080ed7b46506ea2,7041,fine_visible_geometry
34,F0034,retak dan pecah layar,batas afinitas,5043d5db057aa307,1_Electronic/236.jpeg,48d5a9e67ba0c10e69643272972ec6f33dba6d6b0b9ffcd2cf156f887f341291,ca51fdbced69409e860d5a0c,17807,fine_visible_geometry
34,F0034,retak dan pecah layar,medoid,819b620de5d77e40,1_Electronic/360_F_293956024_kBwWKtf43tkvJKQgaJWSkqmmH9ZuLY3v.jpg,66bb348bcd7371331bf965d197091d50b6b6632cb7d7358db96e0c533b830b9c,3f59fbb636afe9974e0d7249,24248,fine_visible_geometry
34,F0034,retak dan pecah layar,variasi posisi,08ca70948a89531a,1_Electronic/89348728c084feb85f92af58de0f6df7.jpg,4618f24a48716ff943b8528027a598a3ef1c14c5fda842ad926b87f22949eadc,983c666b570e578ec9a1021d,17091,fine_visible_geometry
35,F0035,tangan toko dan konteks ponsel,anggota tambahan,8e5927c0176fc3af,1_Electronic/70.video-thumb-electronics-recycling-services.jpg,c6ba064f91123a8542dfd2f477512d6bcd6d84dd96730d51e04244ccbdcee76d,4b63809049546f86ae6747b4,46845,fine_visible_geometry
35,F0035,tangan toko dan konteks ponsel,bagian besar,6a90c0462f90cc7c,1_Electronic/6.552958fa6ea8343c718b4567.jpeg,380b2dff3166541d99be9872a87671c1e5b70122beed13f4a3f591533bd37674,2e00ab6aefcd9ca64d9e619d,13750,fine_visible_geometry
35,F0035,tangan toko dan konteks ponsel,bagian kecil,3c7818b2a8714059,1_Electronic/531.jpeg,5e820367d170cd9bed4bfa52428ab9161edf149e92bf13781b302dd3c2852514,0febbb583370ad9d4fd96e0e,22186,fine_visible_geometry
35,F0035,tangan toko dan konteks ponsel,batas afinitas,b2927fa1ba03ac18,1_Electronic/1.image-shows-pile-broken-discarded-260nw-2659729469.jpg,3f73cec80d22ebde8fc5478ca6f0281d2d1d58b4a4e27bcfbdcddb89855a1d76,8763179555cf544ead73d151,15384,fine_visible_geometry
35,F0035,tangan toko dan konteks ponsel,medoid,e2a3d9df974c32a4,1_Electronic/Mobile_214.jpg,26e93d4f7a37afb1cb12d45fce0b4aa7e15124edf27371027fe4a4aa9006f9f9,5d76f33c486af46effda4dea,9305,fine_visible_geometry
35,F0035,tangan toko dan konteks ponsel,variasi posisi,4de5a9e77bdc11fa,1_Electronic/40.led-and-lcd-tvs-monitor-scrap-for-sale--160.jpg,f8eb6359e717a2717a15710a722aa023438132b93062a9fdcb8f42aeb527ff58,3f5079d1974c6e9fa5537390,58496,fine_visible_geometry
36,F0036,tepi dan port laptop,anggota tambahan,4bdef06987d80afc,1_Electronic/61.led-lcd-tvs-monitor-scrap-1691226659-7017577.jpeg,e36cf7fed08f36db4a4da8e18797647c4a3f8cfd1c762c0f2f15e7a2dcb6114d,715ebfee23192d079887288e,53683,fine_visible_geometry
36,F0036,tepi dan port laptop,bagian besar,1606775ae9bae967,1_Electronic/3.used-laptop-scrap-500x500.jpg,50c75ef570a907d2b31051de3ee94b22512239cf6fbc3b5ca9f6d85d9a8c4881,26dbe3816fbff3b200d1f6c2,19580,fine_visible_geometry
36,F0036,tepi dan port laptop,bagian kecil,97c7e808d7f015f1,1_Electronic/10.Sadoff-ERecycling-Data-Destruction_blog-post-header.png,23f6b3c0e92ec46bffd3d6005f9a6df51439c37c254d4c1b4337c00c68c9672e,d80aef61ab1d820892112f85,8595,fine_visible_geometry
36,F0036,tepi dan port laptop,batas afinitas,43c4d4f994f29a8a,1_Electronic/67.lcd-monitor-scrap-400062.jpg,66c6ee9b41e1a04ed355c85019b25fadd38a04f17bd4c850cfea15043d8a5374,2cafae4c60dc9dc9cab8847c,24299,fine_visible_geometry
36,F0036,tepi dan port laptop,medoid,141c8a172fc9bde0,1_Electronic/20.steptodown.com801613.jpg,7d62fcc9d91c5349fa21b0254abaed48c88748396a3cab8741cb7983764d0549,2e3714035dcd5c690605a7cf,29842,fine_visible_geometry
36,F0036,tepi dan port laptop,variasi posisi,6261099fe1aba4d3,1_Electronic/74.e-waste_recycling_laptops_002.jpg,19c037066cd5e331c8c1ff492c119cedc02a40ad2b7f332c891f19058a0e1129,4facb29cb1f86e712e9f0c7f,6122,fine_visible_geometry
37,F0037,gambar pada kertas atau layar,anggota tambahan,1f3b831977dc9eff,1_Electronic/Printer_35.jpg,191f3ad896fdaf28e893b059088bee78a6e41177b59ab728c9ddf333b0781ffb,b1f9cf7cdd3fe4947746bb97,6000,fine_visible_geometry
37,F0037,gambar pada kertas atau layar,bagian besar,f2d0f88b98a84c37,1_Electronic/Printer_40.jpg,64e44b8fe091f8c628beeb3427835a63e6941568c3734d9d2dd74882459683a7,0810f82d58138a80f3734499,23814,fine_visible_geometry
37,F0037,gambar pada kertas atau layar,bagian kecil,ed94ddcc16374207,1_Electronic/Printer_7.jpg,1dda16c2e3f6a26299d2358acd0db3ecfde57f399f33f3910b5e314eb8da65b7,ce537982403236e61220b5f7,7090,fine_visible_geometry
37,F0037,gambar pada kertas atau layar,batas afinitas,4899da67d22b6d96,1_Electronic/Television_216.jpg,89de150e7a96f9bf15b8eb4525ed460ead331da72ad03bde281977e959ec8264,eed429d3c88056f2403bb76b,32547,fine_visible_geometry
37,F0037,gambar pada kertas atau layar,medoid,acef8f7a6e4dc1a5,1_Electronic/Printer_291.jpg,a8e6dd57dbf74bff9fafc2144485ca59a26302052ff2d9c72d2e572e32fedf53,d2e255992690189210988b1b,39970,fine_visible_geometry
37,F0037,gambar pada kertas atau layar,variasi posisi,b846b3ca032d80e4,1_Electronic/Printer_180.jpg,d78fd714c5403c102571c3f0b557299b0dc9e530e98b61ca1e701c9f034f6e2c,e68ff300365143efd33e8c3b,51015,fine_visible_geometry
38,F0038,label ujung baterai dan panel kecil,anggota tambahan,de1defb04d53c48d,1_Electronic/battery_262.jpg,b7cb7c484fd55f9a2eaa677b1b6ebd89fd6b637431282b60f0f196a1272280d0,de7162eb39399ca6ac718c85,43338,fine_visible_geometry
38,F0038,label ujung baterai dan panel kecil,anggota tambahan,aa4aca7485378875,1_Electronic/battery_19.jpg,1712eecac45a083c8ac62a03bfd378772033074737dcdbc267897026b35f5241,7b754e64f09c06709e4edd36,5259,fine_visible_geometry
38,F0038,label ujung baterai dan panel kecil,bagian besar,fbb7c5787a6a1641,1_Electronic/battery_2.jpg,0c0b619c0e1bdd18538b95dc95b1584ddfa54aa07f9d60937f1c96fdcfa8c319,56a3162fa31d41add58a5dbe,2814,fine_visible_geometry
38,F0038,label ujung baterai dan panel kecil,bagian kecil,0ebc1bde48d57d8d,1_Electronic/45.clock-1495963_1280.jpg,1f78ef592ce27affafb4b412a59ebfd07ded6ef12dce9612896d1eed81a2ed2d,524dd4f3daf2685afb501c1b,7508,fine_visible_geometry
38,F0038,label ujung baterai dan panel kecil,medoid,5f5fc36958134701,1_Electronic/IMG_20201101_130017.jpg,d988eaf9240d34807063b4278a91df28de5ec710144034cedaeec35ccb69079c,cc4b895901d1ccaa0419c4e8,51284,fine_visible_geometry
38,F0038,label ujung baterai dan panel kecil,variasi posisi,4f97194777a18737,1_Electronic/battery_209.jpg,ca0eece9e9841c33f3997c07d8a539fe99e3eb12bee11c7c66050133d5619db9,4f7320750aacb68fc53918de,47648,fine_visible_geometry
39,F0039,rakitan layar laptop,anggota tambahan,d463bce029950ad2,1_Electronic/185.jpeg,ece6ffdd9cf185b3fcba6620512fa50d0cbe37925324cdb591c84137b1f96b60,0f39f22a508a9d5ec0aff4d1,55981,fine_visible_geometry
39,F0039,rakitan layar laptop,bagian besar,2a4458534e3be467,1_Electronic/172.jpeg,9e06e89fccd7a38110726e895ad582afc8d57dddc8d24ce3963491be4a4fa164,6009d08f4bd3b8e6c71a105c,37423,fine_visible_geometry
39,F0039,rakitan layar laptop,bagian kecil,7f50e7f0106f884b,1_Electronic/18.scrap-laptops-10-for-dollar150-free-shipping__55453.1762353348.800.1000.jpg,c3b5c50dbe6f23e7f75188ce03a82f21b12f5f3c3cb63f57dfb8e7145209b1eb,c61d14140bbc00765de1e3b6,45963,fine_visible_geometry
39,F0039,rakitan layar laptop,batas afinitas,5961957d4c318278,1_Electronic/903.jpeg,dad520c40512ec0318de69ad35137554837c36f23d73ce2d1a66581eded1e251,9f9d0cbf232f4dfc65bfcad6,51613,fine_visible_geometry
39,F0039,rakitan layar laptop,medoid,d7dd28ddb368a1cf,1_Electronic/Television_93.jpg,aa3efa6bcddb196662eee302557cc21acd104961e942f5205a265cac301e4966,e91fd8690f1dd9aaaed4bdfc,40224,fine_visible_geometry
39,F0039,rakitan layar laptop,variasi posisi,7382ae107a015445,1_Electronic/IMG_20200329_142656.jpg,7cf72f558f75692aaa00eaf3c4d0ae9a17cb53022425de9f743d57d05c864051,eca1ae3eb861e1fd1e961b24,29656,fine_visible_geometry
40,F0040,panel atas mesin cuci,anggota tambahan,abe359cf3ba4ac5b,1_Electronic/Washing_Machine_288.jpg,666635b688cd810e600634af3d916ddff449e3ae607c71b5a58387b73365b498,4955b8c939867657e85729cf,24162,fine_visible_geometry
40,F0040,panel atas mesin cuci,bagian besar,e274a7a352e8bdbd,1_Electronic/Washing_Machine_181.jpg,e7388174940bac28afb139eaa8a3d63dff336bff6a47eac62615eb17c60b329d,58b28f7b8400fb21fcd0f73f,54608,fine_visible_geometry
40,F0040,panel atas mesin cuci,bagian kecil,fd5ce79f1dcba809,1_Electronic/Washing_Machine_79.jpg,f4dc614ab8936a6f2d67bce139ce11d18a1ad264ee98ab49a9ea2257ff418f62,b582f586fb6ef7e16501ab00,57712,fine_visible_geometry
40,F0040,panel atas mesin cuci,batas afinitas,8a8dff3f9721ccf5,1_Electronic/Printer_192.jpg,97f3b441c268f4279dfb48fcf153d107772bbf342568725328b2f540c6f66c5a,a4afc0c7eebda2944fa7aa56,35883,fine_visible_geometry
40,F0040,panel atas mesin cuci,medoid,995e134848875b5d,1_Electronic/Washing_Machine_121.jpg,654311027be534f4722b31b45a22053b0e2db55c9f293e5cf88188d5269cbea6,83115984ebe0756e77cdd7f7,23947,fine_visible_geometry
40,F0040,panel atas mesin cuci,variasi posisi,657f61e2dd726834,1_Electronic/Washing_Machine_164.jpg,87cf75a7c5ae733d9de1138ddd0508202f0e768224acc8d47af416b710eca8e5,3fb83e5694857e9af50b9288,32081,fine_visible_geometry
41,F0041,kemasan sirkuit terpadu,anggota tambahan,538f1769cd09e928,1_Electronic/1.integrated-circuit-scrap-2219721128-57t7mgfu.jpg,0ab03f38f2f4f3292c12a00b87fe7712f42a0be9809a9c73210c364baec08336,b2a93b4a3e288e53866b0dbe,2598,fine_visible_geometry
41,F0041,kemasan sirkuit terpadu,bagian besar,2763d9d93b2b5345,1_Electronic/pcb_293.jpg,77b47d47255d6fe57447236bb76fdf0efc2210089e80c913cecb1b7da9cf03be,abc657868df864bffc906f8b,28091,fine_visible_geometry
41,F0041,kemasan sirkuit terpadu,bagian kecil,b69332fc331f10b9,1_Electronic/15.ceramic-cpu-processor-scrap-1742900108-7954153.jpg,4371ba0e2fe5f44c44ac1d1b8ed8b2be4602fd091141aa3f63f550d930ffbd7e,59e7a1830de9187cb46125ba,16586,fine_visible_geometry
41,F0041,kemasan sirkuit terpadu,batas afinitas,64c88b045908917c,1_Electronic/pcb_167.jpg,b0f6d4ac69a2703477c2ad45bd1375fdf25c707b8b7a46cb3d43ad950c1cfcb3,bfd5d9f2583de5749f4a8b36,42044,fine_visible_geometry
41,F0041,kemasan sirkuit terpadu,medoid,7e54460056bb765a,1_Electronic/pcb_257.jpg,7ddcbb5a3aeb5b157e393180ac99490e3ff139cb1d5e60595dc27ab879dbb60e,c6ba92b460c49a3f3541611d,29996,fine_visible_geometry
41,F0041,kemasan sirkuit terpadu,variasi posisi,ca66b16c7a8cca55,1_Electronic/72.190617-3875-RAM-Riegel_Arbeitsspeicher_web.jpg,502b6efdddc35182015e156fa355834e315c05bb6fd6807fa382ecaa91bbd6c3,779d90a038df793e11196933,19455,fine_visible_geometry
42,F0042,panel samping peralatan,anggota tambahan,e4545c6d9615b017,1_Electronic/Microwave_299.jpg,f770d35b281a1841590de629dcfb4bf85db878704beb705a532b5bd73e412ca3,73a9cb1d613282945e898dc0,58156,fine_visible_geometry
42,F0042,panel samping peralatan,bagian besar,e5e51e62f6312496,1_Electronic/Washing_Machine_208.jpg,e5634174808d1364f215ad815d1e691d85676c9832baa12de33ba33ab2a4f737,cbccf3ab10a2b1094c000c03,54204,fine_visible_geometry
42,F0042,panel samping peralatan,bagian kecil,e86564f5709b1344,1_Electronic/15.WhatsApp-Image-2024-06-24-at-17.19.46-989x1024.jpeg,7a8e85f9c2230ef2cfdd7ec3c880bfd3d0c672fde511762d510821f1ec10f1d9,216c116fd9f37ef1d6631535,28815,fine_visible_geometry
42,F0042,panel samping peralatan,batas afinitas,bb3f63650beddc1e,1_Electronic/8.globalewaste.jpg,270dad4ee401e1b352643c79b6fe93e9908de7a9ff6373ac99348568fc249025,1b21dd99e25b38b92dc7012c,9358,fine_visible_geometry
42,F0042,panel samping peralatan,medoid,89d500b5b08be96b,1_Electronic/Microwave_8.jpg,31e8e96105a5e774ce3d936d58370647e8199165938a8dabf99f9cbc54664e1f,e710a8ef703e3b61d98afd14,12243,fine_visible_geometry
42,F0042,panel samping peralatan,variasi posisi,7fa1f9abe35800fe,1_Electronic/Washing_Machine_141.jpg,48ebe9b1e0b7c686d3648600ec3370b12519d50d0d8ac3c3e209a2e4d83971b3,01e8bbfad15d8c27b0e61586,17822,fine_visible_geometry
43,F0043,baki dan jalur media pencetak,anggota tambahan,25f25810ceb10011,1_Electronic/Printer_238.jpg,161b6176514621e0064655dba2a807ba8d65551ff17c38163b2d7a97b95d445a,94c1368259dd897ba255b829,5124,fine_visible_geometry
43,F0043,baki dan jalur media pencetak,bagian besar,da6977b8dd0cffd6,1_Electronic/Printer_49.jpg,28eb19f0106dbe8ddb3d4640d4afdf4ab186465d1088dfd5e33f5a3e3b5c9ba2,18551560a2866b3c7cf1cc8d,9944,fine_visible_geometry
43,F0043,baki dan jalur media pencetak,bagian kecil,b00c711d087b10bc,1_Electronic/71.AdobeStock_82118310.jpeg,bb7818ff02f2c979f59a070d4c6edb03146cae2abf70997de8c134907538284f,2d727088c00cb7bed346dd67,44355,fine_visible_geometry
43,F0043,baki dan jalur media pencetak,batas afinitas,1a9e39fd8b2942e9,1_Electronic/istockphoto-1190367296-170667a.jpg,cff842615b4ceaefc6e43a4717bf2bd96e445f7c1ff511ca6614537313ebb0e5,57bc6b6e4ba81d8d7892c1cd,48964,fine_visible_geometry
43,F0043,baki dan jalur media pencetak,medoid,a90454ea7b714aac,1_Electronic/Printer_12.jpg,dce45a37b5b4a40b7d0a2843bb2799d93458ef45c4f2ecc63172c4952329c6d3,81d703383a83f9f3148089f2,51980,fine_visible_geometry
43,F0043,baki dan jalur media pencetak,variasi posisi,2494cb5ab08db3e2,1_Electronic/Printer_254.jpg,cf43054cfccc678feb02269d08b2a047560b13fd4ddf97f2d042aceb091acbd2,18c3b07cfc95a8910643b3a5,48866,fine_visible_geometry
44,F0044,tutup dan area pemutar rekaman,anggota tambahan,73fbd2d49b7795a8,1_Electronic/Player_298.jpg,6070fd06c37e22db674f3afe8791cbdba9f0991015b48e217cedc5630c4ec0b0,8ddfa3c30b567c10cd5d3b44,22660,fine_visible_geometry
44,F0044,tutup dan area pemutar rekaman,anggota tambahan,422202b6a1a097bd,1_Electronic/Player_143.jpg,bfc2108f4b294cee10db57180acab13f8fd012701f9abfd9746d2e6061d5518c,cf0afd6f2cf985fa1c93c755,45213,fine_visible_geometry
44,F0044,tutup dan area pemutar rekaman,bagian kecil,aecc32bc9cd78f82,1_Electronic/17.broken-laptop.jpg,174a45a04ab41000362a8bb87b014ef42612bee1f3af46d4e1769942b723586d,6e230a309122c7d82c7e093c,5339,fine_visible_geometry
44,F0044,tutup dan area pemutar rekaman,batas afinitas,60dd7809c5dfe3f6,1_Electronic/battery_128.jpg,d33557b98c144dfc505a78cabceb5dd060d685ae12edc3376f3257910489f5f6,765b3f2aa93182aa15567030,49852,fine_visible_geometry
44,F0044,tutup dan area pemutar rekaman,medoid,551073f64f1a39b6,1_Electronic/Player_144.jpg,a4ad68979c047d5d578b297b09fdf67280892b222727bb35412241de70c3423f,1293314f251ba01f2fb78f82,38980,fine_visible_geometry
44,F0044,tutup dan area pemutar rekaman,variasi posisi,0eb338b5819aab56,1_Electronic/Player_129.jpg,cd900e3de021817eea00b968eca8fdc476ddf5d8b6908f2e57fcf03f019a1cc5,df9aed1b539a12a592ed8639,48460,fine_visible_geometry
45,F0045,bingkai pintu mesin cuci,anggota tambahan,33699f980708b960,1_Electronic/Washing_Machine_297.jpg,e6ff0cc7cff0890e3e5918ed2f0ec35759c0a22996b562ae936cbafefbdeea18,ff3054b45bfa3f69b0a56f37,54555,fine_visible_geometry
45,F0045,bingkai pintu mesin cuci,bagian besar,fc2d6319522b57aa,1_Electronic/Washing_Machine_90.jpg,d9ed1f21f65e074f8cf52a34993af6bcaf26260c1a1dbbc2475860b9edd3260f,6a214e0f795c1c6e1f1bc1f7,51380,fine_visible_geometry
45,F0045,bingkai pintu mesin cuci,bagian kecil,f5eccee3a30d75f4,1_Electronic/Washing_Machine_66.jpg,dd2441b22bc4a9ad6dfc65dccb1d544a1c7a3abaaf1772859d12311c806ec1fc,82c2b18c9988f48724e9d14d,52010,fine_visible_geometry
45,F0045,bingkai pintu mesin cuci,batas afinitas,cefb980f7e3b0305,1_Electronic/Washing_Machine_91.jpg,21cb7c5f68d97e9d7e95d7c5bd3ada4eb5384ca8a644e8eb0d809fbb82b10424,e8d4aa70b837687361b16206,8092,fine_visible_geometry
45,F0045,bingkai pintu mesin cuci,medoid,8c2c38bd2a4e2f9d,1_Electronic/Washing_Machine_25.jpg,fcdb556b571c0a134804229bdaf0ec54db20066eae054aa08e92d7550dc02984,334792affabce83280cc0b95,59416,fine_visible_geometry
45,F0045,bingkai pintu mesin cuci,variasi posisi,6d08e6a1c926f0a3,1_Electronic/Washing_Machine_18.jpg,52bd418bb9e3d73d2e1199b81910fc512bf7b34636e9ad49095bf6fef761369b,675a9ea02445aa819295ff56,19973,fine_visible_geometry
46,F0046,piringan dan rekaman pemutar,anggota tambahan,ae08bf6e27898794,1_Electronic/Player_150.jpg,d5bdf780ae292d1ac56c74a5d87e9f1601044b354ec87c8a50e1e599839898bc,190249cf1b4ce274c35fc63a,50489,fine_visible_geometry
46,F0046,piringan dan rekaman pemutar,bagian besar,ae7a28deea5c15e0,1_Electronic/Player_132.jpg,e158316d4bc539d7e1409bb078e9853a2267aae49ce596b51266ffa3cd8112ab,ab9a50338c4191f758843aa8,53009,fine_visible_geometry
46,F0046,piringan dan rekaman pemutar,bagian kecil,cbd5b5e474717b64,1_Electronic/Player_162.jpg,d5ed178d59e43466b86c17fceba940af580d1902ee9ec83e4b6bc085aebdac82,090fd27a4c363f6b29f211cb,50550,fine_visible_geometry
46,F0046,piringan dan rekaman pemutar,batas afinitas,8965b1b56cb47f8c,1_Electronic/Player_124.jpg,2be46ee626e4f1f3dc665a752039896810fcd7a47a5ae6424fb9f8d5e7df562e,2db067c591076df94088baa7,10929,fine_visible_geometry
46,F0046,piringan dan rekaman pemutar,medoid,e4c16b50d3c42e4a,1_Electronic/Player_172.jpg,aa2bf2396abea6cf5ccc1f9dd86f7d522196c95655327be6bcb5990f7fd16bac,9571d4d6def1759475c7d916,40200,fine_visible_geometry
46,F0046,piringan dan rekaman pemutar,variasi posisi,7f247965a7b35cbd,1_Electronic/Player_148.jpg,baf091eab3fd2a81e5c842daf08787aa3cee2457c0a7eea103578be95b99904a,6cb7ce59907d04eb569f98dc,44169,fine_visible_geometry
47,F0047,tanah dan vegetasi sekitar perangkat,anggota tambahan,5312c42d8bc76029,1_Electronic/Television_233.jpg,ef89117f62849921a9bb70c8a191e1a40441f52fc64302bf03974217cd6ec61e,e8c98395d410bdf9114efb34,56543,fine_visible_geometry
47,F0047,tanah dan vegetasi sekitar perangkat,anggota tambahan,b8735b9c064f287f,1_Electronic/36.old-tv-broken-tube-old-tv-broken-tube-television-electronic-scrap-old-tv-thrown-away-next-to-wall-pile-mixed-224486244.jpg,2e29bccf0ee6b1edc78cdb9dfc9a532fed76af532ba935cb16f433bf77be87cc,e8c7864ae3eadeb6f55fe01b,11536,fine_visible_geometry
47,F0047,tanah dan vegetasi sekitar perangkat,bagian besar,93bd745121742ea7,1_Electronic/IMG_20201101_130740.jpg,53e21afb2e274116d88aabe2e763fddf59322831806f2bf60fbaa2f534362df0,c25eed712ef7cff11806669b,20152,fine_visible_geometry
47,F0047,tanah dan vegetasi sekitar perangkat,bagian kecil,85de7a676ad3a440,1_Electronic/Printer_28.jpg,c76cf9a000eb79bad98b93e18ff0a8e9802409676adf94d3ec36399caadf0280,adc44f3432cc4e1727489513,47028,fine_visible_geometry
47,F0047,tanah dan vegetasi sekitar perangkat,batas afinitas,800b3c5d3494fd89,1_Electronic/8.old-discarded-television-thrown-away-wild-nature-concept-environmental-protection-old-discarded-television-thrown-away-307507675.jpg,4ec3765389e2a4bb2cf7076834bd370ac0c0c34db906801762f5e56c10e4826b,37c61ff19088d2937dff43d8,19112,fine_visible_geometry
47,F0047,tanah dan vegetasi sekitar perangkat,medoid,aecb1bfb689f5e41,1_Electronic/Printer_184.jpg,1a12272c5711395d473d0faf64f28cb9b300ecc1cddc71f4787082bfebb2397a,240d6ab5f7e197ccdf422250,6173,fine_visible_geometry
48,F0048,matriks tombol ergonomis,anggota tambahan,18e0f8389766bd69,1_Electronic/Keyboard_102.jpg,a828b385727d65d8191c9cf088dfef38fea56700ce41beea3a5ae0ad00dba22d,2a17610bf20600ffc5208edd,39744,fine_visible_geometry
48,F0048,matriks tombol ergonomis,bagian besar,a6c712b2c0a255be,1_Electronic/Keyboard_1.jpg,eaacbd53703f2b2f6628dd80dad0e08f8f1b235d5748ac56b7c66e4dc1aed1bf,a5f39e3f5e598eb886c9fa2a,55419,fine_visible_geometry
48,F0048,matriks tombol ergonomis,bagian kecil,365e730398487c6a,1_Electronic/Keyboard_8.jpg,bb32f4de4badacd205c0aed599d58ebc236fad4d835c162debdca943610f462f,94e3e9dcb7dd1aea8499d86b,44254,fine_visible_geometry
48,F0048,matriks tombol ergonomis,batas afinitas,797ddb0a986f7158,1_Electronic/Television_175.jpg,181fc539b4e29dd4d94d522609ec836880c84a0fcc15935bc1798af24ecd3c06,8de8f7ace14cc4be3e0c7e52,5613,fine_visible_geometry
48,F0048,matriks tombol ergonomis,medoid,f2a520f1bc8419d3,1_Electronic/Keyboard_120.jpg,193c1bf7eb3e9a0e556a2f5da597574ccc99cf79a6c9ee8b5d9627cbb0524120,45e921cafd19db13f6fcb73a,6023,fine_visible_geometry
48,F0048,matriks tombol ergonomis,variasi posisi,0e8da24e5c2dd59b,1_Electronic/Keyboard_209.jpg,f30ce3ec13df4f9d5a3f9b376c5d9a70e7a64af2697206a3054b8c9c0fa3e201,d23bef49263c329c3a0168d9,57420,fine_visible_geometry
49,F0049,bingkai bawah atau penyangga layar,anggota tambahan,7910d62b73819d3d,1_Electronic/329.jpeg,d66ce37a84519144819ab31d7f9952f8a5f77403558127b8baf0afab0f9f4e91,9e5136a3bf448bc58fe7c7e2,50686,fine_visible_geometry
49,F0049,bingkai bawah atau penyangga layar,bagian besar,325e9e4b39442701,1_Electronic/629.jpeg,4099de5750ee29d2c5431e993055e11dbc25dfeef1856eb2346dd29c941a7f97,763ef4c990b0989a25e72559,15752,fine_visible_geometry
49,F0049,bingkai bawah atau penyangga layar,bagian kecil,68a4b243fffc29f8,1_Electronic/620.jpeg,a8cb012f5bcbe6981983522cbafde7b0ab94d2b98c1b131f868da34bf06605f0,062ad1c702f0a4eae06fc5c6,39928,fine_visible_geometry
49,F0049,bingkai bawah atau penyangga layar,batas afinitas,4de5a9e77bdc11fa,1_Electronic/40.led-and-lcd-tvs-monitor-scrap-for-sale--160.jpg,f8eb6359e717a2717a15710a722aa023438132b93062a9fdcb8f42aeb527ff58,b49e6eaeaf6cb569db914366,58505,fine_visible_geometry
49,F0049,bingkai bawah atau penyangga layar,medoid,6d059409ccfdc0b6,1_Electronic/IMG-20200329-WA0068.jpg,7f97702a594c8c989f3e667af04a54729b511b2f7007763b285af1f650f7a260,cc282bbbe6f61cd0fc0f0e46,30404,fine_visible_geometry
49,F0049,bingkai bawah atau penyangga layar,variasi posisi,6f38ebc5831497e9,1_Electronic/25.jpeg,f4a639cca26bbe9440f11cf52b0604249342e7ac530cd37d4c5dcbcffd61b49e,3bfd009c23e25747d54866d6,57648,fine_visible_geometry
50,F0050,tanah atau basis di bawah perangkat,anggota tambahan,dbfeec56570ea092,1_Electronic/22.old-tv-broken-tube-old-tv-broken-tube-television-electronic-scrap-old-tv-thrown-away-next-to-wall-pile-mixed-224486244.jpg,24eabead61ce8c8a756f210a8779161f6751f1deac87d4ac2775d7c621504e9a,fddf5174f746bb7336e55943,8773,fine_visible_geometry
50,F0050,tanah atau basis di bawah perangkat,bagian besar,bb2ccaa6f91dcfcd,1_Electronic/Printer_51.jpg,c00f02502be07f5b25886c907456a9f4d14147118efebab57a53f8155302a558,0dc2b4fe4ec4b0c09695062b,45251,fine_visible_geometry
50,F0050,tanah atau basis di bawah perangkat,bagian kecil,b4c16b84caec78ba,1_Electronic/5.shutterstock_2521558043.jpg,37b9c8805a4617027d6e2bfe9f7282ce06cba8abd9a057a52eed6b564fb60626,ce902ed7a497aae41feffcbd,13700,fine_visible_geometry
50,F0050,tanah atau basis di bawah perangkat,batas afinitas,29566d73294bfa0c,1_Electronic/6.electronics-monitor-screen-discarded-buried-retro-computer-screen-J9DERF.jpg,37ae93bb32f78136c3546f23200b996c2a7f27823a043535282a8aea01cbc5ef,632fb02af6990907a5a15b2d,13642,fine_visible_geometry
50,F0050,tanah atau basis di bawah perangkat,medoid,f7499cd10b9b28e0,1_Electronic/71.person-smashes-old-tv-hammer-footage-120464730_iconl.jpeg,3d23e7a04a31219ff963f1ae4b7874f6d1f42ed09117ca52d2d396abe9b19344,34ff3c4e148ac6b6f23c622b,14932,fine_visible_geometry
50,F0050,tanah atau basis di bawah perangkat,variasi posisi,48573444fd3bda5f,1_Electronic/Printer_50.jpg,864973dd3a6c4974cb24a2628ed7721d62850189931d2da827ca7f7fe648fcda,6e4cfa4fb60e1db63410a913,31858,fine_visible_geometry
51,F0051,saklar dan soket dinding,anggota tambahan,784554bb40966636,1_Electronic/WhatsApp Image 2020-11-01 at 1.27.06 PM.jpeg,412324c2739dfc66d52ca19a7ef5163ecb5a91bbb4f2a019366f3e78757c81ef,e75427c503e247e53e375816,15938,fine_visible_geometry
51,F0051,saklar dan soket dinding,bagian besar,7b8425afa1fe2c51,1_Electronic/WhatsApp Image 2020-11-01 at 1.23.05 PM.jpeg,5accac00bc6932603c1ce10e99276b0e19f74e6c4c6e44a671d7d0a269979bac,1a1d7806813222e8217cef2b,21564,fine_visible_geometry
51,F0051,saklar dan soket dinding,bagian kecil,eb0d1318d1125504,1_Electronic/WhatsApp Image 2020-11-01 at 1.26.24 PM.jpeg,bb60356ebc00183e177b95f8d3576275eadd05bc7a97032e422f58f4e88d0530,e88f3bae22b8d896cedb61ff,44323,fine_visible_geometry
51,F0051,saklar dan soket dinding,batas afinitas,e7910cfc50fff3fc,1_Electronic/WhatsApp Image 2020-11-01 at 1.15.29 PM.jpeg,5c7142a63b3e92a89e33c57a68384d351de1e2e28da877abae41721c8b2ebefb,b682081e2b92b522dfad50f6,21908,fine_visible_geometry
51,F0051,saklar dan soket dinding,medoid,370447fb8c6b19b0,1_Electronic/WhatsApp Image 2020-11-01 at 1.23.23 PM.jpeg,d3206efcc4b4ed09cce08680597bd640cf6c3617882169ebaa82d5abf5501e4d,4a39ec6b7e2f1f767224e0f2,49797,fine_visible_geometry
51,F0051,saklar dan soket dinding,variasi posisi,28439f2dc02e4550,1_Electronic/WhatsApp Image 2020-11-01 at 1.22.54 PM.jpeg,08b9404a6201ef072ff123122582692bfa0a3f0ba0831e68b6f12159c541a60c,e4408aa6bb92935b87351ecb,2008,fine_visible_geometry
52,F0052,garis dan panel layar rusak,anggota tambahan,1bce4aabf304f135,1_Electronic/3.broken-led-tv-matrix-damage-260nw-1846494913.jpg,e7fbfcf79e5a6998bdcb4d9513d791206e0297f89f7374e1126d8e6c2e697566,45b5096f04ae72e41ed202a3,54882,fine_visible_geometry
52,F0052,garis dan panel layar rusak,bagian besar,c909b1ddda2e9e3f,1_Electronic/19.lcd.jpg,8956bad567e7f763a5e6eb4d8b494fb026402036409a7798cfd127a6a0900034,7927a8b902776c81f4e8e1b7,32460,fine_visible_geometry
52,F0052,garis dan panel layar rusak,bagian kecil,428014b4e5812279,1_Electronic/596f8aadc50c2931008b5381.jpeg,b2923e38df10e8f82fda5313d4da2632729f9deeef1b223d4ba22aa55bc4698b,1f04bb3c4f3e1439750a7b98,42316,fine_visible_geometry
52,F0052,garis dan panel layar rusak,batas afinitas,bcb1eb732acd5c44,1_Electronic/63.FA02LXHI697S5OH.png,1c5a8ab088db8246b2e175d95174ec38df7e2d653cbfc00a55dff4cf4aa72ce9,2d747d762dfa09eb47357298,6717,fine_visible_geometry
52,F0052,garis dan panel layar rusak,medoid,045fe2157a17a75b,1_Electronic/sd.jpg,d2d3c1d2a7011e08a3bc0fdc50e41576534c8d65808d38ef7302fd5416708197,00705657fdf22915cb639426,49700,fine_visible_geometry
52,F0052,garis dan panel layar rusak,variasi posisi,fa4021b7190cce4e,1_Electronic/IMG-20200329-WA0078.jpg,dc403b784e19e759a589b2ccff5205c9917b89a911117f3c6fb24164ca6e11e9,86ee50a59776e56d95d6a022,51807,fine_visible_geometry
53,F0053,konteks fasilitas dan tumpukan e-waste,anggota tambahan,e4445efb531c9e30,1_Electronic/5.growing-problem-ewasteplant.width-800.jpg,700b07ba540837171dd981156d62dccfdb902b437261a697270559e38c7eb1e1,ec96268d49d2158c10106a34,26540,fine_visible_geometry
53,F0053,konteks fasilitas dan tumpukan e-waste,bagian besar,4889c50aac13666c,1_Electronic/6.20170119155741-intip-pusat-pemusnahan-limbah-elektronik-di-jepang-001-dru.jpg,e91db101a1f1b9c07145b06923a4980da9e6b807f63f08f4f61ce0c4d3ed9cc5,583ee221f73d6212fd454432,55125,fine_visible_geometry
53,F0053,konteks fasilitas dan tumpukan e-waste,bagian kecil,4d6031086340b5f9,1_Electronic/18.20240216210005blog.jpg,785b05eecf25bc1b54251224468ff413cdef0a6f892a3e584714e7af45bcc39b,f7fbfb7548c87dee90ff2e41,28191,fine_visible_geometry
53,F0053,konteks fasilitas dan tumpukan e-waste,batas afinitas,41080fefa2f8687d,1_Electronic/68.computerskrot.jpg,b9ba0474fc8200d2a40d89b0c5505efad089497ab7e117fbd3c3cf39b74dc709,a9b429a7022466768b82fba0,43838,fine_visible_geometry
53,F0053,konteks fasilitas dan tumpukan e-waste,medoid,5ca53a1f75c21ea4,1_Electronic/1.P_SR09-0319-March-2019_Truth-About-Waste_Final.jpg,95635b6984287b33a85462fb84f446645d6799cb75d3583c66a6666cdaedadf4,86301174b424431797309b54,35187,fine_visible_geometry
53,F0053,konteks fasilitas dan tumpukan e-waste,variasi posisi,4b5032668e44fe32,1_Electronic/24.e03d2a5d-cfb4-4d27-9c0a-32ae7778e7f4.jpg,8dd1a3dc3da3837624d10ca93fb46e6240e8af5affa13ba5d7b86857e060eec6,5d6a7a9f08a64259d64fd866,33496,fine_visible_geometry
54,F0054,sisi dan kontrol tetikus,anggota tambahan,8d88a8f474f5f944,1_Electronic/Mouse_233.jpg,1ea4699e2335b2d43f71512b26c19fee34b899c75e7ac0cbc4f99e73bc469491,2a114ec976be3064df65cc0d,7288,fine_visible_geometry
54,F0054,sisi dan kontrol tetikus,bagian besar,0284d3f319120430,1_Electronic/Mouse_170.jpg,800e57cc878d4a756ab00613a5928aa88f1410ef9184b2db30c32afda77344f5,d60f7eb65dee03f1c3285656,30587,fine_visible_geometry
54,F0054,sisi dan kontrol tetikus,bagian kecil,6420541dd018ea90,1_Electronic/Mouse_63.jpg,373cb09ab46dc07c1c044c8dc7dd68d99712cfea5e4476c9154d384970b64c35,aeffff063e469dcbe010ce8a,13550,fine_visible_geometry
54,F0054,sisi dan kontrol tetikus,batas afinitas,3eeec865e97eae8e,1_Electronic/Mouse_249.jpg,1772707ddcb4bf664451d1530d825e88a4b9fc06d045531475102a0fd09c457f,8318d23a431fb83b25907d49,5390,fine_visible_geometry
54,F0054,sisi dan kontrol tetikus,medoid,746ec9592dd56c7f,1_Electronic/Mouse_261.jpg,fee41bdefa424eb06b560675d28037f105e0dcd9bf6ad43b7511ea320beaa061,096aeb95dcf1074802bbdd18,59818,fine_visible_geometry
54,F0054,sisi dan kontrol tetikus,variasi posisi,eca50ac141cc455e,1_Electronic/Mouse_81.jpg,51a70dfac8dcee9f8a47ffd3e8bdf49c6046b41ebb277951e110575ee5b16b6e,279f1542aca5e4b950ab71e4,19682,fine_visible_geometry
55,F0055,bola atau kontrol bundar perangkat,anggota tambahan,b306da10d955c46d,1_Electronic/Mouse_191.jpg,f938a6d56168c66f66f769682550ada0a8bed4e43186b1b405d66b5f64ad69ab,e3f687b2e9e8f859c9b662e6,58578,fine_visible_geometry
55,F0055,bola atau kontrol bundar perangkat,anggota tambahan,6c5bf10c503defcb,1_Electronic/Mouse_195.jpg,cec77cf46ed400a4f57bae8a88524c24a49d854fcf61d3558d97f96e1675e5d6,7b4a9a4411e1861aaf18cf32,48741,fine_visible_geometry
55,F0055,bola atau kontrol bundar perangkat,bagian besar,f373817d6c87d37a,1_Electronic/Printer_211.jpg,10f038f31b36753126b4a17ad49b705fc60647a0358933b580e8362c9477270a,4f0ef279bd1692a901219ccb,3987,fine_visible_geometry
55,F0055,bola atau kontrol bundar perangkat,bagian kecil,ff9eab8cec81aa65,1_Electronic/IMG_20201101_130429.jpg,83d9dd7ce6a4b44948398dc5137a20151e3b629474edc7cf036a69f39e168b3e,7d72ee52d3ca40855005db82,31278,fine_visible_geometry
55,F0055,bola atau kontrol bundar perangkat,medoid,ab9454d911b48c0d,1_Electronic/Mouse_178.jpg,a1fcf3d50705126313ee557b307af64dabbe82f4d003e832ed1375d5d484ff65,7b88328557127b073ce88d83,38365,fine_visible_geometry
55,F0055,bola atau kontrol bundar perangkat,variasi posisi,a7d2052ac9faf7eb,1_Electronic/Mouse_37.jpg,5577ff0c46fc5125b5e1ca1f22f0d50e1420d764f6d2eca6743c1f588e232515,98f7dd1c4ad3912188cec7f6,20542,fine_visible_geometry
56,F0056,CRT dalam tumpukan limbah,anggota tambahan,30bb894a9117a4f6,1_Electronic/68.1464888593_83b08601ec_b.jpg,324484e46b47be13eb28d0c60080e3a00b10832e5a1a8af6e7d6016f013eb0b1,2b483797bea9ad2757223067,12345,fine_visible_geometry
56,F0056,CRT dalam tumpukan limbah,anggota tambahan,8e7cb82db26333e1,1_Electronic/70.vintage-televisions-various-electronic-devices-260nw-2631940469.jpg,06877a0467ea78f9e35966fdccde399d5720a0b4893fe302bd724ff3586abbba,343ffb80a871f85e6bf5f80c,1652,fine_visible_geometry
56,F0056,CRT dalam tumpukan limbah,bagian besar,235ddd36b9e1f70c,1_Electronic/78.76384075.jpg,b845cd127dc1ce8ccee29dfc8dd0b502f90ee02cc57b3af311fb30827f03c44b,d2935438154aa2bdbad7eba0,43470,fine_visible_geometry
56,F0056,CRT dalam tumpukan limbah,bagian kecil,2f674e402113b4b6,1_Electronic/12.retron-article-april-2025.png,dedb157d6fcad4fc0b67d5864135bd732251987b9f864137287c7f6fc4790099,f985c512503ec9dd3c70f011,52498,fine_visible_geometry
56,F0056,CRT dalam tumpukan limbah,medoid,175d60cea90d5e87,1_Electronic/18.television-and-radio-scrap-buyers.jpg,40a5782dd11a3ca98c1bffadd6220fb6aa1efc40317f8225cc95628513134679,a4f63f576bc6c7d9cfeb3ef7,15771,fine_visible_geometry
56,F0056,CRT dalam tumpukan limbah,variasi posisi,4718f294cf08e85c,1_Electronic/13.LED-LCD-CRT-TVs-Scrap.jpg,a2919e651c857381d4dfd52c28b9ad98c44cceab64a79c1a9b846d35bfe758a8,b457c94642068653ee998483,38532,fine_visible_geometry
57,F0057,cangkang belakang tetikus,anggota tambahan,61204b6143118bb5,1_Electronic/Keyboard_141.jpg,a67191da4b4b92f32b50efebbd61daddb72e7586b22c71b0e42615debdff82d1,d950b604a61b2ad2cc4c4453,39333,fine_visible_geometry
57,F0057,cangkang belakang tetikus,anggota tambahan,2740bd427535d86c,1_Electronic/Mouse_20.jpg,d1892e8d9dacf2020a07deee00f25c776e344c749ae6dce6c13a6c081047cf8b,0684ae1d405a47145b11ac0f,49360,fine_visible_geometry
57,F0057,cangkang belakang tetikus,bagian besar,7efd9d97d0c97b46,1_Electronic/Mouse_229.jpg,e1ca21ee277db6658eb4cb1411673031d6905bcf23a6d216ff34afe832801c1e,78b2921f001de1d7c231f444,53160,fine_visible_geometry
57,F0057,cangkang belakang tetikus,bagian kecil,0a342b59180e6c78,1_Electronic/Keyboard_256.jpg,0d4d3fa754ddf905b98014d5313e572d94b1603c46c041dfcc4e4c75786b0331,eac083aa6ab58ce81119607c,3133,fine_visible_geometry
57,F0057,cangkang belakang tetikus,medoid,f062e4b3438421fc,1_Electronic/Mouse_297.jpg,217d292b3ca186a6c72d23f80982adcb5c15156da56cf8c1da03ad78c1ea7eaa,769e20976fac25a357e8c3a8,8013,fine_visible_geometry
57,F0057,cangkang belakang tetikus,variasi posisi,9f6f45f780fd7706,1_Electronic/Keyboard_233.jpg,959ed521bcd37e601f5cbe0292feb01c2eb2d2716bb3a57ed7414836b846f3c4,991a4b341dbd86920b9f02ce,35295,fine_visible_geometry
58,F0058,kaki furnitur dan basis adegan,anggota tambahan,4ca672ab0e092439,1_Electronic/Keyboard_208.jpg,c88ce1113621069d564149f779d2af4eeaa362e73221cb21eac90acd6d8f156a,7095ae7458f105c04a80d337,47254,fine_visible_geometry
58,F0058,kaki furnitur dan basis adegan,anggota tambahan,de441fbe14a50224,1_Electronic/Player_206.jpg,e3cc512a64bef2c673d0d8e8a5a6f6ef6abed8b309f1d988782b78effc4d16ef,1bede361b0f828ee2d5b533a,53770,fine_visible_geometry
58,F0058,kaki furnitur dan basis adegan,bagian besar,8bb0a94e4f713f6c,1_Electronic/Washing_Machine_71.jpg,6d896e5d923bf62e7a2cc1c202705106ac3ca51a57553734887f135126cc8659,cf8176dfe9336d2ab36a3cea,25869,fine_visible_geometry
58,F0058,kaki furnitur dan basis adegan,bagian kecil,e39e86a57a628ca3,1_Electronic/Player_161.jpg,d00c9376ab7c9f9fcdfac98fb4c24fb7fd3a04de7cb5afa6c9777a04e0b0ed52,1f4d50fa9c830fbb7e246f53,48990,fine_visible_geometry
58,F0058,kaki furnitur dan basis adegan,medoid,7f4f91966c947051,1_Electronic/Player_183.jpg,7a950f7f2b7006ed94a7bf641b511ce3c921f0bf879a306883e68e441fc41ccc,f31022450c7291f620fb0475,28831,fine_visible_geometry
58,F0058,kaki furnitur dan basis adegan,variasi posisi,77f5adc0c086c117,1_Electronic/Microwave_54.jpg,f25a1ea2985f16820852c913eba54de8a3623b91272aa6640c3ea957ee19b6ed,def4e2428abf3fcb4319d5a4,57253,fine_visible_geometry
59,F0059,papan ketik dalam tumpukan,anggota tambahan,b1e7fe137cbc8ecb,1_Electronic/13.Electronic-Recycling.jpg,7ba4f61ce2758533edc75847920ce9390f3c78f0605079d9a1dbb05cea76cdd8,f1508197945726432bebb5db,29122,fine_visible_geometry
59,F0059,papan ketik dalam tumpukan,anggota tambahan,e517afc5be607dfe,1_Electronic/12.pile-old-computer-waste-junkyard-260nw-1798868611.jpg,a50bf327283120421cda048bc6df239aad80b7a240b045e9c52a5de3c3b42e58,521ea6171af7454d5c433f7a,39066,fine_visible_geometry
59,F0059,papan ketik dalam tumpukan,bagian besar,7097352bddda4370,1_Electronic/61.pile-discarded-computer-monitors-electronics-landfill-environmental-pollution-pile-discarded-computer-monitors-437381574.jpg,8dbc965121dc87db816f0eca3999b83f678e1a96d3665ab1591c33cb748b3ac2,638cd03c3e832949615ef672,33457,fine_visible_geometry
59,F0059,papan ketik dalam tumpukan,bagian kecil,83ccaf24a5a012f2,1_Electronic/18.stock-photo-black-keyboards-in-a-pile-computer-junk-2303912471.jpg,58aaab634b78f0396a1daa5b2df1bdba003be5ac8994c2928e210dc6fb1efe29,b9cb6a23a29b4d977f7440f3,21036,fine_visible_geometry
59,F0059,papan ketik dalam tumpukan,medoid,9778e2c6d876749b,1_Electronic/68.kiel-germany-november-22-2018-260nw-1511680658.jpg,0c6d7a64095092561f09f7686f15c684cbfdf61527ca1978d0ba6288ab78bea1,30cfe9b08e823b7c27755677,2935,fine_visible_geometry
59,F0059,papan ketik dalam tumpukan,variasi posisi,ab00122aa116e9af,1_Electronic/2.640px-IBM_PC_5150-640x437.jpg,c7e0b0de0bff88951ab85d1a431e5b2e873c94fbf66ff9358e77965979f7293f,066ea079bf5645c29de68803,47127,fine_visible_geometry
60,F0060,tepi pintu atau rongga microwave,anggota tambahan,ed731b4eab5f9f91,1_Electronic/Microwave_274.jpg,25846d1a43c5e62e4f2a23fa9619eab1ad421e4cbd9bd1d5c2b61405b9fb5819,de5bf69e2664cb4f9802cf1f,8938,fine_visible_geometry
60,F0060,tepi pintu atau rongga microwave,anggota tambahan,bbfe30476ad7a44f,1_Electronic/Microwave_37.jpg,df2140f2ac07e43fe4abeddf245c345c64deba2328da2eb5d14f59c3670dda17,c18f8a597150a0107f0e2d00,52557,fine_visible_geometry
60,F0060,tepi pintu atau rongga microwave,anggota tambahan,77a92a98b8218451,1_Electronic/Microwave_94.jpg,a64fd2472c916e6a9d801879a8d70c19c1151d7618422d11edc6a86d859ae420,24464569b0049a73fad6bd28,39283,fine_visible_geometry
60,F0060,tepi pintu atau rongga microwave,bagian besar,84bd82c4b80fd1ad,1_Electronic/Microwave_139.jpg,2f7fcd70d6cd301607e88a6f574283a34b243d88e71d500c7e0103fe9b4490d2,a6ad93811f3cf7faa291b1e1,11797,fine_visible_geometry
60,F0060,tepi pintu atau rongga microwave,bagian kecil,2e35b881d03f0b99,1_Electronic/Microwave_9.jpg,2e6909f3dfac08ad853d4e318504931bba91ca6c4de38da2f4179e0b904a6320,650557e0c7e6bbf3f110899e,11562,fine_visible_geometry
60,F0060,tepi pintu atau rongga microwave,medoid,73e40bc332e5f7ad,1_Electronic/Microwave_289.jpg,2f9743aa679c367c21fb0385c364bd416a9fb3d0bd1e4b5483a19745840dc77c,bbafc6b7643cb54acdff04e9,11816,fine_visible_geometry
61,F0061,bagian putar atau kipas pada rakitan,anggota tambahan,c77b609f9f3de57a,1_Electronic/14.computer-monitors.jpg,dead51ae7294d50241d6715a3349153fa9e962b949f7ca0429af105e3e008be0,4c50ced91355b71ac608824c,52419,fine_visible_geometry
61,F0061,bagian putar atau kipas pada rakitan,bagian besar,7ede4fe856d8ca57,1_Electronic/80.Untitled-design.jpg,2807c3764061418e4e90fda205faedf5d6dca04e651147a430ba86ed034704de,6bf21e20fbee0a2539a6c56a,9675,fine_visible_geometry
61,F0061,bagian putar atau kipas pada rakitan,batas afinitas,e3387d1813ffc333,1_Electronic/s-l640.jpg,8df40afaed6ef9b30d428116954b7ab069a5bbe2c8959c1afbaffbf120c21d83,a1f6c6123fceec5ed3d01901,33530,fine_visible_geometry
61,F0061,bagian putar atau kipas pada rakitan,medoid,41e60d7382d325f0,1_Electronic/12.347361369_e5270cedaa_o.jpg,b7d8b91bf737d0906cfb77a72b4a1847837424b32f8cbfbca8d01eef7993996e,25e70b638b8297bfdc988fb2,43355,fine_visible_geometry
61,F0061,bagian putar atau kipas pada rakitan,variasi posisi,a596b60b0bf5bc46,1_Electronic/s-l300.jpg,2723503b28d2c69e0fa3845c371bfa81faea1c27322a3695305eb175d5a0b25d,561305806568476f3b6d6c60,9385,fine_visible_geometry
62,F0062,fragmen matriks tombol kecil,anggota tambahan,8de992838d3b49af,1_Electronic/Keyboard_68.jpg,b03a9d4b85da96a3742ebd566f785ea0886035caedbb55f0b9bcb620051deba9,dff031ea41281feb5ec87483,41761,fine_visible_geometry
62,F0062,fragmen matriks tombol kecil,bagian besar,6e4ef564eaaa4e93,1_Electronic/Keyboard_55.jpg,45dd75efd9807160f10db5250cd99f4826abfdc6bf0b584d5af0f86253ef6476,089a0ff8ea1e3ff51f57aa46,17029,fine_visible_geometry
62,F0062,fragmen matriks tombol kecil,bagian kecil,ef50716799983918,1_Electronic/Keyboard_96.jpg,8b2d342406d71ad7df5a450f16f9d2bf17e06fc2dc0d838ab4b92b81bc47de0d,b2817f7b2c990d651ad4ee24,32933,fine_visible_geometry
62,F0062,fragmen matriks tombol kecil,medoid,39462ea099bd0737,1_Electronic/Keyboard_235.jpg,d3828a70b70bc183aabd8e262158b69d3a18c883a27cde9cfe04e197b5880abe,97bc1407cadd708f686c659a,49935,fine_visible_geometry
62,F0062,fragmen matriks tombol kecil,variasi posisi,5da9b74d46a501ce,1_Electronic/Keyboard_241.jpg,68ee7a05d5ea6adc1643a4dd184c646c047db7daca473244f79bb8241686c9bc,2e4d0d19936bd679715ddd93,24779,fine_visible_geometry
63,F0063,fragmen papan sirkuit buram,bagian besar,89057b0c6719694a,1_Electronic/pcb_188.jpg,c1a2c182867f305e508052432ed6914d4eda5bbf491f46a6d21e285737bb07b8,ecebbaeee0131a5fa722bf5c,45601,fine_visible_geometry
63,F0063,fragmen papan sirkuit buram,bagian kecil,a3798043b23a9473,1_Electronic/pcb_192.jpg,b8befe88c91d853c28d03f470245a4a5a8a4117e0ce243174865a5eba2aafce9,dab183de3aa380c87ceda0a1,43582,fine_visible_geometry
63,F0063,fragmen papan sirkuit buram,batas afinitas,ccf0c42ef8fe1d9b,1_Electronic/pcb_137.jpg,a9aa84f131ef8a5908a01491025d04d5eade10069b6af372820fec18416cb010,9c8e9067adce26434872e570,40139,fine_visible_geometry
63,F0063,fragmen papan sirkuit buram,medoid,53dacbe2a01959b5,1_Electronic/pcb_77.jpg,3a30a4dbdb151d2766bdae5a8983c9b79acf6be07080c097bae750e7bdb86658,4938ddd40f66dee3078497c7,14335,fine_visible_geometry
63,F0063,fragmen papan sirkuit buram,variasi posisi,960fa7317cad4bc4,1_Electronic/pcb_147.jpg,481acef72a2f0a00be2bd2e6407394451ef93fd5bce236a5d3b7aac6bd19b1a1,cd02de957c1172d4d7a17e6f,17602,fine_visible_geometry
64,F0064,retak layar langka,anggota tambahan,fa3b95b67851c13a,1_Electronic/Mobile_249.jpg,6f09cdf5953eeae5fbae22255f0e9f189c2afad9777c24f32bfe367f9fb45a48,0b3c16df4d5d3ab0bc74b27b,26242,fine_visible_geometry
64,F0064,retak layar langka,bagian besar,eeaf47facceba569,1_Electronic/Mobile_236.jpg,fb5ef5c436df980f73b2cab33340a58c098cf7faee9614ec60b2932a847bd084,d5ad0c6315af8aa355f5fd9b,59065,fine_visible_geometry
64,F0064,retak layar langka,bagian kecil,c44c3f97a2595d5f,1_Electronic/Mobile_171.jpg,09c0fc1b300ec7e7f17e9b0ad57d0555a6b10154df772e25ce561428e73977dd,6ae60cc453ad398c45c96195,2373,fine_visible_geometry
64,F0064,retak layar langka,medoid,9a2a6d2413333888,1_Electronic/Mobile_247.jpg,accabd7f88263a0e707931e1d940308cd00b550439943079b8cfac6fb5a1a907,03475001f6da1b8f5486cc32,40824,fine_visible_geometry
64,F0064,retak layar langka,variasi posisi,34b799173faf6c17,1_Electronic/Mobile_208.jpg,6fcdbaaebd65cffdd58bde54c5822a31201506cb182290c21fa58199c8035f02,ee5180145ba45fae9967967d,26399,fine_visible_geometry
65,F0065,fragmen objek dan adegan campuran,bagian besar,cd80c5b9d5fc2933,1_Electronic/Microwave_259.jpg,c8ee4a69d7343c0cf6c3107da98f5a693301ea8b04a221cd96c44145373ecd64,68eadafcbae92e857eb0df6b,47280,fine_visible_geometry
65,F0065,fragmen objek dan adegan campuran,bagian kecil,b4846284de1c5286,1_Electronic/71.free-photo-of-kamera-dan-barang-elektronik-vintage-di-toko-barang-antik.jpeg,df6345acb02323c82c93d257e9b9f11a07a206e7c5bf55ad0bcd94f0ce743c67,05587b46ffbe3b95935667b4,52643,fine_visible_geometry
65,F0065,fragmen objek dan adegan campuran,batas afinitas,a4144132384d38f8,1_Electronic/17.pile-discarded-electronic-waste-including-televisions-speakers-keyboards-small-appliances-recycling-disposal-446785982.jpg,290397ffd458c715f663cbc3be00c1ef928e5ce2f0d93f80f4735237616127f5,7a2123f4f57a8f8d427e1e02,9999,fine_visible_geometry
65,F0065,fragmen objek dan adegan campuran,medoid,b5481ba1e280e2e7,1_Electronic/Mouse_251.jpg,cc726a45eaf40af2792c605b68889300c5da12fd2a612024d0a7e1d076ab48bd,d19542f57e94cf8de8ac55e2,48156,fine_visible_geometry
65,F0065,fragmen objek dan adegan campuran,variasi posisi,fc168eb272d5834b,1_Electronic/Microwave_100.jpg,9a48b71600f0860c509509d2a2279312bc5ecb9444bfc7462cafbfeeed21a628,3aec2e60d6a2757e26087ba2,36612,fine_visible_geometry
66,F0066,sudut penutup laptop satu sumber,bagian besar,2c64b74efd769be8,1_Electronic/IMG_20200329_152735.jpg,852e736fc742db7a1b66df501314bfdf8b9fcf64a64c0dbc0c7c230c29a94276,c8cf6be8dbacf6db083705b8,31656,fine_visible_geometry
66,F0066,sudut penutup laptop satu sumber,bagian kecil,2c64b74efd769be8,1_Electronic/IMG_20200329_152735.jpg,852e736fc742db7a1b66df501314bfdf8b9fcf64a64c0dbc0c7c230c29a94276,589b87244af3f5dcf44f25c1,31654,fine_visible_geometry
66,F0066,sudut penutup laptop satu sumber,medoid,56a91967238e8ab0,1_Electronic/IMG_20200329_152746.jpg,b123645bd237bc54215febda2af3a2267c1e65e5bed8d72c2b6af470ec104f73,1266224693e4913a1a23ba69,42110,fine_visible_geometry
66,F0066,sudut penutup laptop satu sumber,variasi posisi,4a374731fcbf35d5,1_Electronic/IMG_20200329_152734.jpg,e49e16027f24ab1f1e74dcfabaec7f67cec54676bab37201a43c9a9e47e04ddc,cb810bd26623cc8734e61ebe,54042,fine_visible_geometry
67,F0067,perangkat rusak berat dalam limbah,anggota tambahan,49fd29c34b25b3bf,1_Electronic/e-waste circular economy wide.jpg,920bff1c05bff89e42468924ab4d5f25b667fad306bce6026bab86571772990d,88118474e6a624d39fddfd2d,34401,fine_visible_geometry
67,F0067,perangkat rusak berat dalam limbah,bagian besar,f90c23e95205d668,1_Electronic/20.3_AR-BLOG-6-IMG-1-1024x574.jpg,8429dea0ca43769fdbebf1fb6ad6a15056856f61f9e3669d396d9f0c05981f6f,b7842366044b4deedbec01d0,31387,fine_visible_geometry
67,F0067,perangkat rusak berat dalam limbah,medoid,b16ff464e563c936,1_Electronic/15.discarded-broken-smartphones-amidst-cracked-screens-close-up-discarded-broken-smartphones-cracked-screens-highlighting-333067838.jpg,ead1c423f0f06204463a3d80a667902336fe51eff39b311fc3a0952ac1808665,30e70c4a51f7f8b1e062455a,55465,fine_visible_geometry
67,F0067,perangkat rusak berat dalam limbah,variasi posisi,df14a15f633f6c5b,1_Electronic/17.severely-damaged-vintage-television-set-cracked-screen-surrounded-debris-356539203.jpg,a3b3791b7ea3003605a34106459a01eb84668c9cfb2603012746f7166a8bbad6,f5e48ff07d0ea4dc34e0504e,38782,fine_visible_geometry
68,F0068,asap atau pembakaran di sekitar e-waste,bagian kecil,d1741d2fb7354c54,1_Electronic/64.burning-pile-of-discarded-televisions-at-an-industrial-site-photo.jpg,470416feb1dddc443a728f4572910c1dcdf94402c33bb40fee743c28ca0ea853,a015b892dbf89b52094859a9,17327,fine_visible_geometry
68,F0068,asap atau pembakaran di sekitar e-waste,batas afinitas,48573444fd3bda5f,1_Electronic/Printer_50.jpg,864973dd3a6c4974cb24a2628ed7721d62850189931d2da827ca7f7fe648fcda,97d305feb8248acd7a585908,31861,fine_visible_geometry
68,F0068,asap atau pembakaran di sekitar e-waste,medoid,bb2ccaa6f91dcfcd,1_Electronic/Printer_51.jpg,c00f02502be07f5b25886c907456a9f4d14147118efebab57a53f8155302a558,e3a07a1404e1b77aba9e0ecb,45252,fine_visible_geometry
68,F0068,asap atau pembakaran di sekitar e-waste,variasi posisi,48573444fd3bda5f,1_Electronic/Printer_50.jpg,864973dd3a6c4974cb24a2628ed7721d62850189931d2da827ca7f7fe648fcda,27438591bd273323a0f739b9,31859,fine_visible_geometry
69,F0069,strip samping papan ketik,anggota tambahan,98baebd843db97bf,1_Electronic/33.jpeg,ae20ed179d7eab8e83fa8aa54c81abd58d804f7c557008680954856c8ea0fc98,90b6c8026c6322bff6bfcfd2,41228,fine_visible_geometry
69,F0069,strip samping papan ketik,bagian kecil,52b259fd8584a336,1_Electronic/Keyboard_18.jpg,2933ad90702da316200d56cbb8a4a2850996059c8a7b9822234b9487da3b20eb,d1e39a713e484cbc9e864338,10060,fine_visible_geometry
69,F0069,strip samping papan ketik,medoid,c9ae29a489b9205f,1_Electronic/Keyboard_64.jpg,4de3694b03190c3ae24e976a203f2a8d8ca75f69aa29cf5d7bc6393daf989990,19b728ea2b07ee1d5214242c,18853,fine_visible_geometry
69,F0069,strip samping papan ketik,variasi posisi,116c6eb679532fe3,1_Electronic/IMG-20200329-WA0076.jpg,a74a615fc5941a910861fb98b35bbe12dfdc4a5654999a1be53d031942d3747c,5a93fa4ba681b657a6b8c659,39523,fine_visible_geometry
70,F0070,corong gramofon,anggota tambahan,3aeb311fe06de2bb,1_Electronic/Player_203.jpg,8f29106867a5ad2d148c7e8e1a2d503c9cac7f4fdee51c7a61356b7edb0e9cdc,a43aeccb66c0384a13d52626,33802,fine_visible_geometry
70,F0070,corong gramofon,bagian besar,f651d18e87237409,1_Electronic/Player_263.jpg,bd86396c13e0038b100ae1536c3fbdf59c988742b54d0cf020666f8d8377b737,df097c6dc5d9287fde61e613,44762,fine_visible_geometry
70,F0070,corong gramofon,bagian kecil,408bc90adc3b6395,1_Electronic/Player_187.jpg,17fa19b333d332ed478503629daa342dc20912ef87373089a73ff5db08bc4b84,aae531a89505862ef89d2795,5547,fine_visible_geometry
70,F0070,corong gramofon,medoid,cbd5b5e474717b64,1_Electronic/Player_162.jpg,d5ed178d59e43466b86c17fceba940af580d1902ee9ec83e4b6bc085aebdac82,fdc1bd1f55677dfc22a9d4b2,50547,fine_visible_geometry
71,F0071,tepi vertikal perangkat gelap,anggota tambahan,79155f9074a2e1d6,1_Electronic/IMG-20200328-WA0030(1).jpg,7bb138ebca3f99b306cf11bab988bffe4ee42a480c8fac81ad4f0e4b07234b3d,aa004b7ee5ad480f590732bf,29135,fine_visible_geometry
71,F0071,tepi vertikal perangkat gelap,bagian besar,b5fc29cd07150afd,1_Electronic/Television_43.jpg,041467a2fc593ef482f2f2f7220a6abb3f7e55118a28ac767875034de886dd8e,9fb74d30e75fdd64c0590e3a,989,fine_visible_geometry
71,F0071,tepi vertikal perangkat gelap,bagian kecil,ccec59d2af53bf36,1_Electronic/IMG_20200328_131720.jpg,ae6a723965cdd21b0a2721b449720717184bb80f2dbb8f21241e7c564777816b,86aacde4cc06d1ee8ab11ecc,41310,fine_visible_geometry
71,F0071,tepi vertikal perangkat gelap,medoid,913cb709f2196265,1_Electronic/IMG_20200328_131615.jpg,354372c2222cb9c8f8de3b3741d917b6b8b6b9e53d85d82d037870ccd4b78b93,a4f4bb80a489cae0fe1e497e,13061,fine_visible_geometry
72,F0072,area kontrol perangkat terbuka,anggota tambahan,497b0feae662c8aa,1_Electronic/69.E-Waste.jpg,49dd334e53889ae8b348ad8cf036c2b4b574a5a7051670df3aa5049ad297b645,e8105cc22ee0de0e3ec0ad16,17976,fine_visible_geometry
72,F0072,area kontrol perangkat terbuka,bagian besar,7d0872af20f59619,1_Electronic/71.Laptop-Recycling.jpg,316f1b211432fbb1d5365b8fa1e6e8f7c771ee12399e23443e22684cdc5745db,a1fc6f248c920a811dbb8f7c,12177,fine_visible_geometry
72,F0072,area kontrol perangkat terbuka,medoid,3f6bb1af8fa2d879,1_Electronic/76.motherboard_en.jpg,ebb9d55dfc95f53c40a01b4251699ead0e2b57a4bb6fd07d195828b518515404,80aeb837a3e897cf84c0cb62,55658,fine_visible_geometry
73,F0073,bidang hitam sudut bawah,bagian kecil,4de5a9e77bdc11fa,1_Electronic/40.led-and-lcd-tvs-monitor-scrap-for-sale--160.jpg,f8eb6359e717a2717a15710a722aa023438132b93062a9fdcb8f42aeb527ff58,f4c9b37cd6662a299070b050,58506,fine_visible_geometry
73,F0073,bidang hitam sudut bawah,medoid,0c4ba77b2e9d8edc,1_Electronic/Keyboard_124.jpg,c734e013f4c152e59b0df2526330d615aecba3fad03b14cd80aee788dabb70aa,48a6b669e1f01f612365c8a5,46976,fine_visible_geometry
73,F0073,bidang hitam sudut bawah,variasi posisi,94d8885eff2df083,1_Electronic/Mouse_260.jpg,3622b728e617e732fab9a6fc8ab0686d100e460e3dea5739c37df6f2303a5aa7,bd6bd679a50c8fbadd59d6f9,13321,fine_visible_geometry
74,F0074,antarmuka aktif ponsel,bagian besar,612545dcd75f5e9f,1_Electronic/Mobile_78.jpg,d924278d202b69e31a5cb4f5f4cf363075e197d7aeb2c96b41db876259cefe52,844560ae793c492f18ce7b70,51217,fine_visible_geometry
74,F0074,antarmuka aktif ponsel,bagian kecil,d80eeeec1432f2af,1_Electronic/532.jpeg,43400634e3069399acca4ae0c4698b2ada2899ee0f0134b645147e12009627c0,a97d84ebb5a31f7f6eed03df,16468,fine_visible_geometry
74,F0074,antarmuka aktif ponsel,medoid,7ec67ce499d74273,1_Electronic/Mobile_81.jpg,6c0d7eaf82f2362fe008b655334340e084c05b0af5cd61e5a7095873f72dde51,ba0611c1d1f94012a5f26d16,25501,fine_visible_geometry
75,F0075,basis bundar atau drum perangkat,bagian besar,f92932b857e07c40,1_Electronic/66.images28329.jpeg,435025b4f53b4576eadf70926fbcb99bc40cc36dbcdfb7845ba38afe4bdf1d9c,c604c031a252a66f11c83021,16513,fine_visible_geometry
75,F0075,basis bundar atau drum perangkat,bagian kecil,90dcbcdff128fea2,1_Electronic/8.Lapak-lapak-sekitar-3117968952.jpg,2f2f6a265e6fd4c5b0fc95cc79d0011c99a751af9c16e742ce650f0a2db6b1b0,d3d77fb001a914804b852682,11735,fine_visible_geometry
75,F0075,basis bundar atau drum perangkat,medoid,ede3cffb9aff3b90,1_Electronic/2.pngtree-camera-lens-broken-part-close-up-shattered-photo-picture-image_7350404.jpg,fb1df2c1926e179b78a63629f61af85a26ac8f24a785e06bd630e10e9d2c188c,8ae293dd9038383761e73c20,59024,fine_visible_geometry
76,F0076,panel layar gelap langka,anggota tambahan,5961957d4c318278,1_Electronic/903.jpeg,dad520c40512ec0318de69ad35137554837c36f23d73ce2d1a66581eded1e251,7a7c064ec12efc29a5265e31,51607,fine_visible_geometry
76,F0076,panel layar gelap langka,bagian kecil,db3947165ba372f1,1_Electronic/615.jpg,98321536d29a1b3d827bc59f007297a6777ac49f20061ab513700ff4dc13734e,3dbab8423970f09b78d534ff,35984,fine_visible_geometry
76,F0076,panel layar gelap langka,medoid,d7dd28ddb368a1cf,1_Electronic/Television_93.jpg,aa3efa6bcddb196662eee302557cc21acd104961e942f5205a265cac301e4966,2c291e222a8891d4abb418af,40217,fine_visible_geometry
77,F0077,konektor gelap pada papan satu sumber,bagian besar,d4bde32c10f39fca,1_Electronic/pcb_153.jpg,b93fc81752ab69002724b32c2e1c27ca26af7c4b015090c44dc3cb307b12fbf0,081232a4d43c30ca9b69c498,43701,fine_visible_geometry
77,F0077,konektor gelap pada papan satu sumber,bagian kecil,f1dfcf5864bf1745,1_Electronic/pcb_93.jpg,7d011d3ddcf253661a1cda56ef3b8b7bb20e79a85df3a9a342ce9977a05d171e,a2a1e1fbc97e47eef5b063da,29671,fine_visible_geometry
77,F0077,konektor gelap pada papan satu sumber,medoid,26dfe78badf3d531,1_Electronic/pcb_67.jpg,a7983158d44262c1282444aa27b277a550c9d8de5332071dcd5509e7226170be,62910073136403ee20980f50,39587,fine_visible_geometry
78,F0078,matriks tombol langka,anggota tambahan,58f124be36cddd15,1_Electronic/3.jpeg,bb65ea31e17ff8a87288e49cd92f59d2e7eb8bfd0d980c45a5ea330410672bde,1d9464ba68b78da646ce5614,44337,fine_visible_geometry
78,F0078,matriks tombol langka,bagian kecil,8f47ea5ab91908dc,1_Electronic/Keyboard_160.jpg,09eebc971efceceea31f1b42088b77b609b731de513363f98a6389862cd1ce95,c44e80306f0d8edbf3ce9e66,2382,fine_visible_geometry
78,F0078,matriks tombol langka,medoid,18c9f83cd0a0273b,1_Electronic/Keyboard_60.jpg,1b25ad9abfdd825fbe58e6018164cc1e06ced7492b2c8f57c955ab7ae59bb39d,0d09c8f1987c56b52042b733,6497,fine_visible_geometry
79,F0079,bukaan dan kontrol kecil campuran,anggota tambahan,e749407635c6d8da,1_Electronic/WhatsApp Image 2020-11-01 at 1.27.40 PM.jpeg,fbcd05a48a2afb45badff4eb36359d6b59a5c8d38d7d8809e73c7ddcc519942d,2a3f8226472cf612690e3e1c,59130,fine_visible_geometry
79,F0079,bukaan dan kontrol kecil campuran,bagian besar,1287022d4d421aa2,1_Electronic/WhatsApp Image 2020-11-01 at 1.25.36 PM.jpeg,ebd113e31a48c19750e50c547ca6648ddfb43efaf87521e0ccad6c0ea94a89c7,b19c51300d833cd4a354ce1e,55695,fine_visible_geometry
79,F0079,bukaan dan kontrol kecil campuran,medoid,0724acba74e39d24,1_Electronic/WhatsApp Image 2020-11-01 at 1.27.55 PM.jpeg,7b9ee36f9d769e75e949e064dbdb0a38083441de78f87057775595e02db94c1a,1e0b6136c880411df0303910,29110,fine_visible_geometry
80,F0080,panel belakang ponsel satu bentuk,bagian besar,ad2f1fe6cd9126ee,1_Electronic/IMG_20200329_201015.jpg,2340b88f4368f9b08792d32cee40574a305e6f9b2dc2368100bd373dae1cdb40,d50995407d7705c2c4e912f9,8439,fine_visible_geometry
80,F0080,panel belakang ponsel satu bentuk,bagian kecil,b15e24d5cf721454,1_Electronic/IMG_20200329_201009.jpg,89d6db8ffdabaa3cbaf476bfee9ae77390e3ada226aa27a957a0cd493f7613db,484bdab0ab7dc3ef4ccb648b,32534,fine_visible_geometry
80,F0080,panel belakang ponsel satu bentuk,medoid,ce285a6a7f3162ed,1_Electronic/IMG_20200329_201011.jpg,e4efc23bf134d1aeb5c65fb6db8a0821b64283b8e36536fe7639ead0cde043e0,78ba439d36071326b2db60d5,54117,fine_visible_geometry
81,F0081,bingkai dan belakang CRT di tumpukan,bagian kecil,9df9d4bd8bcc3ee4,1_Electronic/67.antarafoto-potensi-ekonomi-sampah-elektronik-090621-irp-4.jpg,79d9a92c9d7978fc64a17a143c0da0658c99cb87889cbb1fafbe082ac073ffbb,83aa83e659a502717c1a37b3,28571,fine_visible_geometry
81,F0081,bingkai dan belakang CRT di tumpukan,batas afinitas,b4c16b84caec78ba,1_Electronic/5.shutterstock_2521558043.jpg,37b9c8805a4617027d6e2bfe9f7282ce06cba8abd9a057a52eed6b564fb60626,73434bfb06e504c37e39b25c,13694,fine_visible_geometry
81,F0081,bingkai dan belakang CRT di tumpukan,medoid,5d257e4542424799,1_Electronic/25.2021_06_10-00_08_41_b3452d0af1a06dccd6b83d404b1e303f_960x640_thumb.jpg,a1e85632a8a1e5823fa00ba3883009fb6cae52bc351ee62cc8bf7f983d238a2b,5bff03372dc3038eda49e354,38352,fine_visible_geometry
82,F0082,tepi peralatan pada tumpukan,anggota tambahan,b3cfa62ece6e9a97,1_Electronic/13.free-photo-of-rusak-pecah-berantakan-ditinggalkan.jpeg,b2a1fa784fa1f6b7cc6b24f5aa0a76c7769e7c8cffa531d4a71b034de59dfea1,ff3d5c2f6d82e4854168a84d,42338,fine_visible_geometry
82,F0082,tepi peralatan pada tumpukan,bagian kecil,9ded9e1344536ec9,1_Electronic/66.Electronic_20Recyclables.png,8b72e4217c02f3b136356f181bb7e7848a1657ce219f88662e1bbd83883b96bf,c0fa2f4ac269b901d5af0f1f,33005,fine_visible_geometry
82,F0082,tepi peralatan pada tumpukan,medoid,5c2f358255ebdaa3,1_Electronic/19.urban-waste-landscape-stockcake.jpg,62731d54e993285a1c0d7e604145c6225f9e9eee12e728ca60b05ceffabe8cf5,e51c5346ebdc5979fde3f2d6,23165,fine_visible_geometry
83,F0083,pantulan pada layar monitor,bagian kecil,278a788f5e319ddc,1_Electronic/IMG-20200329-WA0069.jpg,a17294aa60528e61049cae0ef1109f038ceaa54b4ac3206aa0b6a2ef73b3b8b6,0499f442d8d928c3b7090107,38326,fine_visible_geometry
83,F0083,pantulan pada layar monitor,medoid,cdf53809d6cd92f5,1_Electronic/IMG-20200329-WA0071.jpg,30f648cc3ccc595922ec3cf687d56b28b5aa1c50895712c25bbdb060bb32d619,9ab1237ca5daece1e484843d,12071,fine_visible_geometry
83,F0083,pantulan pada layar monitor,variasi posisi,ecdd4d35f1471ae0,1_Electronic/612.jpeg,5add597c1dcb9db97fd26664554130b90de47b485eb2b1138519157d88599999,00e99ac5633157d74f975ccd,21575,fine_visible_geometry
84,F0084,papan sirkuit dalam satu adegan tumpukan,bagian besar,fab2033ee2b8100b,1_Electronic/pcb_108.jpg,6722133ddd0633e80a0219a1ebf3b39a1b2b59ea412ef828db9d90bca2504ad5,fcf3c40ea20c2a8e34cd60c0,24420,fine_visible_geometry
84,F0084,papan sirkuit dalam satu adegan tumpukan,medoid,808656b7cb7541b5,1_Electronic/pcb_47.jpg,13d5dec2db755dcd376e071f887a52c9e4e6762a76e2ec3d2f7c32cb220ccfff,8e52139aee0a1e0dd9601c1e,4631,fine_visible_geometry
85,F0085,tombol papan ketik bercahaya,bagian besar,c2e1d1a8262993a6,1_Electronic/74.recycle-voluntary-program11.jpg,2006137cc4cd920c63f8ca10e8d0951f0af418d133ecc21eacfdf122474040ae,e84348dfd482f72811b38112,7767,fine_visible_geometry
85,F0085,tombol papan ketik bercahaya,medoid,6fcbdd9a4e83001d,1_Electronic/Keyboard_92.jpg,17794310959fe0ae3d9575c3e19b6c5a398a3cc1bb78b9eb4dfe33a6c9f18729,3a3999a8b048c879efac2608,5404,fine_visible_geometry
86,F0086,komponen atau kontrol bundar elektronik,bagian kecil,f31eb930193abb3d,1_Electronic/wiring_problems_xl_banner.jpg,18e67461ba011a669e2443618be44e8bc3fd1357d99d2b82a94eac171e8c44fd,f0f4e6cdf0b9b4379440e912,5950,fine_visible_geometry
86,F0086,komponen atau kontrol bundar elektronik,medoid,4f6ec3bc61ff8691,1_Electronic/pcb_255.jpg,0b3d4f0bac584ee2773015e1a9b5e0c4ef409c39742c4c617a2016ad63d3293e,7f6ecf88f213ec0d94796a4a,2745,fine_visible_geometry
87,F0087,muka jam analog,bagian besar,53ecd3dd39655ac1,1_Electronic/26.depositphotos_326846882-stock-photo-closeup-shot-of-a-broken.jpg,caaa94a78cd63562d1936dda4fe7bdcebf6bf40cbee09543db9818b7b181e0cc,c13a81ac40b492d1d02d9901,47799,fine_visible_geometry
87,F0087,muka jam analog,medoid,0ebc1bde48d57d8d,1_Electronic/45.clock-1495963_1280.jpg,1f78ef592ce27affafb4b412a59ebfd07ded6ef12dce9612896d1eed81a2ed2d,a00c9342fdd6f05d6440d3c3,7507,fine_visible_geometry
88,F0088,permukaan furnitur dan kain,bagian besar,c868d555ba9a5c60,1_Electronic/Television_23.jpg,1f9dc2e9364c482944ee360436ec4a75a8e3bd839f22ed299db72b016fbef60a,533dec772d24788d397e47da,7580,fine_visible_geometry
88,F0088,permukaan furnitur dan kain,medoid,b5fc29cd07150afd,1_Electronic/Television_43.jpg,041467a2fc593ef482f2f2f7220a6abb3f7e55118a28ac767875034de886dd8e,7c5e88d4a9da4c0c39ba7431,996,fine_visible_geometry
89,F0089,permukaan peralatan sangat terang,bagian besar,740445dc1630c572,1_Electronic/Washing_Machine_191.jpg,70034401dcc2b0493505862ea8836b101e77da064cf982305324134da33c26f2,04d8cfbe83f271d001b16217,26507,fine_visible_geometry
89,F0089,permukaan peralatan sangat terang,medoid,bb3f63650beddc1e,1_Electronic/8.globalewaste.jpg,270dad4ee401e1b352643c79b6fe93e9908de7a9ff6373ac99348568fc249025,86a5100a397c8932ae5b498c,9360,fine_visible_geometry
90,F0090,tombol papan ketik bercahaya dekat,bagian besar,dad4f6ce55c5344c,1_Electronic/Keyboard_81.jpg,7d5699f465ba0e467233801edc5bd8c704aafb6bb3c53a30f059967112d47589,6236055a92aa7c35e1a03f86,29808,fine_visible_geometry
90,F0090,tombol papan ketik bercahaya dekat,medoid,d94f53c6d7296892,1_Electronic/Keyboard_290.jpg,29c2e09ec0c0d9445179294073731f0dcebe8719def0e6cdcfaea3619c1d608f,2e1ba4ca4d78ffe50b849339,10358,fine_visible_geometry
91,F0091,isi layar statis atau permainan,bagian kecil,d215449ab0a68446,1_Electronic/11.thats-my-dads-computer-maingear-revives-the-90s-again-with-r_wf85.jpg,62a2b57c346fa46c1cf6dd1fbf0b8d936ab8765fa78e4a386688db55ef9714be,c3c4d61c66f71227ba4b2c87,23262,fine_visible_geometry
91,F0091,isi layar statis atau permainan,medoid,c1f23791c7e4feb3,1_Electronic/5.sddefault.jpg,2a1ead5e608f2b690f5c1b8a76ea55ea2ab81ff5b2ced7e3a7d156cce6412428,2c8aa747aac92559233c3635,10484,fine_visible_geometry
92,F0092,papan dalam tumpukan satu sumber,bagian besar,7f40117646d3155e,1_Electronic/device-recycling.jpg,8ea52e4d8ec5bea509d5a6799d5cad32484101ec77375336ee595f73a7b9ca33,b2cac38e8878e335c860cc2e,33682,fine_visible_geometry
92,F0092,papan dalam tumpukan satu sumber,medoid,a145050d46eaeb7f,1_Electronic/2729458.jpg,2a8cabc3e3fa76056867efa7036f273a125e971c5bc498c4c16185ca115a6129,6aaf53c63becaede515c7537,10605,fine_visible_geometry
93,F0093,isi gambar pada microwave atau layar,bagian kecil,4928c767e863997f,1_Electronic/Microwave_113.jpg,4e1a7d2af4cbec0b120db007b2b9e36076e93fdeb7556c3e8ba755ccc115a2e3,03e35054d38c846f10ca5892,18923,fine_visible_geometry
93,F0093,isi gambar pada microwave atau layar,medoid,73e40bc332e5f7ad,1_Electronic/Microwave_289.jpg,2f9743aa679c367c21fb0385c364bd416a9fb3d0bd1e4b5483a19745840dc77c,61d34dbc2e5e41abf2a61964,11815,fine_visible_geometry
94,F0094,konektor kabel berwarna krem,bagian kecil,f5b25a252a5d441c,1_Electronic/Mouse_157.jpg,412c5d3026c625727f0b225580cf89258e1941c21f53d3c73e3f26bffe0f00d9,2b374f040186b010f3d6da67,15970,fine_visible_geometry
94,F0094,konektor kabel berwarna krem,medoid,b214e80c36aaee12,1_Electronic/Mouse_199.jpg,308318083d9663132a4ec7e8dd53bd1c0544120cc1eeb7249ccf5a93262a185c,cc35eb9399dddca67c81516f,11991,fine_visible_geometry
95,F0095,fragmen kabel dan rakitan dalam tumpukan,bagian kecil,a0d8350b24b9c368,1_Electronic/24.top-view-shot-of-electronic-components-resistors-semiconductors-wires-in-a-junkyard-2D0NGHN.jpg,72bd078cd96d7667bd8e102b2bc1c1886db355dac731e71ae663b7efb21d4477,92405d451d9306e1df8bd84a,27105,fine_visible_geometry
95,F0095,fragmen kabel dan rakitan dalam tumpukan,medoid,477c09f70726032c,1_Electronic/68.01hcyge26wn3gpyy4t0dgvb5ke.jpg,35745cb4a6b6a5df2f103a8a9e8938b83085e806f3adb42535b5d3505f5001fc,f465124a4694aef553828d0f,13122,fine_visible_geometry
96,F0096,tanah di samping perangkat,bagian kecil,eb88f2e99ca1f447,1_Electronic/24.dell-pkg-ocean-plastics_100.jpg,8a0da75a313f0829d7d78b7144f3391e80cd96b8f88e08ba3cb561216f746850,2cc4e11be6835057b14625da,32638,fine_visible_geometry
96,F0096,tanah di samping perangkat,medoid,29566d73294bfa0c,1_Electronic/6.electronics-monitor-screen-discarded-buried-retro-computer-screen-J9DERF.jpg,37ae93bb32f78136c3546f23200b996c2a7f27823a043535282a8aea01cbc5ef,efcf3c294f1336ced0d1d8b6,13639,fine_visible_geometry
97,F0097,sudut papan ketik,bagian besar,0c4ba77b2e9d8edc,1_Electronic/Keyboard_124.jpg,c734e013f4c152e59b0df2526330d615aecba3fad03b14cd80aee788dabb70aa,571ca5de7fc8f3836a13943a,46972,fine_visible_geometry
97,F0097,sudut papan ketik,medoid,817dab67cf79ac0b,1_Electronic/Keyboard_147.jpg,3d1cb309b9b05a26e845d9ec0f8214f7f04546a56d572f7d8a516291ed0df9cd,291183d4b97d934dce607c81,14919,fine_visible_geometry
98,F0098,permukaan lengkung tetikus,bagian besar,3ab94f02197ceb48,1_Electronic/Mouse_231.jpg,3e8f96bf858b156a42ed84a178748f6b854dc9882f31b4a6499547a0501b8f09,0c1eedb19e19fb11038878b5,15151,fine_visible_geometry
98,F0098,permukaan lengkung tetikus,medoid,964eca2ca131c35e,1_Electronic/Mouse_244.jpg,1ab1ea04925023ecc4ee50daa5ed6a8ba7e277f173fd9bbc706ce838d8993ef5,538be0eb3c23e3d58a4260da,6426,fine_visible_geometry
99,F0099,pad dan kontak papan sirkuit,bagian besar,703b334c80be008b,1_Electronic/pcb_203.jpg,c50bd4d39eaaac950cc1d36207ec4b9c388bed6ac938aa9c70777bbd0cd7cb3c,fd15e42ff8ace7e3f0e7750b,46211,fine_visible_geometry
99,F0099,pad dan kontak papan sirkuit,medoid,fe7c0b3f50083df0,1_Electronic/pcb_170.jpg,481c811f7fa9793651889e6db7ba7a28edeaf5820ac441a4c64a0c70da1e7e94,10997875b6fef83b1d999c54,17621,fine_visible_geometry
100,F0100,tepi layar sangat terang,bagian besar,cce514f654d88e8c,1_Electronic/Microwave_271.jpg,7794c5b280b4bf1b9f8b4e53fb9a03e2250c90136d4563be7c97eaa7ae9dd803,c783c136cd1c1c753fc430d2,28054,fine_visible_geometry
100,F0100,tepi layar sangat terang,medoid,79b5fccfdc0a1b1c,1_Electronic/Television_68.jpg,488675a82e09be08e350658de27f0231c0d55913ac1ca0f52bfcb60127cc00c4,94f2a6f78d3f604384b5a029,17717,fine_visible_geometry
101,F0101,tombol bundar tetikus,bagian besar,1beb2c17137290f0,1_Electronic/Mouse_92.jpg,a8d0f43899eb7445e3b8117844457e707d2e7206ae11c44c3f6a2ea1ec4bcd29,0d29e43a737c1e804f0ace21,39939,fine_visible_geometry
101,F0101,tombol bundar tetikus,medoid,a7d2052ac9faf7eb,1_Electronic/Mouse_37.jpg,5577ff0c46fc5125b5e1ca1f22f0d50e1420d764f6d2eca6743c1f588e232515,57c070637710f3e3773a9970,20547,fine_visible_geometry
102,F0102,area cahaya pada layar atau lampu,bagian besar,eebb9c58c3646f1c,1_Electronic/Television_226.jpg,5889249beaffe09f8290cdcdef2db79cccf8de9d91ea34f5b5424f88ff8a7a04,2484770e5b79377742c0115a,21017,fine_visible_geometry
102,F0102,area cahaya pada layar atau lampu,medoid,30224c8008a5caea,1_Electronic/Television_27.jpg,23489e00005dcaaec603ffa46bcc407860b05d0bcbed20c5225ec8859537b58d,4de655420aebd445cb55b711,8455,fine_visible_geometry
103,F0103,perangkat hitam bertumpuk satu sumber,bagian kecil,ce2040b71cbc3701,1_Electronic/8.LCD-Monitor-scrap.jpg,5f3998163e2aa1e21399719d5d8640a8ec036d4365af96887db44d9da6dd29fc,a31692b18f11fa3d3d27ee73,22362,fine_visible_geometry
103,F0103,perangkat hitam bertumpuk satu sumber,medoid,395c662a39569d2f,1_Electronic/2.lcd-monitor-scrap-500x500.jpg,176da99242817eeb45aa658f590854716f38613c77f9284a09dc055a78c31a15,ac6233ba59f8992a93af52ba,5368,fine_visible_geometry
104,F0104,bidang gelap pada kipas dan tumpukan,bagian kecil,bf111758737cb435,1_Electronic/17.055467400-1667392584-1280-856.jpg,675f3643bc3c9cd0d135cd7bd24ee719837db41b5cc0ab40a15a15a43f2a388e,2c82baba62b26a4f24965fb4,24466,fine_visible_geometry
104,F0104,bidang gelap pada kipas dan tumpukan,medoid,20ca910597acbae1,1_Electronic/IMG_20201101_130424.jpg,1bbbc86c9611a36427b9a3839efd98bb81ff87db12633ae347242daa0708c6a9,a93f9417f92d0ee50d823d91,6594,fine_visible_geometry
105,F0105,adegan pasar barang logam,bagian kecil,88a20ca998f2dca1,1_Electronic/10.shutterstock_2462286095.jpg,9f43a84b92e1af3a88178bde3d02bf4f96d92d476e94edc6422f8d4531b22965,ef73506e5d52a7920803c8ac,37790,fine_visible_geometry
105,F0105,adegan pasar barang logam,medoid,7543753f24342da9,1_Electronic/18.pasar-loak-astana-anyar.jpg,6aa172c26b922aa097f554b3187185f9485770cf113823a3fd165330ab228ce0,64df9164a20755174d78d6de,25186,fine_visible_geometry
106,F0106,persegi panjang hitam buram,bagian kecil,bd8a2b8c1bbb7940,1_Electronic/Mobile_39.jpg,d499fda92a297efb903445b1c925b0de84223036a8916540a55f94a6a7b1a2db,da54f76b287e59b9c49c6221,50258,fine_visible_geometry
106,F0106,persegi panjang hitam buram,medoid,12e42b5470f35302,1_Electronic/Mobile_77.jpg,70686b24f5060524429c9e258328da4af80deb4b21a69a5c646d824b12b88cc5,0a00f79c733f65102c4da7de,26602,fine_visible_geometry
107,F0107,perangkat cetak rusak di tanah,bagian besar,bb2ccaa6f91dcfcd,1_Electronic/Printer_51.jpg,c00f02502be07f5b25886c907456a9f4d14147118efebab57a53f8155302a558,cb9cf983ce2590750e22ff1b,45254,fine_visible_geometry
107,F0107,perangkat cetak rusak di tanah,medoid,48573444fd3bda5f,1_Electronic/Printer_50.jpg,864973dd3a6c4974cb24a2628ed7721d62850189931d2da827ca7f7fe648fcda,f039c9ef9d450649cb70908a,31862,fine_visible_geometry
108,F0108,artefak atau gangguan tampilan,bagian kecil,633b5a9b0560311e,1_Electronic/7.vga-laptop-artefak.jpg,8f3584ed64d5b32d100f9a1df05606e65a14dcc0a4aa0c7f57b75e2958f20023,febf519cf677c8ed840c42e6,33823,fine_visible_geometry
108,F0108,artefak atau gangguan tampilan,medoid,214cd5343666fbe7,1_Electronic/Television_7.jpg,63f50d8b263476ae7186560a7c6f0ac87b2eacd3df8ab02b56a0773e212f5832,79bc1765b445ddfe8a0f064b,23494,fine_visible_geometry
109,F0109,isi tayangan pada televisi,bagian kecil,3383f39efc32deaf,1_Electronic/Television_74.jpg,db0e77786e2a50369025dcd6f6fc21fd76a288de4dd817d9f26fa4d57c48e376,ff7a9c0ddac2b4d71d237327,51677,fine_visible_geometry
109,F0109,isi tayangan pada televisi,medoid,d24df2f08a6c000b,1_Electronic/Television_84.jpg,92cf2c7c6a15ae257c92de91a09587af9d037433c09282fa44fc9153cfcd9d95,7b8ede1e011bd391c5d7cac2,34564,fine_visible_geometry
110,F0110,bidang kayu dan sisi perangkat,bagian kecil,9eb38c344b2bfcb3,1_Electronic/WhatsApp Image 2020-11-01 at 1.15.10 PM.jpeg,935e96e65ead8393a5f4ebf3e954e26e5fbcaba9108289b5b2f519f38e9bb8f6,615c244351d7d7f3d04c101a,34677,fine_visible_geometry
110,F0110,bidang kayu dan sisi perangkat,medoid,227d3d39d335d2e7,1_Electronic/Player_175.jpg,8f98a8a6ed35bb14cdc930f084650439daaf50b8b2c240529d4057e4de97868f,f400fe52c24f2d92ce5abba0,33942,fine_visible_geometry
111,F0111,panel samping microwave,bagian kecil,79fc48f5a8d2de70,1_Electronic/Microwave_261.jpg,b12f0c8304c9f0330e1fbfce81652e50eb874d33188c5d9e4d4012a76f97dcb5,ed4f1da13253c6d5ecb1e1a2,42117,fine_visible_geometry
111,F0111,panel samping microwave,medoid,fcfa41b035b94c9d,1_Electronic/Microwave_117.jpg,93ae31b4d0f15d4f82635c2dfad0448a1d8f69c3fc5927272b468ab464970801,b6983f800e6044b904cc845e,34722,fine_visible_geometry
112,F0112,latar dapur di sekitar microwave,bagian besar,7e0842e2794acb74,1_Electronic/Microwave_105.jpg,94fe89f13f71b8a906da09c6090a54d30ed588f8ea6c5f6a8216d369e687bdea,13b82a9b180cc6fa50a75942,35101,fine_visible_geometry
112,F0112,latar dapur di sekitar microwave,medoid,7f5fdceb35e8137f,1_Electronic/Microwave_119.jpg,6cb12e65f64bfa999b5b89ad90e836416a96922d83a43fefd53b0c5c65ddd5eb,6eb5a7f33ae2d1da0bf1f79b,25688,fine_visible_geometry
113,F0113,isi pemandangan pada layar,bagian besar,898ad6baa3cb95df,1_Electronic/Television_158.jpg,bd75d7f470cd056d21f50c2e40653c14cc99936afe8a4fbd9c14ea537bff6a67,f08da3bfd2b1fdfa1b58d474,44738,fine_visible_geometry
113,F0113,isi pemandangan pada layar,medoid,7e8366e9b8695ce3,1_Electronic/Television_176.jpg,95c2ee5785eb6d56c9ed6c97cafe475ce210603822481c6a8d8e5167928ad5ec,cd44c82c63b7eda9d635c7a7,35358,fine_visible_geometry
114,F0114,panel status kecil pada peralatan,bagian kecil,0cf92e67ba51dba5,1_Electronic/Washing_Machine_52.jpg,d39ac69f8c85c3a6ff36c3f9f07a01cfc1e63fba6b84cd58908ce6499fc89f6e,15d9fad7c75efa82ab2e2ec5,49979,fine_visible_geometry
114,F0114,panel status kecil pada peralatan,medoid,2038dd36bea9563b,1_Electronic/Washing_Machine_147.jpg,9bc53127f339287a60f9619eb6022c36b79ed41de1e0e38c922a3b49940ec449,c504359c876c4c38c220e14a,36906,fine_visible_geometry
115,F0115,kemasan chip buram pada papan,bagian besar,3a955eb349095666,1_Electronic/pcb_259.jpg,a3c06006c1c09cb09d73fc33302c52336f201d9fef3c2b428e3ecd012b5b0a6c,237faeb3d3e1ccc3530b2e2e,38806,fine_visible_geometry
115,F0115,kemasan chip buram pada papan,medoid,fa4fef6615bcf27a,1_Electronic/pcb_186.jpg,1ab22c2b43449409daa953e78b8d2d42a850654136ee29d66dcae0cac32fde2c,274bff2bb2dbc42a258aa96a,6442,fine_visible_geometry
116,F0116,pad dan jalur tepi papan,bagian kecil,dea9563cfde67ba3,1_Electronic/pcb_202.jpg,cd0850a35af79279f79cff88ecd843ce94e42181d0ac8ed7afb44abc98c5a3c0,e9a8eda92021e70198bc38de,48341,fine_visible_geometry
116,F0116,pad dan jalur tepi papan,medoid,62547ddbdae23960,1_Electronic/11.High-Purity-Gold-Plated-Scrap-From-Mobile-Phone-Boards-for-Gold-Recovery-Mobile-PCB-Scrap.jpg,abbbd4289076cd7b9e1c1269737d7ac23e863db9952ef7fdd5e3d59400e64f8f,2cc1130cd2ba94c955038860,40606,fine_visible_geometry
117,F0117,slot atau tepi depan laptop,bagian kecil,2a976c8c7fdddc1a,1_Electronic/63.layar-laptop-rusak-papan-ketik-rusak-perlu-diperbaiki_632498-49114.jpg,b1f3f5c95d4f565a5f82f8c90078d473036ffbafc3d0636e192d6d07ab0e143d,ee8101b0f499c96b65f6aff9,42203,fine_visible_geometry
117,F0117,slot atau tepi depan laptop,medoid,921b0c243380c620,1_Electronic/175.jpg,93ba6bb59ed6122d35d423980b8e46fe9b7f5383e1397c7119f3d029906e35f8,654ef3786a40e7a8d6d9253d,34758,fine_visible_geometry
118,F0118,sudut papan sirkuit gelap,bagian kecil,a3798043b23a9473,1_Electronic/pcb_192.jpg,b8befe88c91d853c28d03f470245a4a5a8a4117e0ce243174865a5eba2aafce9,056632f0bfe19a407d1b7fcb,43584,fine_visible_geometry
118,F0118,sudut papan sirkuit gelap,medoid,960fa7317cad4bc4,1_Electronic/pcb_147.jpg,481acef72a2f0a00be2bd2e6407394451ef93fd5bce236a5d3b7aac6bd19b1a1,55cff6474fafe15b54b9f024,17604,fine_visible_geometry
119,F0119,pola uji warna pada layar,bagian kecil,2918aa4dca2f0145,1_Electronic/Television_284.jpg,c06cc08c3c27593525d2c53474194115d9a70b70d0635fbb8e9ec8b4c5a268c6,4c1737deac270961848b32d8,45358,fine_visible_geometry
119,F0119,pola uji warna pada layar,medoid,e60d740a69bc649a,1_Electronic/Television_281.jpg,06bdc415f67d2a18fb8b2a3121000cb40d802c28b37c98dc4c2a410989ad4e2e,fa4fb74b8d1014a028f99bcf,1693,fine_visible_geometry
120,F0120,logo atau tombol atas tetikus,bagian kecil,27fa28b66850fa6c,1_Electronic/Mouse_100.jpg,c735e6e8918cad16c9d9fa800e6e131196c2796b092922bddf780e8930c9e3f0,546805ae30ade2da373997a2,46982,fine_visible_geometry
120,F0120,logo atau tombol atas tetikus,medoid,54b515e104cf1afe,1_Electronic/Mouse_242.jpg,95b7419b91e330f5d705a0f160e397dc5247dbc8e38c613d3f8db16dddde4eef,bd49512ba0b2535a03e6817c,35318,fine_visible_geometry
121,F0121,ponsel di atas meja atau kain,bagian besar,fd1654138ff72d2d,1_Electronic/Mobile_139.jpg,cc99e52a5a7259130f6d04a98ac3851d03997845bf98f4c1244d6561ab48cf91,41a37bd84eec37f76034da18,48255,fine_visible_geometry
121,F0121,ponsel di atas meja atau kain,medoid,b18a811f7d7e1b5c,1_Electronic/590.jpeg,5f1846f5ea82c5e5e4be2a9b44f28f9e417b081ff26d9b5eb15385a8eba0098d,a1482ad31bb18e909a7baf42,22282,fine_visible_geometry
122,F0122,mekanisme internal pencetak,bagian besar,07a3a7081e277ab6,1_Electronic/3.jual-beli-barang-bekas-elektronik-600x400.jpg,d6e36468075592632bd20e2e8f8099e1eb2354583df50595848aa45c7b954f19,e3e23f7755c4cf01ff2a0e73,50789,fine_visible_geometry
122,F0122,mekanisme internal pencetak,medoid,92239d16959ba311,1_Electronic/2.obsolete_electronic_parts_TW.png,ab1d97f9a7c4ae0ea919605f4e16d7e7aefa030b4efd95f8f722ebe0aa479251,53d41cb14925964ac4ed0797,40445,fine_visible_geometry
123,F0123,tepi bawah papan ketik,bagian kecil,ef1536424ff23616,1_Electronic/Keyboard_134.jpg,da496cf09b097f97fe865da8a6d19dd1b8be28773e3b73b99a62dc511c707c8e,6bc9a27225cc4315f0798cb7,51485,fine_visible_geometry
123,F0123,tepi bawah papan ketik,medoid,0c4ba77b2e9d8edc,1_Electronic/Keyboard_124.jpg,c734e013f4c152e59b0df2526330d615aecba3fad03b14cd80aee788dabb70aa,b19435f8b6b0cf9004c1d3e0,46962,fine_visible_geometry
124,F0124,terminal positif baterai silinder,bagian besar,5c87e208e9280bb1,1_Electronic/battery_42.jpg,dbef04a9ad79c1e9215369df775c4678b14d9896d65f3c544636bd32ae175b7f,e6f6106d92366e8fe2b53e8a,51779,fine_visible_geometry
124,F0124,terminal positif baterai silinder,medoid,7668ab21be841aac,1_Electronic/battery_61.jpg,29f2d33eef9b38381cf190ab2ec7e9a847b5712fd50c2a78518ce80d502fe3b0,2735634d19d280d8a58a1abf,10403,fine_visible_geometry
125,F0125,matriks tombol gelap,bagian kecil,d992ebad83f784cf,1_Electronic/Keyboard_129.jpg,ec75fdf86a0c7848eeca200f05eef851b63ea112e9b1a68d7baad88656b9cdab,8613e3b9d2debbb6d9055d0e,55818,fine_visible_geometry
125,F0125,matriks tombol gelap,medoid,1cd5817ea3892e09,1_Electronic/Keyboard_38.jpg,851cdfed56b6318eade5489519ca6c38214698c8a16cf52ec02bfa29d62e8423,8884333e5d6b1f8989e8372b,31642,fine_visible_geometry
126,F0126,bagian dalam microwave dengan objek,bagian besar,066e41e221720498,1_Electronic/Microwave_172.jpg,fdcd4b306342b8145385c7970649d0d73d8165b72b9905237c2286d7ceb17802,86f78916da52272bfcb7ea22,59616,fine_visible_geometry
126,F0126,bagian dalam microwave dengan objek,medoid,76294fa47281d765,1_Electronic/Microwave_61.jpg,747fdc8631aadf5032d381369f2c253a6b3600fcb31b5c172b91b2342a449b44,342a693193f6438344cc468a,27429,fine_visible_geometry
127,F0127,permukaan layar gelap kecil,bagian besar,ef73f7d3d04319fe,1_Electronic/Mobile_231.jpg,dc60a39582f36d987417fab138ae06db2ee18a6f09851fe1381068552cc788b6,7a6d34d92f4928267ba1c9dc,51848,fine_visible_geometry
127,F0127,permukaan layar gelap kecil,medoid,438fed88b583505b,1_Electronic/Mobile_193.jpg,b090f23ccddb14f0d9b113b3f335a9c9e36d4d131acc6e483fb82574777bd1d9,9d523e426e874731c36364ec,41897,fine_visible_geometry
128,F0128,tepi monitor dalam tumpukan,bagian kecil,4de5a9e77bdc11fa,1_Electronic/40.led-and-lcd-tvs-monitor-scrap-for-sale--160.jpg,f8eb6359e717a2717a15710a722aa023438132b93062a9fdcb8f42aeb527ff58,eb2979f819fc245630de006c,58500,fine_visible_geometry
128,F0128,tepi monitor dalam tumpukan,medoid,4bdef06987d80afc,1_Electronic/61.led-lcd-tvs-monitor-scrap-1691226659-7017577.jpeg,e36cf7fed08f36db4a4da8e18797647c4a3f8cfd1c762c0f2f15e7a2dcb6114d,b52e4997b2d8f6a963808ac6,53685,fine_visible_geometry
